[2026-05-24 08:42:16] local.ERROR: PDOException: SQLSTATE[42000]: Syntax error or access violation: 1583 Incorrect parameters in the call to native function 'lower' in C:\xampp\htdocs\apply like facebook\pos6.12\vendor\laravel\framework\src\Illuminate\Database\Connection.php:414
Stack trace:
#0 C:\xampp\htdocs\apply like facebook\pos6.12\vendor\laravel\framework\src\Illuminate\Database\Connection.php(414): PDO->prepare('select count(*)...')
#1 C:\xampp\htdocs\apply like facebook\pos6.12\vendor\laravel\framework\src\Illuminate\Database\Connection.php(753): Illuminate\Database\Connection->Illuminate\Database\{closure}('select count(*)...', Array)
#2 C:\xampp\htdocs\apply like facebook\pos6.12\vendor\laravel\framework\src\Illuminate\Database\Connection.php(720): Illuminate\Database\Connection->runQueryCallback('select count(*)...', Array, Object(Closure))
#3 C:\xampp\htdocs\apply like facebook\pos6.12\vendor\laravel\framework\src\Illuminate\Database\Connection.php(405): Illuminate\Database\Connection->run('select count(*)...', Array, Object(Closure))
#4 C:\xampp\htdocs\apply like facebook\pos6.12\vendor\laravel\framework\src\Illuminate\Database\Query\Builder.php(2705): Illuminate\Database\Connection->select('select count(*)...', Array, true)
#5 C:\xampp\htdocs\apply like facebook\pos6.12\vendor\laravel\framework\src\Illuminate\Database\Query\Builder.php(2694): Illuminate\Database\Query\Builder->runSelect()
#6 C:\xampp\htdocs\apply like facebook\pos6.12\vendor\laravel\framework\src\Illuminate\Database\Query\Builder.php(3230): Illuminate\Database\Query\Builder->Illuminate\Database\Query\{closure}()
#7 C:\xampp\htdocs\apply like facebook\pos6.12\vendor\laravel\framework\src\Illuminate\Database\Query\Builder.php(2693): Illuminate\Database\Query\Builder->onceWithColumns(Array, Object(Closure))
#8 C:\xampp\htdocs\apply like facebook\pos6.12\vendor\laravel\framework\src\Illuminate\Database\Query\Builder.php(3157): Illuminate\Database\Query\Builder->get(Array)
#9 C:\xampp\htdocs\apply like facebook\pos6.12\vendor\laravel\framework\src\Illuminate\Database\Query\Builder.php(3085): Illuminate\Database\Query\Builder->aggregate('count', Array)
#10 C:\xampp\htdocs\apply like facebook\pos6.12\vendor\yajra\laravel-datatables-oracle\src\QueryDataTable.php(215): Illuminate\Database\Query\Builder->count()
#11 C:\xampp\htdocs\apply like facebook\pos6.12\vendor\yajra\laravel-datatables-oracle\src\QueryDataTable.php(200): Yajra\DataTables\QueryDataTable->count()
#12 C:\xampp\htdocs\apply like facebook\pos6.12\vendor\yajra\laravel-datatables-oracle\src\DataTableAbstract.php(705): Yajra\DataTables\QueryDataTable->filteredCount()
#13 C:\xampp\htdocs\apply like facebook\pos6.12\vendor\yajra\laravel-datatables-oracle\src\QueryDataTable.php(142): Yajra\DataTables\DataTableAbstract->filterRecords()
#14 C:\xampp\htdocs\apply like facebook\pos6.12\vendor\yajra\laravel-datatables-oracle\src\QueryDataTable.php(99): Yajra\DataTables\QueryDataTable->prepareQuery()
#15 C:\xampp\htdocs\apply like facebook\pos6.12\Modules\LoanManagement\Http\Controllers\LoanInstallmentListController.php(591): Yajra\DataTables\QueryDataTable->make(true)
#16 C:\xampp\htdocs\apply like facebook\pos6.12\vendor\laravel\framework\src\Illuminate\Routing\Controller.php(54): Modules\LoanManagement\Http\Controllers\LoanInstallmentListController->data(Object(Illuminate\Http\Request))
#17 C:\xampp\htdocs\apply like facebook\pos6.12\vendor\laravel\framework\src\Illuminate\Routing\ControllerDispatcher.php(43): Illuminate\Routing\Controller->callAction('data', Array)
#18 C:\xampp\htdocs\apply like facebook\pos6.12\vendor\laravel\framework\src\Illuminate\Routing\Route.php(259): Illuminate\Routing\ControllerDispatcher->dispatch(Object(Illuminate\Routing\Route), Object(Modules\LoanManagement\Http\Controllers\LoanInstallmentListController), 'data')
#19 C:\xampp\htdocs\apply like facebook\pos6.12\vendor\laravel\framework\src\Illuminate\Routing\Route.php(205): Illuminate\Routing\Route->runController()
#20 C:\xampp\htdocs\apply like facebook\pos6.12\vendor\laravel\framework\src\Illuminate\Routing\Router.php(798): Illuminate\Routing\Route->run()
#21 C:\xampp\htdocs\apply like facebook\pos6.12\vendor\laravel\framework\src\Illuminate\Pipeline\Pipeline.php(141): Illuminate\Routing\Router->Illuminate\Routing\{closure}(Object(Illuminate\Http\Request))
#22 C:\xampp\htdocs\apply like facebook\pos6.12\vendor\laravel\framework\src\Illuminate\Auth\Middleware\Authorize.php(45): Illuminate\Pipeline\Pipeline->Illuminate\Pipeline\{closure}(Object(Illuminate\Http\Request))
#23 C:\xampp\htdocs\apply like facebook\pos6.12\vendor\laravel\framework\src\Illuminate\Pipeline\Pipeline.php(180): Illuminate\Auth\Middleware\Authorize->handle(Object(Illuminate\Http\Request), Object(Closure), 'loan_management...')
#24 C:\xampp\htdocs\apply like facebook\pos6.12\app\Http\Middleware\CheckUserLogin.php(22): Illuminate\Pipeline\Pipeline->Illuminate\Pipeline\{closure}(Object(Illuminate\Http\Request))
#25 C:\xampp\htdocs\apply like facebook\pos6.12\vendor\laravel\framework\src\Illuminate\Pipeline\Pipeline.php(180): App\Http\Middleware\CheckUserLogin->handle(Object(Illuminate\Http\Request), Object(Closure))
#26 C:\xampp\htdocs\apply like facebook\pos6.12\app\Http\Middleware\AdminSidebarMenu.php(22): Illuminate\Pipeline\Pipeline->Illuminate\Pipeline\{closure}(Object(Illuminate\Http\Request))
#27 C:\xampp\htdocs\apply like facebook\pos6.12\vendor\laravel\framework\src\Illuminate\Pipeline\Pipeline.php(180): App\Http\Middleware\AdminSidebarMenu->handle(Object(Illuminate\Http\Request), Object(Closure))
#28 C:\xampp\htdocs\apply like facebook\pos6.12\app\Http\Middleware\Timezone.php(30): Illuminate\Pipeline\Pipeline->Illuminate\Pipeline\{closure}(Object(Illuminate\Http\Request))
#29 C:\xampp\htdocs\apply like facebook\pos6.12\vendor\laravel\framework\src\Illuminate\Pipeline\Pipeline.php(180): App\Http\Middleware\Timezone->handle(Object(Illuminate\Http\Request), Object(Closure))
#30 C:\xampp\htdocs\apply like facebook\pos6.12\app\Http\Middleware\Language.php(25): Illuminate\Pipeline\Pipeline->Illuminate\Pipeline\{closure}(Object(Illuminate\Http\Request))
#31 C:\xampp\htdocs\apply like facebook\pos6.12\vendor\laravel\framework\src\Illuminate\Pipeline\Pipeline.php(180): App\Http\Middleware\Language->handle(Object(Illuminate\Http\Request), Object(Closure))
#32 C:\xampp\htdocs\apply like facebook\pos6.12\app\Http\Middleware\SetSessionData.php(52): Illuminate\Pipeline\Pipeline->Illuminate\Pipeline\{closure}(Object(Illuminate\Http\Request))
#33 C:\xampp\htdocs\apply like facebook\pos6.12\vendor\laravel\framework\src\Illuminate\Pipeline\Pipeline.php(180): App\Http\Middleware\SetSessionData->handle(Object(Illuminate\Http\Request), Object(Closure))
#34 C:\xampp\htdocs\apply like facebook\pos6.12\vendor\barryvdh\laravel-debugbar\src\Middleware\InjectDebugbar.php(59): Illuminate\Pipeline\Pipeline->Illuminate\Pipeline\{closure}(Object(Illuminate\Http\Request))
#35 C:\xampp\htdocs\apply like facebook\pos6.12\vendor\laravel\framework\src\Illuminate\Pipeline\Pipeline.php(180): Barryvdh\Debugbar\Middleware\InjectDebugbar->handle(Object(Illuminate\Http\Request), Object(Closure))
#36 C:\xampp\htdocs\apply like facebook\pos6.12\vendor\laravel\framework\src\Illuminate\Routing\Middleware\SubstituteBindings.php(50): Illuminate\Pipeline\Pipeline->Illuminate\Pipeline\{closure}(Object(Illuminate\Http\Request))
#37 C:\xampp\htdocs\apply like facebook\pos6.12\vendor\laravel\framework\src\Illuminate\Pipeline\Pipeline.php(180): Illuminate\Routing\Middleware\SubstituteBindings->handle(Object(Illuminate\Http\Request), Object(Closure))
#38 C:\xampp\htdocs\apply like facebook\pos6.12\vendor\laravel\framework\src\Illuminate\Auth\Middleware\Authenticate.php(44): Illuminate\Pipeline\Pipeline->Illuminate\Pipeline\{closure}(Object(Illuminate\Http\Request))
#39 C:\xampp\htdocs\apply like facebook\pos6.12\vendor\laravel\framework\src\Illuminate\Pipeline\Pipeline.php(180): Illuminate\Auth\Middleware\Authenticate->handle(Object(Illuminate\Http\Request), Object(Closure))
#40 C:\xampp\htdocs\apply like facebook\pos6.12\vendor\laravel\framework\src\Illuminate\Foundation\Http\Middleware\VerifyCsrfToken.php(78): Illuminate\Pipeline\Pipeline->Illuminate\Pipeline\{closure}(Object(Illuminate\Http\Request))
#41 C:\xampp\htdocs\apply like facebook\pos6.12\vendor\laravel\framework\src\Illuminate\Pipeline\Pipeline.php(180): Illuminate\Foundation\Http\Middleware\VerifyCsrfToken->handle(Object(Illuminate\Http\Request), Object(Closure))
#42 C:\xampp\htdocs\apply like facebook\pos6.12\vendor\laravel\framework\src\Illuminate\View\Middleware\ShareErrorsFromSession.php(49): Illuminate\Pipeline\Pipeline->Illuminate\Pipeline\{closure}(Object(Illuminate\Http\Request))
#43 C:\xampp\htdocs\apply like facebook\pos6.12\vendor\laravel\framework\src\Illuminate\Pipeline\Pipeline.php(180): Illuminate\View\Middleware\ShareErrorsFromSession->handle(Object(Illuminate\Http\Request), Object(Closure))
#44 C:\xampp\htdocs\apply like facebook\pos6.12\vendor\laravel\framework\src\Illuminate\Session\Middleware\StartSession.php(121): Illuminate\Pipeline\Pipeline->Illuminate\Pipeline\{closure}(Object(Illuminate\Http\Request))
#45 C:\xampp\htdocs\apply like facebook\pos6.12\vendor\laravel\framework\src\Illuminate\Session\Middleware\StartSession.php(64): Illuminate\Session\Middleware\StartSession->handleStatefulRequest(Object(Illuminate\Http\Request), Object(Illuminate\Session\Store), Object(Closure))
#46 C:\xampp\htdocs\apply like facebook\pos6.12\vendor\laravel\framework\src\Illuminate\Pipeline\Pipeline.php(180): Illuminate\Session\Middleware\StartSession->handle(Object(Illuminate\Http\Request), Object(Closure))
#47 C:\xampp\htdocs\apply like facebook\pos6.12\vendor\laravel\framework\src\Illuminate\Cookie\Middleware\AddQueuedCookiesToResponse.php(37): Illuminate\Pipeline\Pipeline->Illuminate\Pipeline\{closure}(Object(Illuminate\Http\Request))
#48 C:\xampp\htdocs\apply like facebook\pos6.12\vendor\laravel\framework\src\Illuminate\Pipeline\Pipeline.php(180): Illuminate\Cookie\Middleware\AddQueuedCookiesToResponse->handle(Object(Illuminate\Http\Request), Object(Closure))
#49 C:\xampp\htdocs\apply like facebook\pos6.12\vendor\laravel\framework\src\Illuminate\Cookie\Middleware\EncryptCookies.php(67): Illuminate\Pipeline\Pipeline->Illuminate\Pipeline\{closure}(Object(Illuminate\Http\Request))
#50 C:\xampp\htdocs\apply like facebook\pos6.12\vendor\laravel\framework\src\Illuminate\Pipeline\Pipeline.php(180): Illuminate\Cookie\Middleware\EncryptCookies->handle(Object(Illuminate\Http\Request), Object(Closure))
#51 C:\xampp\htdocs\apply like facebook\pos6.12\vendor\laravel\framework\src\Illuminate\Pipeline\Pipeline.php(116): Illuminate\Pipeline\Pipeline->Illuminate\Pipeline\{closure}(Object(Illuminate\Http\Request))
#52 C:\xampp\htdocs\apply like facebook\pos6.12\vendor\laravel\framework\src\Illuminate\Routing\Router.php(797): Illuminate\Pipeline\Pipeline->then(Object(Closure))
#53 C:\xampp\htdocs\apply like facebook\pos6.12\vendor\laravel\framework\src\Illuminate\Routing\Router.php(776): Illuminate\Routing\Router->runRouteWithinStack(Object(Illuminate\Routing\Route), Object(Illuminate\Http\Request))
#54 C:\xampp\htdocs\apply like facebook\pos6.12\vendor\laravel\framework\src\Illuminate\Routing\Router.php(740): Illuminate\Routing\Router->runRoute(Object(Illuminate\Http\Request), Object(Illuminate\Routing\Route))
#55 C:\xampp\htdocs\apply like facebook\pos6.12\vendor\laravel\framework\src\Illuminate\Routing\Router.php(729): Illuminate\Routing\Router->dispatchToRoute(Object(Illuminate\Http\Request))
#56 C:\xampp\htdocs\apply like facebook\pos6.12\vendor\laravel\framework\src\Illuminate\Foundation\Http\Kernel.php(190): Illuminate\Routing\Router->dispatch(Object(Illuminate\Http\Request))
#57 C:\xampp\htdocs\apply like facebook\pos6.12\vendor\laravel\framework\src\Illuminate\Pipeline\Pipeline.php(141): Illuminate\Foundation\Http\Kernel->Illuminate\Foundation\Http\{closure}(Object(Illuminate\Http\Request))
#58 C:\xampp\htdocs\apply like facebook\pos6.12\vendor\barryvdh\laravel-debugbar\src\Middleware\InjectDebugbar.php(59): Illuminate\Pipeline\Pipeline->Illuminate\Pipeline\{closure}(Object(Illuminate\Http\Request))
#59 C:\xampp\htdocs\apply like facebook\pos6.12\vendor\laravel\framework\src\Illuminate\Pipeline\Pipeline.php(180): Barryvdh\Debugbar\Middleware\InjectDebugbar->handle(Object(Illuminate\Http\Request), Object(Closure))
#60 C:\xampp\htdocs\apply like facebook\pos6.12\vendor\laravel\framework\src\Illuminate\Foundation\Http\Middleware\TransformsRequest.php(21): Illuminate\Pipeline\Pipeline->Illuminate\Pipeline\{closure}(Object(Illuminate\Http\Request))
#61 C:\xampp\htdocs\apply like facebook\pos6.12\vendor\laravel\framework\src\Illuminate\Foundation\Http\Middleware\ConvertEmptyStringsToNull.php(31): Illuminate\Foundation\Http\Middleware\TransformsRequest->handle(Object(Illuminate\Http\Request), Object(Closure))
#62 C:\xampp\htdocs\apply like facebook\pos6.12\vendor\laravel\framework\src\Illuminate\Pipeline\Pipeline.php(180): Illuminate\Foundation\Http\Middleware\ConvertEmptyStringsToNull->handle(Object(Illuminate\Http\Request), Object(Closure))
#63 C:\xampp\htdocs\apply like facebook\pos6.12\vendor\laravel\framework\src\Illuminate\Foundation\Http\Middleware\TransformsRequest.php(21): Illuminate\Pipeline\Pipeline->Illuminate\Pipeline\{closure}(Object(Illuminate\Http\Request))
#64 C:\xampp\htdocs\apply like facebook\pos6.12\vendor\laravel\framework\src\Illuminate\Foundation\Http\Middleware\TrimStrings.php(40): Illuminate\Foundation\Http\Middleware\TransformsRequest->handle(Object(Illuminate\Http\Request), Object(Closure))
#65 C:\xampp\htdocs\apply like facebook\pos6.12\vendor\laravel\framework\src\Illuminate\Pipeline\Pipeline.php(180): Illuminate\Foundation\Http\Middleware\TrimStrings->handle(Object(Illuminate\Http\Request), Object(Closure))
#66 C:\xampp\htdocs\apply like facebook\pos6.12\vendor\laravel\framework\src\Illuminate\Foundation\Http\Middleware\ValidatePostSize.php(27): Illuminate\Pipeline\Pipeline->Illuminate\Pipeline\{closure}(Object(Illuminate\Http\Request))
#67 C:\xampp\htdocs\apply like facebook\pos6.12\vendor\laravel\framework\src\Illuminate\Pipeline\Pipeline.php(180): Illuminate\Foundation\Http\Middleware\ValidatePostSize->handle(Object(Illuminate\Http\Request), Object(Closure))
#68 C:\xampp\htdocs\apply like facebook\pos6.12\vendor\laravel\framework\src\Illuminate\Foundation\Http\Middleware\PreventRequestsDuringMaintenance.php(86): Illuminate\Pipeline\Pipeline->Illuminate\Pipeline\{closure}(Object(Illuminate\Http\Request))
#69 C:\xampp\htdocs\apply like facebook\pos6.12\vendor\laravel\framework\src\Illuminate\Pipeline\Pipeline.php(180): Illuminate\Foundation\Http\Middleware\PreventRequestsDuringMaintenance->handle(Object(Illuminate\Http\Request), Object(Closure))
#70 C:\xampp\htdocs\apply like facebook\pos6.12\vendor\laravel\framework\src\Illuminate\Http\Middleware\HandleCors.php(49): Illuminate\Pipeline\Pipeline->Illuminate\Pipeline\{closure}(Object(Illuminate\Http\Request))
#71 C:\xampp\htdocs\apply like facebook\pos6.12\vendor\laravel\framework\src\Illuminate\Pipeline\Pipeline.php(180): Illuminate\Http\Middleware\HandleCors->handle(Object(Illuminate\Http\Request), Object(Closure))
#72 C:\xampp\htdocs\apply like facebook\pos6.12\vendor\laravel\framework\src\Illuminate\Http\Middleware\TrustProxies.php(39): Illuminate\Pipeline\Pipeline->Illuminate\Pipeline\{closure}(Object(Illuminate\Http\Request))
#73 C:\xampp\htdocs\apply like facebook\pos6.12\vendor\laravel\framework\src\Illuminate\Pipeline\Pipeline.php(180): Illuminate\Http\Middleware\TrustProxies->handle(Object(Illuminate\Http\Request), Object(Closure))
#74 C:\xampp\htdocs\apply like facebook\pos6.12\vendor\laravel\framework\src\Illuminate\Pipeline\Pipeline.php(116): Illuminate\Pipeline\Pipeline->Illuminate\Pipeline\{closure}(Object(Illuminate\Http\Request))
#75 C:\xampp\htdocs\apply like facebook\pos6.12\vendor\laravel\framework\src\Illuminate\Foundation\Http\Kernel.php(165): Illuminate\Pipeline\Pipeline->then(Object(Closure))
#76 C:\xampp\htdocs\apply like facebook\pos6.12\vendor\laravel\framework\src\Illuminate\Foundation\Http\Kernel.php(134): Illuminate\Foundation\Http\Kernel->sendRequestThroughRouter(Object(Illuminate\Http\Request))
#77 C:\xampp\htdocs\apply like facebook\pos6.12\public\index.php(56): Illuminate\Foundation\Http\Kernel->handle(Object(Illuminate\Http\Request))
#78 C:\xampp\htdocs\apply like facebook\pos6.12\vendor\laravel\framework\src\Illuminate\Foundation\resources\server.php(16): require_once('C:\\xampp\\htdocs...')
#79 {main}

Next Illuminate\Database\QueryException: SQLSTATE[42000]: Syntax error or access violation: 1583 Incorrect parameters in the call to native function 'lower' (SQL: select count(*) as aggregate from `loans` as `l` where (LOWER(`loans` as `l.loan_number`) LIKE %-008036% or LOWER(`loans` as `l.loan_date`) LIKE %-008036% or LOWER(`loans` as `l.source_invoice_no`) LIKE %-008036% or LOWER(`loans` as `l.customer_name_snapshot`) LIKE %-008036% or LOWER(`loans` as `l.customer_phone_snapshot`) LIKE %-008036% or LOWER(`loans` as `l.location_name_snapshot`) LIKE %-008036% or LOWER(`loans` as `l.collector_name_snapshot`) LIKE %-008036% or LOWER(`loans` as `l.principal_amount`) LIKE %-008036% or LOWER(`loans` as `l.paid_amount`) LIKE %-008036% or LOWER(`loans` as `l.balance_amount`) LIKE %-008036% or LOWER(`loans` as `l.status`) LIKE %-008036% or LOWER(`loans` as `l.currency`) LIKE %-008036%)) in C:\xampp\htdocs\apply like facebook\pos6.12\vendor\laravel\framework\src\Illuminate\Database\Connection.php:760
Stack trace:
#0 C:\xampp\htdocs\apply like facebook\pos6.12\vendor\laravel\framework\src\Illuminate\Database\Connection.php(720): Illuminate\Database\Connection->runQueryCallback('select count(*)...', Array, Object(Closure))
#1 C:\xampp\htdocs\apply like facebook\pos6.12\vendor\laravel\framework\src\Illuminate\Database\Connection.php(405): Illuminate\Database\Connection->run('select count(*)...', Array, Object(Closure))
#2 C:\xampp\htdocs\apply like facebook\pos6.12\vendor\laravel\framework\src\Illuminate\Database\Query\Builder.php(2705): Illuminate\Database\Connection->select('select count(*)...', Array, true)
#3 C:\xampp\htdocs\apply like facebook\pos6.12\vendor\laravel\framework\src\Illuminate\Database\Query\Builder.php(2694): Illuminate\Database\Query\Builder->runSelect()
#4 C:\xampp\htdocs\apply like facebook\pos6.12\vendor\laravel\framework\src\Illuminate\Database\Query\Builder.php(3230): Illuminate\Database\Query\Builder->Illuminate\Database\Query\{closure}()
#5 C:\xampp\htdocs\apply like facebook\pos6.12\vendor\laravel\framework\src\Illuminate\Database\Query\Builder.php(2693): Illuminate\Database\Query\Builder->onceWithColumns(Array, Object(Closure))
#6 C:\xampp\htdocs\apply like facebook\pos6.12\vendor\laravel\framework\src\Illuminate\Database\Query\Builder.php(3157): Illuminate\Database\Query\Builder->get(Array)
#7 C:\xampp\htdocs\apply like facebook\pos6.12\vendor\laravel\framework\src\Illuminate\Database\Query\Builder.php(3085): Illuminate\Database\Query\Builder->aggregate('count', Array)
#8 C:\xampp\htdocs\apply like facebook\pos6.12\vendor\yajra\laravel-datatables-oracle\src\QueryDataTable.php(215): Illuminate\Database\Query\Builder->count()
#9 C:\xampp\htdocs\apply like facebook\pos6.12\vendor\yajra\laravel-datatables-oracle\src\QueryDataTable.php(200): Yajra\DataTables\QueryDataTable->count()
#10 C:\xampp\htdocs\apply like facebook\pos6.12\vendor\yajra\laravel-datatables-oracle\src\DataTableAbstract.php(705): Yajra\DataTables\QueryDataTable->filteredCount()
#11 C:\xampp\htdocs\apply like facebook\pos6.12\vendor\yajra\laravel-datatables-oracle\src\QueryDataTable.php(142): Yajra\DataTables\DataTableAbstract->filterRecords()
#12 C:\xampp\htdocs\apply like facebook\pos6.12\vendor\yajra\laravel-datatables-oracle\src\QueryDataTable.php(99): Yajra\DataTables\QueryDataTable->prepareQuery()
#13 C:\xampp\htdocs\apply like facebook\pos6.12\Modules\LoanManagement\Http\Controllers\LoanInstallmentListController.php(591): Yajra\DataTables\QueryDataTable->make(true)
#14 C:\xampp\htdocs\apply like facebook\pos6.12\vendor\laravel\framework\src\Illuminate\Routing\Controller.php(54): Modules\LoanManagement\Http\Controllers\LoanInstallmentListController->data(Object(Illuminate\Http\Request))
#15 C:\xampp\htdocs\apply like facebook\pos6.12\vendor\laravel\framework\src\Illuminate\Routing\ControllerDispatcher.php(43): Illuminate\Routing\Controller->callAction('data', Array)
#16 C:\xampp\htdocs\apply like facebook\pos6.12\vendor\laravel\framework\src\Illuminate\Routing\Route.php(259): Illuminate\Routing\ControllerDispatcher->dispatch(Object(Illuminate\Routing\Route), Object(Modules\LoanManagement\Http\Controllers\LoanInstallmentListController), 'data')
#17 C:\xampp\htdocs\apply like facebook\pos6.12\vendor\laravel\framework\src\Illuminate\Routing\Route.php(205): Illuminate\Routing\Route->runController()
#18 C:\xampp\htdocs\apply like facebook\pos6.12\vendor\laravel\framework\src\Illuminate\Routing\Router.php(798): Illuminate\Routing\Route->run()
#19 C:\xampp\htdocs\apply like facebook\pos6.12\vendor\laravel\framework\src\Illuminate\Pipeline\Pipeline.php(141): Illuminate\Routing\Router->Illuminate\Routing\{closure}(Object(Illuminate\Http\Request))
#20 C:\xampp\htdocs\apply like facebook\pos6.12\vendor\laravel\framework\src\Illuminate\Auth\Middleware\Authorize.php(45): Illuminate\Pipeline\Pipeline->Illuminate\Pipeline\{closure}(Object(Illuminate\Http\Request))
#21 C:\xampp\htdocs\apply like facebook\pos6.12\vendor\laravel\framework\src\Illuminate\Pipeline\Pipeline.php(180): Illuminate\Auth\Middleware\Authorize->handle(Object(Illuminate\Http\Request), Object(Closure), 'loan_management...')
#22 C:\xampp\htdocs\apply like facebook\pos6.12\app\Http\Middleware\CheckUserLogin.php(22): Illuminate\Pipeline\Pipeline->Illuminate\Pipeline\{closure}(Object(Illuminate\Http\Request))
#23 C:\xampp\htdocs\apply like facebook\pos6.12\vendor\laravel\framework\src\Illuminate\Pipeline\Pipeline.php(180): App\Http\Middleware\CheckUserLogin->handle(Object(Illuminate\Http\Request), Object(Closure))
#24 C:\xampp\htdocs\apply like facebook\pos6.12\app\Http\Middleware\AdminSidebarMenu.php(22): Illuminate\Pipeline\Pipeline->Illuminate\Pipeline\{closure}(Object(Illuminate\Http\Request))
#25 C:\xampp\htdocs\apply like facebook\pos6.12\vendor\laravel\framework\src\Illuminate\Pipeline\Pipeline.php(180): App\Http\Middleware\AdminSidebarMenu->handle(Object(Illuminate\Http\Request), Object(Closure))
#26 C:\xampp\htdocs\apply like facebook\pos6.12\app\Http\Middleware\Timezone.php(30): Illuminate\Pipeline\Pipeline->Illuminate\Pipeline\{closure}(Object(Illuminate\Http\Request))
#27 C:\xampp\htdocs\apply like facebook\pos6.12\vendor\laravel\framework\src\Illuminate\Pipeline\Pipeline.php(180): App\Http\Middleware\Timezone->handle(Object(Illuminate\Http\Request), Object(Closure))
#28 C:\xampp\htdocs\apply like facebook\pos6.12\app\Http\Middleware\Language.php(25): Illuminate\Pipeline\Pipeline->Illuminate\Pipeline\{closure}(Object(Illuminate\Http\Request))
#29 C:\xampp\htdocs\apply like facebook\pos6.12\vendor\laravel\framework\src\Illuminate\Pipeline\Pipeline.php(180): App\Http\Middleware\Language->handle(Object(Illuminate\Http\Request), Object(Closure))
#30 C:\xampp\htdocs\apply like facebook\pos6.12\app\Http\Middleware\SetSessionData.php(52): Illuminate\Pipeline\Pipeline->Illuminate\Pipeline\{closure}(Object(Illuminate\Http\Request))
#31 C:\xampp\htdocs\apply like facebook\pos6.12\vendor\laravel\framework\src\Illuminate\Pipeline\Pipeline.php(180): App\Http\Middleware\SetSessionData->handle(Object(Illuminate\Http\Request), Object(Closure))
#32 C:\xampp\htdocs\apply like facebook\pos6.12\vendor\barryvdh\laravel-debugbar\src\Middleware\InjectDebugbar.php(59): Illuminate\Pipeline\Pipeline->Illuminate\Pipeline\{closure}(Object(Illuminate\Http\Request))
#33 C:\xampp\htdocs\apply like facebook\pos6.12\vendor\laravel\framework\src\Illuminate\Pipeline\Pipeline.php(180): Barryvdh\Debugbar\Middleware\InjectDebugbar->handle(Object(Illuminate\Http\Request), Object(Closure))
#34 C:\xampp\htdocs\apply like facebook\pos6.12\vendor\laravel\framework\src\Illuminate\Routing\Middleware\SubstituteBindings.php(50): Illuminate\Pipeline\Pipeline->Illuminate\Pipeline\{closure}(Object(Illuminate\Http\Request))
#35 C:\xampp\htdocs\apply like facebook\pos6.12\vendor\laravel\framework\src\Illuminate\Pipeline\Pipeline.php(180): Illuminate\Routing\Middleware\SubstituteBindings->handle(Object(Illuminate\Http\Request), Object(Closure))
#36 C:\xampp\htdocs\apply like facebook\pos6.12\vendor\laravel\framework\src\Illuminate\Auth\Middleware\Authenticate.php(44): Illuminate\Pipeline\Pipeline->Illuminate\Pipeline\{closure}(Object(Illuminate\Http\Request))
#37 C:\xampp\htdocs\apply like facebook\pos6.12\vendor\laravel\framework\src\Illuminate\Pipeline\Pipeline.php(180): Illuminate\Auth\Middleware\Authenticate->handle(Object(Illuminate\Http\Request), Object(Closure))
#38 C:\xampp\htdocs\apply like facebook\pos6.12\vendor\laravel\framework\src\Illuminate\Foundation\Http\Middleware\VerifyCsrfToken.php(78): Illuminate\Pipeline\Pipeline->Illuminate\Pipeline\{closure}(Object(Illuminate\Http\Request))
#39 C:\xampp\htdocs\apply like facebook\pos6.12\vendor\laravel\framework\src\Illuminate\Pipeline\Pipeline.php(180): Illuminate\Foundation\Http\Middleware\VerifyCsrfToken->handle(Object(Illuminate\Http\Request), Object(Closure))
#40 C:\xampp\htdocs\apply like facebook\pos6.12\vendor\laravel\framework\src\Illuminate\View\Middleware\ShareErrorsFromSession.php(49): Illuminate\Pipeline\Pipeline->Illuminate\Pipeline\{closure}(Object(Illuminate\Http\Request))
#41 C:\xampp\htdocs\apply like facebook\pos6.12\vendor\laravel\framework\src\Illuminate\Pipeline\Pipeline.php(180): Illuminate\View\Middleware\ShareErrorsFromSession->handle(Object(Illuminate\Http\Request), Object(Closure))
#42 C:\xampp\htdocs\apply like facebook\pos6.12\vendor\laravel\framework\src\Illuminate\Session\Middleware\StartSession.php(121): Illuminate\Pipeline\Pipeline->Illuminate\Pipeline\{closure}(Object(Illuminate\Http\Request))
#43 C:\xampp\htdocs\apply like facebook\pos6.12\vendor\laravel\framework\src\Illuminate\Session\Middleware\StartSession.php(64): Illuminate\Session\Middleware\StartSession->handleStatefulRequest(Object(Illuminate\Http\Request), Object(Illuminate\Session\Store), Object(Closure))
#44 C:\xampp\htdocs\apply like facebook\pos6.12\vendor\laravel\framework\src\Illuminate\Pipeline\Pipeline.php(180): Illuminate\Session\Middleware\StartSession->handle(Object(Illuminate\Http\Request), Object(Closure))
#45 C:\xampp\htdocs\apply like facebook\pos6.12\vendor\laravel\framework\src\Illuminate\Cookie\Middleware\AddQueuedCookiesToResponse.php(37): Illuminate\Pipeline\Pipeline->Illuminate\Pipeline\{closure}(Object(Illuminate\Http\Request))
#46 C:\xampp\htdocs\apply like facebook\pos6.12\vendor\laravel\framework\src\Illuminate\Pipeline\Pipeline.php(180): Illuminate\Cookie\Middleware\AddQueuedCookiesToResponse->handle(Object(Illuminate\Http\Request), Object(Closure))
#47 C:\xampp\htdocs\apply like facebook\pos6.12\vendor\laravel\framework\src\Illuminate\Cookie\Middleware\EncryptCookies.php(67): Illuminate\Pipeline\Pipeline->Illuminate\Pipeline\{closure}(Object(Illuminate\Http\Request))
#48 C:\xampp\htdocs\apply like facebook\pos6.12\vendor\laravel\framework\src\Illuminate\Pipeline\Pipeline.php(180): Illuminate\Cookie\Middleware\EncryptCookies->handle(Object(Illuminate\Http\Request), Object(Closure))
#49 C:\xampp\htdocs\apply like facebook\pos6.12\vendor\laravel\framework\src\Illuminate\Pipeline\Pipeline.php(116): Illuminate\Pipeline\Pipeline->Illuminate\Pipeline\{closure}(Object(Illuminate\Http\Request))
#50 C:\xampp\htdocs\apply like facebook\pos6.12\vendor\laravel\framework\src\Illuminate\Routing\Router.php(797): Illuminate\Pipeline\Pipeline->then(Object(Closure))
#51 C:\xampp\htdocs\apply like facebook\pos6.12\vendor\laravel\framework\src\Illuminate\Routing\Router.php(776): Illuminate\Routing\Router->runRouteWithinStack(Object(Illuminate\Routing\Route), Object(Illuminate\Http\Request))
#52 C:\xampp\htdocs\apply like facebook\pos6.12\vendor\laravel\framework\src\Illuminate\Routing\Router.php(740): Illuminate\Routing\Router->runRoute(Object(Illuminate\Http\Request), Object(Illuminate\Routing\Route))
#53 C:\xampp\htdocs\apply like facebook\pos6.12\vendor\laravel\framework\src\Illuminate\Routing\Router.php(729): Illuminate\Routing\Router->dispatchToRoute(Object(Illuminate\Http\Request))
#54 C:\xampp\htdocs\apply like facebook\pos6.12\vendor\laravel\framework\src\Illuminate\Foundation\Http\Kernel.php(190): Illuminate\Routing\Router->dispatch(Object(Illuminate\Http\Request))
#55 C:\xampp\htdocs\apply like facebook\pos6.12\vendor\laravel\framework\src\Illuminate\Pipeline\Pipeline.php(141): Illuminate\Foundation\Http\Kernel->Illuminate\Foundation\Http\{closure}(Object(Illuminate\Http\Request))
#56 C:\xampp\htdocs\apply like facebook\pos6.12\vendor\barryvdh\laravel-debugbar\src\Middleware\InjectDebugbar.php(59): Illuminate\Pipeline\Pipeline->Illuminate\Pipeline\{closure}(Object(Illuminate\Http\Request))
#57 C:\xampp\htdocs\apply like facebook\pos6.12\vendor\laravel\framework\src\Illuminate\Pipeline\Pipeline.php(180): Barryvdh\Debugbar\Middleware\InjectDebugbar->handle(Object(Illuminate\Http\Request), Object(Closure))
#58 C:\xampp\htdocs\apply like facebook\pos6.12\vendor\laravel\framework\src\Illuminate\Foundation\Http\Middleware\TransformsRequest.php(21): Illuminate\Pipeline\Pipeline->Illuminate\Pipeline\{closure}(Object(Illuminate\Http\Request))
#59 C:\xampp\htdocs\apply like facebook\pos6.12\vendor\laravel\framework\src\Illuminate\Foundation\Http\Middleware\ConvertEmptyStringsToNull.php(31): Illuminate\Foundation\Http\Middleware\TransformsRequest->handle(Object(Illuminate\Http\Request), Object(Closure))
#60 C:\xampp\htdocs\apply like facebook\pos6.12\vendor\laravel\framework\src\Illuminate\Pipeline\Pipeline.php(180): Illuminate\Foundation\Http\Middleware\ConvertEmptyStringsToNull->handle(Object(Illuminate\Http\Request), Object(Closure))
#61 C:\xampp\htdocs\apply like facebook\pos6.12\vendor\laravel\framework\src\Illuminate\Foundation\Http\Middleware\TransformsRequest.php(21): Illuminate\Pipeline\Pipeline->Illuminate\Pipeline\{closure}(Object(Illuminate\Http\Request))
#62 C:\xampp\htdocs\apply like facebook\pos6.12\vendor\laravel\framework\src\Illuminate\Foundation\Http\Middleware\TrimStrings.php(40): Illuminate\Foundation\Http\Middleware\TransformsRequest->handle(Object(Illuminate\Http\Request), Object(Closure))
#63 C:\xampp\htdocs\apply like facebook\pos6.12\vendor\laravel\framework\src\Illuminate\Pipeline\Pipeline.php(180): Illuminate\Foundation\Http\Middleware\TrimStrings->handle(Object(Illuminate\Http\Request), Object(Closure))
#64 C:\xampp\htdocs\apply like facebook\pos6.12\vendor\laravel\framework\src\Illuminate\Foundation\Http\Middleware\ValidatePostSize.php(27): Illuminate\Pipeline\Pipeline->Illuminate\Pipeline\{closure}(Object(Illuminate\Http\Request))
#65 C:\xampp\htdocs\apply like facebook\pos6.12\vendor\laravel\framework\src\Illuminate\Pipeline\Pipeline.php(180): Illuminate\Foundation\Http\Middleware\ValidatePostSize->handle(Object(Illuminate\Http\Request), Object(Closure))
#66 C:\xampp\htdocs\apply like facebook\pos6.12\vendor\laravel\framework\src\Illuminate\Foundation\Http\Middleware\PreventRequestsDuringMaintenance.php(86): Illuminate\Pipeline\Pipeline->Illuminate\Pipeline\{closure}(Object(Illuminate\Http\Request))
#67 C:\xampp\htdocs\apply like facebook\pos6.12\vendor\laravel\framework\src\Illuminate\Pipeline\Pipeline.php(180): Illuminate\Foundation\Http\Middleware\PreventRequestsDuringMaintenance->handle(Object(Illuminate\Http\Request), Object(Closure))
#68 C:\xampp\htdocs\apply like facebook\pos6.12\vendor\laravel\framework\src\Illuminate\Http\Middleware\HandleCors.php(49): Illuminate\Pipeline\Pipeline->Illuminate\Pipeline\{closure}(Object(Illuminate\Http\Request))
#69 C:\xampp\htdocs\apply like facebook\pos6.12\vendor\laravel\framework\src\Illuminate\Pipeline\Pipeline.php(180): Illuminate\Http\Middleware\HandleCors->handle(Object(Illuminate\Http\Request), Object(Closure))
#70 C:\xampp\htdocs\apply like facebook\pos6.12\vendor\laravel\framework\src\Illuminate\Http\Middleware\TrustProxies.php(39): Illuminate\Pipeline\Pipeline->Illuminate\Pipeline\{closure}(Object(Illuminate\Http\Request))
#71 C:\xampp\htdocs\apply like facebook\pos6.12\vendor\laravel\framework\src\Illuminate\Pipeline\Pipeline.php(180): Illuminate\Http\Middleware\TrustProxies->handle(Object(Illuminate\Http\Request), Object(Closure))
#72 C:\xampp\htdocs\apply like facebook\pos6.12\vendor\laravel\framework\src\Illuminate\Pipeline\Pipeline.php(116): Illuminate\Pipeline\Pipeline->Illuminate\Pipeline\{closure}(Object(Illuminate\Http\Request))
#73 C:\xampp\htdocs\apply like facebook\pos6.12\vendor\laravel\framework\src\Illuminate\Foundation\Http\Kernel.php(165): Illuminate\Pipeline\Pipeline->then(Object(Closure))
#74 C:\xampp\htdocs\apply like facebook\pos6.12\vendor\laravel\framework\src\Illuminate\Foundation\Http\Kernel.php(134): Illuminate\Foundation\Http\Kernel->sendRequestThroughRouter(Object(Illuminate\Http\Request))
#75 C:\xampp\htdocs\apply like facebook\pos6.12\public\index.php(56): Illuminate\Foundation\Http\Kernel->handle(Object(Illuminate\Http\Request))
#76 C:\xampp\htdocs\apply like facebook\pos6.12\vendor\laravel\framework\src\Illuminate\Foundation\resources\server.php(16): require_once('C:\\xampp\\htdocs...')
#77 {main}  
[2026-05-24 08:42:23] local.ERROR: PDOException: SQLSTATE[42000]: Syntax error or access violation: 1583 Incorrect parameters in the call to native function 'lower' in C:\xampp\htdocs\apply like facebook\pos6.12\vendor\laravel\framework\src\Illuminate\Database\Connection.php:414
Stack trace:
#0 C:\xampp\htdocs\apply like facebook\pos6.12\vendor\laravel\framework\src\Illuminate\Database\Connection.php(414): PDO->prepare('select count(*)...')
#1 C:\xampp\htdocs\apply like facebook\pos6.12\vendor\laravel\framework\src\Illuminate\Database\Connection.php(753): Illuminate\Database\Connection->Illuminate\Database\{closure}('select count(*)...', Array)
#2 C:\xampp\htdocs\apply like facebook\pos6.12\vendor\laravel\framework\src\Illuminate\Database\Connection.php(720): Illuminate\Database\Connection->runQueryCallback('select count(*)...', Array, Object(Closure))
#3 C:\xampp\htdocs\apply like facebook\pos6.12\vendor\laravel\framework\src\Illuminate\Database\Connection.php(405): Illuminate\Database\Connection->run('select count(*)...', Array, Object(Closure))
#4 C:\xampp\htdocs\apply like facebook\pos6.12\vendor\laravel\framework\src\Illuminate\Database\Query\Builder.php(2705): Illuminate\Database\Connection->select('select count(*)...', Array, true)
#5 C:\xampp\htdocs\apply like facebook\pos6.12\vendor\laravel\framework\src\Illuminate\Database\Query\Builder.php(2694): Illuminate\Database\Query\Builder->runSelect()
#6 C:\xampp\htdocs\apply like facebook\pos6.12\vendor\laravel\framework\src\Illuminate\Database\Query\Builder.php(3230): Illuminate\Database\Query\Builder->Illuminate\Database\Query\{closure}()
#7 C:\xampp\htdocs\apply like facebook\pos6.12\vendor\laravel\framework\src\Illuminate\Database\Query\Builder.php(2693): Illuminate\Database\Query\Builder->onceWithColumns(Array, Object(Closure))
#8 C:\xampp\htdocs\apply like facebook\pos6.12\vendor\laravel\framework\src\Illuminate\Database\Query\Builder.php(3157): Illuminate\Database\Query\Builder->get(Array)
#9 C:\xampp\htdocs\apply like facebook\pos6.12\vendor\laravel\framework\src\Illuminate\Database\Query\Builder.php(3085): Illuminate\Database\Query\Builder->aggregate('count', Array)
#10 C:\xampp\htdocs\apply like facebook\pos6.12\vendor\yajra\laravel-datatables-oracle\src\QueryDataTable.php(215): Illuminate\Database\Query\Builder->count()
#11 C:\xampp\htdocs\apply like facebook\pos6.12\vendor\yajra\laravel-datatables-oracle\src\QueryDataTable.php(200): Yajra\DataTables\QueryDataTable->count()
#12 C:\xampp\htdocs\apply like facebook\pos6.12\vendor\yajra\laravel-datatables-oracle\src\DataTableAbstract.php(705): Yajra\DataTables\QueryDataTable->filteredCount()
#13 C:\xampp\htdocs\apply like facebook\pos6.12\vendor\yajra\laravel-datatables-oracle\src\QueryDataTable.php(142): Yajra\DataTables\DataTableAbstract->filterRecords()
#14 C:\xampp\htdocs\apply like facebook\pos6.12\vendor\yajra\laravel-datatables-oracle\src\QueryDataTable.php(99): Yajra\DataTables\QueryDataTable->prepareQuery()
#15 C:\xampp\htdocs\apply like facebook\pos6.12\Modules\LoanManagement\Http\Controllers\LoanInstallmentListController.php(591): Yajra\DataTables\QueryDataTable->make(true)
#16 C:\xampp\htdocs\apply like facebook\pos6.12\vendor\laravel\framework\src\Illuminate\Routing\Controller.php(54): Modules\LoanManagement\Http\Controllers\LoanInstallmentListController->data(Object(Illuminate\Http\Request))
#17 C:\xampp\htdocs\apply like facebook\pos6.12\vendor\laravel\framework\src\Illuminate\Routing\ControllerDispatcher.php(43): Illuminate\Routing\Controller->callAction('data', Array)
#18 C:\xampp\htdocs\apply like facebook\pos6.12\vendor\laravel\framework\src\Illuminate\Routing\Route.php(259): Illuminate\Routing\ControllerDispatcher->dispatch(Object(Illuminate\Routing\Route), Object(Modules\LoanManagement\Http\Controllers\LoanInstallmentListController), 'data')
#19 C:\xampp\htdocs\apply like facebook\pos6.12\vendor\laravel\framework\src\Illuminate\Routing\Route.php(205): Illuminate\Routing\Route->runController()
#20 C:\xampp\htdocs\apply like facebook\pos6.12\vendor\laravel\framework\src\Illuminate\Routing\Router.php(798): Illuminate\Routing\Route->run()
#21 C:\xampp\htdocs\apply like facebook\pos6.12\vendor\laravel\framework\src\Illuminate\Pipeline\Pipeline.php(141): Illuminate\Routing\Router->Illuminate\Routing\{closure}(Object(Illuminate\Http\Request))
#22 C:\xampp\htdocs\apply like facebook\pos6.12\vendor\laravel\framework\src\Illuminate\Auth\Middleware\Authorize.php(45): Illuminate\Pipeline\Pipeline->Illuminate\Pipeline\{closure}(Object(Illuminate\Http\Request))
#23 C:\xampp\htdocs\apply like facebook\pos6.12\vendor\laravel\framework\src\Illuminate\Pipeline\Pipeline.php(180): Illuminate\Auth\Middleware\Authorize->handle(Object(Illuminate\Http\Request), Object(Closure), 'loan_management...')
#24 C:\xampp\htdocs\apply like facebook\pos6.12\app\Http\Middleware\CheckUserLogin.php(22): Illuminate\Pipeline\Pipeline->Illuminate\Pipeline\{closure}(Object(Illuminate\Http\Request))
#25 C:\xampp\htdocs\apply like facebook\pos6.12\vendor\laravel\framework\src\Illuminate\Pipeline\Pipeline.php(180): App\Http\Middleware\CheckUserLogin->handle(Object(Illuminate\Http\Request), Object(Closure))
#26 C:\xampp\htdocs\apply like facebook\pos6.12\app\Http\Middleware\AdminSidebarMenu.php(22): Illuminate\Pipeline\Pipeline->Illuminate\Pipeline\{closure}(Object(Illuminate\Http\Request))
#27 C:\xampp\htdocs\apply like facebook\pos6.12\vendor\laravel\framework\src\Illuminate\Pipeline\Pipeline.php(180): App\Http\Middleware\AdminSidebarMenu->handle(Object(Illuminate\Http\Request), Object(Closure))
#28 C:\xampp\htdocs\apply like facebook\pos6.12\app\Http\Middleware\Timezone.php(30): Illuminate\Pipeline\Pipeline->Illuminate\Pipeline\{closure}(Object(Illuminate\Http\Request))
#29 C:\xampp\htdocs\apply like facebook\pos6.12\vendor\laravel\framework\src\Illuminate\Pipeline\Pipeline.php(180): App\Http\Middleware\Timezone->handle(Object(Illuminate\Http\Request), Object(Closure))
#30 C:\xampp\htdocs\apply like facebook\pos6.12\app\Http\Middleware\Language.php(25): Illuminate\Pipeline\Pipeline->Illuminate\Pipeline\{closure}(Object(Illuminate\Http\Request))
#31 C:\xampp\htdocs\apply like facebook\pos6.12\vendor\laravel\framework\src\Illuminate\Pipeline\Pipeline.php(180): App\Http\Middleware\Language->handle(Object(Illuminate\Http\Request), Object(Closure))
#32 C:\xampp\htdocs\apply like facebook\pos6.12\app\Http\Middleware\SetSessionData.php(52): Illuminate\Pipeline\Pipeline->Illuminate\Pipeline\{closure}(Object(Illuminate\Http\Request))
#33 C:\xampp\htdocs\apply like facebook\pos6.12\vendor\laravel\framework\src\Illuminate\Pipeline\Pipeline.php(180): App\Http\Middleware\SetSessionData->handle(Object(Illuminate\Http\Request), Object(Closure))
#34 C:\xampp\htdocs\apply like facebook\pos6.12\vendor\barryvdh\laravel-debugbar\src\Middleware\InjectDebugbar.php(59): Illuminate\Pipeline\Pipeline->Illuminate\Pipeline\{closure}(Object(Illuminate\Http\Request))
#35 C:\xampp\htdocs\apply like facebook\pos6.12\vendor\laravel\framework\src\Illuminate\Pipeline\Pipeline.php(180): Barryvdh\Debugbar\Middleware\InjectDebugbar->handle(Object(Illuminate\Http\Request), Object(Closure))
#36 C:\xampp\htdocs\apply like facebook\pos6.12\vendor\laravel\framework\src\Illuminate\Routing\Middleware\SubstituteBindings.php(50): Illuminate\Pipeline\Pipeline->Illuminate\Pipeline\{closure}(Object(Illuminate\Http\Request))
#37 C:\xampp\htdocs\apply like facebook\pos6.12\vendor\laravel\framework\src\Illuminate\Pipeline\Pipeline.php(180): Illuminate\Routing\Middleware\SubstituteBindings->handle(Object(Illuminate\Http\Request), Object(Closure))
#38 C:\xampp\htdocs\apply like facebook\pos6.12\vendor\laravel\framework\src\Illuminate\Auth\Middleware\Authenticate.php(44): Illuminate\Pipeline\Pipeline->Illuminate\Pipeline\{closure}(Object(Illuminate\Http\Request))
#39 C:\xampp\htdocs\apply like facebook\pos6.12\vendor\laravel\framework\src\Illuminate\Pipeline\Pipeline.php(180): Illuminate\Auth\Middleware\Authenticate->handle(Object(Illuminate\Http\Request), Object(Closure))
#40 C:\xampp\htdocs\apply like facebook\pos6.12\vendor\laravel\framework\src\Illuminate\Foundation\Http\Middleware\VerifyCsrfToken.php(78): Illuminate\Pipeline\Pipeline->Illuminate\Pipeline\{closure}(Object(Illuminate\Http\Request))
#41 C:\xampp\htdocs\apply like facebook\pos6.12\vendor\laravel\framework\src\Illuminate\Pipeline\Pipeline.php(180): Illuminate\Foundation\Http\Middleware\VerifyCsrfToken->handle(Object(Illuminate\Http\Request), Object(Closure))
#42 C:\xampp\htdocs\apply like facebook\pos6.12\vendor\laravel\framework\src\Illuminate\View\Middleware\ShareErrorsFromSession.php(49): Illuminate\Pipeline\Pipeline->Illuminate\Pipeline\{closure}(Object(Illuminate\Http\Request))
#43 C:\xampp\htdocs\apply like facebook\pos6.12\vendor\laravel\framework\src\Illuminate\Pipeline\Pipeline.php(180): Illuminate\View\Middleware\ShareErrorsFromSession->handle(Object(Illuminate\Http\Request), Object(Closure))
#44 C:\xampp\htdocs\apply like facebook\pos6.12\vendor\laravel\framework\src\Illuminate\Session\Middleware\StartSession.php(121): Illuminate\Pipeline\Pipeline->Illuminate\Pipeline\{closure}(Object(Illuminate\Http\Request))
#45 C:\xampp\htdocs\apply like facebook\pos6.12\vendor\laravel\framework\src\Illuminate\Session\Middleware\StartSession.php(64): Illuminate\Session\Middleware\StartSession->handleStatefulRequest(Object(Illuminate\Http\Request), Object(Illuminate\Session\Store), Object(Closure))
#46 C:\xampp\htdocs\apply like facebook\pos6.12\vendor\laravel\framework\src\Illuminate\Pipeline\Pipeline.php(180): Illuminate\Session\Middleware\StartSession->handle(Object(Illuminate\Http\Request), Object(Closure))
#47 C:\xampp\htdocs\apply like facebook\pos6.12\vendor\laravel\framework\src\Illuminate\Cookie\Middleware\AddQueuedCookiesToResponse.php(37): Illuminate\Pipeline\Pipeline->Illuminate\Pipeline\{closure}(Object(Illuminate\Http\Request))
#48 C:\xampp\htdocs\apply like facebook\pos6.12\vendor\laravel\framework\src\Illuminate\Pipeline\Pipeline.php(180): Illuminate\Cookie\Middleware\AddQueuedCookiesToResponse->handle(Object(Illuminate\Http\Request), Object(Closure))
#49 C:\xampp\htdocs\apply like facebook\pos6.12\vendor\laravel\framework\src\Illuminate\Cookie\Middleware\EncryptCookies.php(67): Illuminate\Pipeline\Pipeline->Illuminate\Pipeline\{closure}(Object(Illuminate\Http\Request))
#50 C:\xampp\htdocs\apply like facebook\pos6.12\vendor\laravel\framework\src\Illuminate\Pipeline\Pipeline.php(180): Illuminate\Cookie\Middleware\EncryptCookies->handle(Object(Illuminate\Http\Request), Object(Closure))
#51 C:\xampp\htdocs\apply like facebook\pos6.12\vendor\laravel\framework\src\Illuminate\Pipeline\Pipeline.php(116): Illuminate\Pipeline\Pipeline->Illuminate\Pipeline\{closure}(Object(Illuminate\Http\Request))
#52 C:\xampp\htdocs\apply like facebook\pos6.12\vendor\laravel\framework\src\Illuminate\Routing\Router.php(797): Illuminate\Pipeline\Pipeline->then(Object(Closure))
#53 C:\xampp\htdocs\apply like facebook\pos6.12\vendor\laravel\framework\src\Illuminate\Routing\Router.php(776): Illuminate\Routing\Router->runRouteWithinStack(Object(Illuminate\Routing\Route), Object(Illuminate\Http\Request))
#54 C:\xampp\htdocs\apply like facebook\pos6.12\vendor\laravel\framework\src\Illuminate\Routing\Router.php(740): Illuminate\Routing\Router->runRoute(Object(Illuminate\Http\Request), Object(Illuminate\Routing\Route))
#55 C:\xampp\htdocs\apply like facebook\pos6.12\vendor\laravel\framework\src\Illuminate\Routing\Router.php(729): Illuminate\Routing\Router->dispatchToRoute(Object(Illuminate\Http\Request))
#56 C:\xampp\htdocs\apply like facebook\pos6.12\vendor\laravel\framework\src\Illuminate\Foundation\Http\Kernel.php(190): Illuminate\Routing\Router->dispatch(Object(Illuminate\Http\Request))
#57 C:\xampp\htdocs\apply like facebook\pos6.12\vendor\laravel\framework\src\Illuminate\Pipeline\Pipeline.php(141): Illuminate\Foundation\Http\Kernel->Illuminate\Foundation\Http\{closure}(Object(Illuminate\Http\Request))
#58 C:\xampp\htdocs\apply like facebook\pos6.12\vendor\barryvdh\laravel-debugbar\src\Middleware\InjectDebugbar.php(59): Illuminate\Pipeline\Pipeline->Illuminate\Pipeline\{closure}(Object(Illuminate\Http\Request))
#59 C:\xampp\htdocs\apply like facebook\pos6.12\vendor\laravel\framework\src\Illuminate\Pipeline\Pipeline.php(180): Barryvdh\Debugbar\Middleware\InjectDebugbar->handle(Object(Illuminate\Http\Request), Object(Closure))
#60 C:\xampp\htdocs\apply like facebook\pos6.12\vendor\laravel\framework\src\Illuminate\Foundation\Http\Middleware\TransformsRequest.php(21): Illuminate\Pipeline\Pipeline->Illuminate\Pipeline\{closure}(Object(Illuminate\Http\Request))
#61 C:\xampp\htdocs\apply like facebook\pos6.12\vendor\laravel\framework\src\Illuminate\Foundation\Http\Middleware\ConvertEmptyStringsToNull.php(31): Illuminate\Foundation\Http\Middleware\TransformsRequest->handle(Object(Illuminate\Http\Request), Object(Closure))
#62 C:\xampp\htdocs\apply like facebook\pos6.12\vendor\laravel\framework\src\Illuminate\Pipeline\Pipeline.php(180): Illuminate\Foundation\Http\Middleware\ConvertEmptyStringsToNull->handle(Object(Illuminate\Http\Request), Object(Closure))
#63 C:\xampp\htdocs\apply like facebook\pos6.12\vendor\laravel\framework\src\Illuminate\Foundation\Http\Middleware\TransformsRequest.php(21): Illuminate\Pipeline\Pipeline->Illuminate\Pipeline\{closure}(Object(Illuminate\Http\Request))
#64 C:\xampp\htdocs\apply like facebook\pos6.12\vendor\laravel\framework\src\Illuminate\Foundation\Http\Middleware\TrimStrings.php(40): Illuminate\Foundation\Http\Middleware\TransformsRequest->handle(Object(Illuminate\Http\Request), Object(Closure))
#65 C:\xampp\htdocs\apply like facebook\pos6.12\vendor\laravel\framework\src\Illuminate\Pipeline\Pipeline.php(180): Illuminate\Foundation\Http\Middleware\TrimStrings->handle(Object(Illuminate\Http\Request), Object(Closure))
#66 C:\xampp\htdocs\apply like facebook\pos6.12\vendor\laravel\framework\src\Illuminate\Foundation\Http\Middleware\ValidatePostSize.php(27): Illuminate\Pipeline\Pipeline->Illuminate\Pipeline\{closure}(Object(Illuminate\Http\Request))
#67 C:\xampp\htdocs\apply like facebook\pos6.12\vendor\laravel\framework\src\Illuminate\Pipeline\Pipeline.php(180): Illuminate\Foundation\Http\Middleware\ValidatePostSize->handle(Object(Illuminate\Http\Request), Object(Closure))
#68 C:\xampp\htdocs\apply like facebook\pos6.12\vendor\laravel\framework\src\Illuminate\Foundation\Http\Middleware\PreventRequestsDuringMaintenance.php(86): Illuminate\Pipeline\Pipeline->Illuminate\Pipeline\{closure}(Object(Illuminate\Http\Request))
#69 C:\xampp\htdocs\apply like facebook\pos6.12\vendor\laravel\framework\src\Illuminate\Pipeline\Pipeline.php(180): Illuminate\Foundation\Http\Middleware\PreventRequestsDuringMaintenance->handle(Object(Illuminate\Http\Request), Object(Closure))
#70 C:\xampp\htdocs\apply like facebook\pos6.12\vendor\laravel\framework\src\Illuminate\Http\Middleware\HandleCors.php(49): Illuminate\Pipeline\Pipeline->Illuminate\Pipeline\{closure}(Object(Illuminate\Http\Request))
#71 C:\xampp\htdocs\apply like facebook\pos6.12\vendor\laravel\framework\src\Illuminate\Pipeline\Pipeline.php(180): Illuminate\Http\Middleware\HandleCors->handle(Object(Illuminate\Http\Request), Object(Closure))
#72 C:\xampp\htdocs\apply like facebook\pos6.12\vendor\laravel\framework\src\Illuminate\Http\Middleware\TrustProxies.php(39): Illuminate\Pipeline\Pipeline->Illuminate\Pipeline\{closure}(Object(Illuminate\Http\Request))
#73 C:\xampp\htdocs\apply like facebook\pos6.12\vendor\laravel\framework\src\Illuminate\Pipeline\Pipeline.php(180): Illuminate\Http\Middleware\TrustProxies->handle(Object(Illuminate\Http\Request), Object(Closure))
#74 C:\xampp\htdocs\apply like facebook\pos6.12\vendor\laravel\framework\src\Illuminate\Pipeline\Pipeline.php(116): Illuminate\Pipeline\Pipeline->Illuminate\Pipeline\{closure}(Object(Illuminate\Http\Request))
#75 C:\xampp\htdocs\apply like facebook\pos6.12\vendor\laravel\framework\src\Illuminate\Foundation\Http\Kernel.php(165): Illuminate\Pipeline\Pipeline->then(Object(Closure))
#76 C:\xampp\htdocs\apply like facebook\pos6.12\vendor\laravel\framework\src\Illuminate\Foundation\Http\Kernel.php(134): Illuminate\Foundation\Http\Kernel->sendRequestThroughRouter(Object(Illuminate\Http\Request))
#77 C:\xampp\htdocs\apply like facebook\pos6.12\public\index.php(56): Illuminate\Foundation\Http\Kernel->handle(Object(Illuminate\Http\Request))
#78 C:\xampp\htdocs\apply like facebook\pos6.12\vendor\laravel\framework\src\Illuminate\Foundation\resources\server.php(16): require_once('C:\\xampp\\htdocs...')
#79 {main}

Next Illuminate\Database\QueryException: SQLSTATE[42000]: Syntax error or access violation: 1583 Incorrect parameters in the call to native function 'lower' (SQL: select count(*) as aggregate from `loans` as `l` where (LOWER(`loans` as `l.loan_number`) LIKE %008036% or LOWER(`loans` as `l.loan_date`) LIKE %008036% or LOWER(`loans` as `l.source_invoice_no`) LIKE %008036% or LOWER(`loans` as `l.customer_name_snapshot`) LIKE %008036% or LOWER(`loans` as `l.customer_phone_snapshot`) LIKE %008036% or LOWER(`loans` as `l.location_name_snapshot`) LIKE %008036% or LOWER(`loans` as `l.collector_name_snapshot`) LIKE %008036% or LOWER(`loans` as `l.principal_amount`) LIKE %008036% or LOWER(`loans` as `l.paid_amount`) LIKE %008036% or LOWER(`loans` as `l.balance_amount`) LIKE %008036% or LOWER(`loans` as `l.status`) LIKE %008036% or LOWER(`loans` as `l.currency`) LIKE %008036%)) in C:\xampp\htdocs\apply like facebook\pos6.12\vendor\laravel\framework\src\Illuminate\Database\Connection.php:760
Stack trace:
#0 C:\xampp\htdocs\apply like facebook\pos6.12\vendor\laravel\framework\src\Illuminate\Database\Connection.php(720): Illuminate\Database\Connection->runQueryCallback('select count(*)...', Array, Object(Closure))
#1 C:\xampp\htdocs\apply like facebook\pos6.12\vendor\laravel\framework\src\Illuminate\Database\Connection.php(405): Illuminate\Database\Connection->run('select count(*)...', Array, Object(Closure))
#2 C:\xampp\htdocs\apply like facebook\pos6.12\vendor\laravel\framework\src\Illuminate\Database\Query\Builder.php(2705): Illuminate\Database\Connection->select('select count(*)...', Array, true)
#3 C:\xampp\htdocs\apply like facebook\pos6.12\vendor\laravel\framework\src\Illuminate\Database\Query\Builder.php(2694): Illuminate\Database\Query\Builder->runSelect()
#4 C:\xampp\htdocs\apply like facebook\pos6.12\vendor\laravel\framework\src\Illuminate\Database\Query\Builder.php(3230): Illuminate\Database\Query\Builder->Illuminate\Database\Query\{closure}()
#5 C:\xampp\htdocs\apply like facebook\pos6.12\vendor\laravel\framework\src\Illuminate\Database\Query\Builder.php(2693): Illuminate\Database\Query\Builder->onceWithColumns(Array, Object(Closure))
#6 C:\xampp\htdocs\apply like facebook\pos6.12\vendor\laravel\framework\src\Illuminate\Database\Query\Builder.php(3157): Illuminate\Database\Query\Builder->get(Array)
#7 C:\xampp\htdocs\apply like facebook\pos6.12\vendor\laravel\framework\src\Illuminate\Database\Query\Builder.php(3085): Illuminate\Database\Query\Builder->aggregate('count', Array)
#8 C:\xampp\htdocs\apply like facebook\pos6.12\vendor\yajra\laravel-datatables-oracle\src\QueryDataTable.php(215): Illuminate\Database\Query\Builder->count()
#9 C:\xampp\htdocs\apply like facebook\pos6.12\vendor\yajra\laravel-datatables-oracle\src\QueryDataTable.php(200): Yajra\DataTables\QueryDataTable->count()
#10 C:\xampp\htdocs\apply like facebook\pos6.12\vendor\yajra\laravel-datatables-oracle\src\DataTableAbstract.php(705): Yajra\DataTables\QueryDataTable->filteredCount()
#11 C:\xampp\htdocs\apply like facebook\pos6.12\vendor\yajra\laravel-datatables-oracle\src\QueryDataTable.php(142): Yajra\DataTables\DataTableAbstract->filterRecords()
#12 C:\xampp\htdocs\apply like facebook\pos6.12\vendor\yajra\laravel-datatables-oracle\src\QueryDataTable.php(99): Yajra\DataTables\QueryDataTable->prepareQuery()
#13 C:\xampp\htdocs\apply like facebook\pos6.12\Modules\LoanManagement\Http\Controllers\LoanInstallmentListController.php(591): Yajra\DataTables\QueryDataTable->make(true)
#14 C:\xampp\htdocs\apply like facebook\pos6.12\vendor\laravel\framework\src\Illuminate\Routing\Controller.php(54): Modules\LoanManagement\Http\Controllers\LoanInstallmentListController->data(Object(Illuminate\Http\Request))
#15 C:\xampp\htdocs\apply like facebook\pos6.12\vendor\laravel\framework\src\Illuminate\Routing\ControllerDispatcher.php(43): Illuminate\Routing\Controller->callAction('data', Array)
#16 C:\xampp\htdocs\apply like facebook\pos6.12\vendor\laravel\framework\src\Illuminate\Routing\Route.php(259): Illuminate\Routing\ControllerDispatcher->dispatch(Object(Illuminate\Routing\Route), Object(Modules\LoanManagement\Http\Controllers\LoanInstallmentListController), 'data')
#17 C:\xampp\htdocs\apply like facebook\pos6.12\vendor\laravel\framework\src\Illuminate\Routing\Route.php(205): Illuminate\Routing\Route->runController()
#18 C:\xampp\htdocs\apply like facebook\pos6.12\vendor\laravel\framework\src\Illuminate\Routing\Router.php(798): Illuminate\Routing\Route->run()
#19 C:\xampp\htdocs\apply like facebook\pos6.12\vendor\laravel\framework\src\Illuminate\Pipeline\Pipeline.php(141): Illuminate\Routing\Router->Illuminate\Routing\{closure}(Object(Illuminate\Http\Request))
#20 C:\xampp\htdocs\apply like facebook\pos6.12\vendor\laravel\framework\src\Illuminate\Auth\Middleware\Authorize.php(45): Illuminate\Pipeline\Pipeline->Illuminate\Pipeline\{closure}(Object(Illuminate\Http\Request))
#21 C:\xampp\htdocs\apply like facebook\pos6.12\vendor\laravel\framework\src\Illuminate\Pipeline\Pipeline.php(180): Illuminate\Auth\Middleware\Authorize->handle(Object(Illuminate\Http\Request), Object(Closure), 'loan_management...')
#22 C:\xampp\htdocs\apply like facebook\pos6.12\app\Http\Middleware\CheckUserLogin.php(22): Illuminate\Pipeline\Pipeline->Illuminate\Pipeline\{closure}(Object(Illuminate\Http\Request))
#23 C:\xampp\htdocs\apply like facebook\pos6.12\vendor\laravel\framework\src\Illuminate\Pipeline\Pipeline.php(180): App\Http\Middleware\CheckUserLogin->handle(Object(Illuminate\Http\Request), Object(Closure))
#24 C:\xampp\htdocs\apply like facebook\pos6.12\app\Http\Middleware\AdminSidebarMenu.php(22): Illuminate\Pipeline\Pipeline->Illuminate\Pipeline\{closure}(Object(Illuminate\Http\Request))
#25 C:\xampp\htdocs\apply like facebook\pos6.12\vendor\laravel\framework\src\Illuminate\Pipeline\Pipeline.php(180): App\Http\Middleware\AdminSidebarMenu->handle(Object(Illuminate\Http\Request), Object(Closure))
#26 C:\xampp\htdocs\apply like facebook\pos6.12\app\Http\Middleware\Timezone.php(30): Illuminate\Pipeline\Pipeline->Illuminate\Pipeline\{closure}(Object(Illuminate\Http\Request))
#27 C:\xampp\htdocs\apply like facebook\pos6.12\vendor\laravel\framework\src\Illuminate\Pipeline\Pipeline.php(180): App\Http\Middleware\Timezone->handle(Object(Illuminate\Http\Request), Object(Closure))
#28 C:\xampp\htdocs\apply like facebook\pos6.12\app\Http\Middleware\Language.php(25): Illuminate\Pipeline\Pipeline->Illuminate\Pipeline\{closure}(Object(Illuminate\Http\Request))
#29 C:\xampp\htdocs\apply like facebook\pos6.12\vendor\laravel\framework\src\Illuminate\Pipeline\Pipeline.php(180): App\Http\Middleware\Language->handle(Object(Illuminate\Http\Request), Object(Closure))
#30 C:\xampp\htdocs\apply like facebook\pos6.12\app\Http\Middleware\SetSessionData.php(52): Illuminate\Pipeline\Pipeline->Illuminate\Pipeline\{closure}(Object(Illuminate\Http\Request))
#31 C:\xampp\htdocs\apply like facebook\pos6.12\vendor\laravel\framework\src\Illuminate\Pipeline\Pipeline.php(180): App\Http\Middleware\SetSessionData->handle(Object(Illuminate\Http\Request), Object(Closure))
#32 C:\xampp\htdocs\apply like facebook\pos6.12\vendor\barryvdh\laravel-debugbar\src\Middleware\InjectDebugbar.php(59): Illuminate\Pipeline\Pipeline->Illuminate\Pipeline\{closure}(Object(Illuminate\Http\Request))
#33 C:\xampp\htdocs\apply like facebook\pos6.12\vendor\laravel\framework\src\Illuminate\Pipeline\Pipeline.php(180): Barryvdh\Debugbar\Middleware\InjectDebugbar->handle(Object(Illuminate\Http\Request), Object(Closure))
#34 C:\xampp\htdocs\apply like facebook\pos6.12\vendor\laravel\framework\src\Illuminate\Routing\Middleware\SubstituteBindings.php(50): Illuminate\Pipeline\Pipeline->Illuminate\Pipeline\{closure}(Object(Illuminate\Http\Request))
#35 C:\xampp\htdocs\apply like facebook\pos6.12\vendor\laravel\framework\src\Illuminate\Pipeline\Pipeline.php(180): Illuminate\Routing\Middleware\SubstituteBindings->handle(Object(Illuminate\Http\Request), Object(Closure))
#36 C:\xampp\htdocs\apply like facebook\pos6.12\vendor\laravel\framework\src\Illuminate\Auth\Middleware\Authenticate.php(44): Illuminate\Pipeline\Pipeline->Illuminate\Pipeline\{closure}(Object(Illuminate\Http\Request))
#37 C:\xampp\htdocs\apply like facebook\pos6.12\vendor\laravel\framework\src\Illuminate\Pipeline\Pipeline.php(180): Illuminate\Auth\Middleware\Authenticate->handle(Object(Illuminate\Http\Request), Object(Closure))
#38 C:\xampp\htdocs\apply like facebook\pos6.12\vendor\laravel\framework\src\Illuminate\Foundation\Http\Middleware\VerifyCsrfToken.php(78): Illuminate\Pipeline\Pipeline->Illuminate\Pipeline\{closure}(Object(Illuminate\Http\Request))
#39 C:\xampp\htdocs\apply like facebook\pos6.12\vendor\laravel\framework\src\Illuminate\Pipeline\Pipeline.php(180): Illuminate\Foundation\Http\Middleware\VerifyCsrfToken->handle(Object(Illuminate\Http\Request), Object(Closure))
#40 C:\xampp\htdocs\apply like facebook\pos6.12\vendor\laravel\framework\src\Illuminate\View\Middleware\ShareErrorsFromSession.php(49): Illuminate\Pipeline\Pipeline->Illuminate\Pipeline\{closure}(Object(Illuminate\Http\Request))
#41 C:\xampp\htdocs\apply like facebook\pos6.12\vendor\laravel\framework\src\Illuminate\Pipeline\Pipeline.php(180): Illuminate\View\Middleware\ShareErrorsFromSession->handle(Object(Illuminate\Http\Request), Object(Closure))
#42 C:\xampp\htdocs\apply like facebook\pos6.12\vendor\laravel\framework\src\Illuminate\Session\Middleware\StartSession.php(121): Illuminate\Pipeline\Pipeline->Illuminate\Pipeline\{closure}(Object(Illuminate\Http\Request))
#43 C:\xampp\htdocs\apply like facebook\pos6.12\vendor\laravel\framework\src\Illuminate\Session\Middleware\StartSession.php(64): Illuminate\Session\Middleware\StartSession->handleStatefulRequest(Object(Illuminate\Http\Request), Object(Illuminate\Session\Store), Object(Closure))
#44 C:\xampp\htdocs\apply like facebook\pos6.12\vendor\laravel\framework\src\Illuminate\Pipeline\Pipeline.php(180): Illuminate\Session\Middleware\StartSession->handle(Object(Illuminate\Http\Request), Object(Closure))
#45 C:\xampp\htdocs\apply like facebook\pos6.12\vendor\laravel\framework\src\Illuminate\Cookie\Middleware\AddQueuedCookiesToResponse.php(37): Illuminate\Pipeline\Pipeline->Illuminate\Pipeline\{closure}(Object(Illuminate\Http\Request))
#46 C:\xampp\htdocs\apply like facebook\pos6.12\vendor\laravel\framework\src\Illuminate\Pipeline\Pipeline.php(180): Illuminate\Cookie\Middleware\AddQueuedCookiesToResponse->handle(Object(Illuminate\Http\Request), Object(Closure))
#47 C:\xampp\htdocs\apply like facebook\pos6.12\vendor\laravel\framework\src\Illuminate\Cookie\Middleware\EncryptCookies.php(67): Illuminate\Pipeline\Pipeline->Illuminate\Pipeline\{closure}(Object(Illuminate\Http\Request))
#48 C:\xampp\htdocs\apply like facebook\pos6.12\vendor\laravel\framework\src\Illuminate\Pipeline\Pipeline.php(180): Illuminate\Cookie\Middleware\EncryptCookies->handle(Object(Illuminate\Http\Request), Object(Closure))
#49 C:\xampp\htdocs\apply like facebook\pos6.12\vendor\laravel\framework\src\Illuminate\Pipeline\Pipeline.php(116): Illuminate\Pipeline\Pipeline->Illuminate\Pipeline\{closure}(Object(Illuminate\Http\Request))
#50 C:\xampp\htdocs\apply like facebook\pos6.12\vendor\laravel\framework\src\Illuminate\Routing\Router.php(797): Illuminate\Pipeline\Pipeline->then(Object(Closure))
#51 C:\xampp\htdocs\apply like facebook\pos6.12\vendor\laravel\framework\src\Illuminate\Routing\Router.php(776): Illuminate\Routing\Router->runRouteWithinStack(Object(Illuminate\Routing\Route), Object(Illuminate\Http\Request))
#52 C:\xampp\htdocs\apply like facebook\pos6.12\vendor\laravel\framework\src\Illuminate\Routing\Router.php(740): Illuminate\Routing\Router->runRoute(Object(Illuminate\Http\Request), Object(Illuminate\Routing\Route))
#53 C:\xampp\htdocs\apply like facebook\pos6.12\vendor\laravel\framework\src\Illuminate\Routing\Router.php(729): Illuminate\Routing\Router->dispatchToRoute(Object(Illuminate\Http\Request))
#54 C:\xampp\htdocs\apply like facebook\pos6.12\vendor\laravel\framework\src\Illuminate\Foundation\Http\Kernel.php(190): Illuminate\Routing\Router->dispatch(Object(Illuminate\Http\Request))
#55 C:\xampp\htdocs\apply like facebook\pos6.12\vendor\laravel\framework\src\Illuminate\Pipeline\Pipeline.php(141): Illuminate\Foundation\Http\Kernel->Illuminate\Foundation\Http\{closure}(Object(Illuminate\Http\Request))
#56 C:\xampp\htdocs\apply like facebook\pos6.12\vendor\barryvdh\laravel-debugbar\src\Middleware\InjectDebugbar.php(59): Illuminate\Pipeline\Pipeline->Illuminate\Pipeline\{closure}(Object(Illuminate\Http\Request))
#57 C:\xampp\htdocs\apply like facebook\pos6.12\vendor\laravel\framework\src\Illuminate\Pipeline\Pipeline.php(180): Barryvdh\Debugbar\Middleware\InjectDebugbar->handle(Object(Illuminate\Http\Request), Object(Closure))
#58 C:\xampp\htdocs\apply like facebook\pos6.12\vendor\laravel\framework\src\Illuminate\Foundation\Http\Middleware\TransformsRequest.php(21): Illuminate\Pipeline\Pipeline->Illuminate\Pipeline\{closure}(Object(Illuminate\Http\Request))
#59 C:\xampp\htdocs\apply like facebook\pos6.12\vendor\laravel\framework\src\Illuminate\Foundation\Http\Middleware\ConvertEmptyStringsToNull.php(31): Illuminate\Foundation\Http\Middleware\TransformsRequest->handle(Object(Illuminate\Http\Request), Object(Closure))
#60 C:\xampp\htdocs\apply like facebook\pos6.12\vendor\laravel\framework\src\Illuminate\Pipeline\Pipeline.php(180): Illuminate\Foundation\Http\Middleware\ConvertEmptyStringsToNull->handle(Object(Illuminate\Http\Request), Object(Closure))
#61 C:\xampp\htdocs\apply like facebook\pos6.12\vendor\laravel\framework\src\Illuminate\Foundation\Http\Middleware\TransformsRequest.php(21): Illuminate\Pipeline\Pipeline->Illuminate\Pipeline\{closure}(Object(Illuminate\Http\Request))
#62 C:\xampp\htdocs\apply like facebook\pos6.12\vendor\laravel\framework\src\Illuminate\Foundation\Http\Middleware\TrimStrings.php(40): Illuminate\Foundation\Http\Middleware\TransformsRequest->handle(Object(Illuminate\Http\Request), Object(Closure))
#63 C:\xampp\htdocs\apply like facebook\pos6.12\vendor\laravel\framework\src\Illuminate\Pipeline\Pipeline.php(180): Illuminate\Foundation\Http\Middleware\TrimStrings->handle(Object(Illuminate\Http\Request), Object(Closure))
#64 C:\xampp\htdocs\apply like facebook\pos6.12\vendor\laravel\framework\src\Illuminate\Foundation\Http\Middleware\ValidatePostSize.php(27): Illuminate\Pipeline\Pipeline->Illuminate\Pipeline\{closure}(Object(Illuminate\Http\Request))
#65 C:\xampp\htdocs\apply like facebook\pos6.12\vendor\laravel\framework\src\Illuminate\Pipeline\Pipeline.php(180): Illuminate\Foundation\Http\Middleware\ValidatePostSize->handle(Object(Illuminate\Http\Request), Object(Closure))
#66 C:\xampp\htdocs\apply like facebook\pos6.12\vendor\laravel\framework\src\Illuminate\Foundation\Http\Middleware\PreventRequestsDuringMaintenance.php(86): Illuminate\Pipeline\Pipeline->Illuminate\Pipeline\{closure}(Object(Illuminate\Http\Request))
#67 C:\xampp\htdocs\apply like facebook\pos6.12\vendor\laravel\framework\src\Illuminate\Pipeline\Pipeline.php(180): Illuminate\Foundation\Http\Middleware\PreventRequestsDuringMaintenance->handle(Object(Illuminate\Http\Request), Object(Closure))
#68 C:\xampp\htdocs\apply like facebook\pos6.12\vendor\laravel\framework\src\Illuminate\Http\Middleware\HandleCors.php(49): Illuminate\Pipeline\Pipeline->Illuminate\Pipeline\{closure}(Object(Illuminate\Http\Request))
#69 C:\xampp\htdocs\apply like facebook\pos6.12\vendor\laravel\framework\src\Illuminate\Pipeline\Pipeline.php(180): Illuminate\Http\Middleware\HandleCors->handle(Object(Illuminate\Http\Request), Object(Closure))
#70 C:\xampp\htdocs\apply like facebook\pos6.12\vendor\laravel\framework\src\Illuminate\Http\Middleware\TrustProxies.php(39): Illuminate\Pipeline\Pipeline->Illuminate\Pipeline\{closure}(Object(Illuminate\Http\Request))
#71 C:\xampp\htdocs\apply like facebook\pos6.12\vendor\laravel\framework\src\Illuminate\Pipeline\Pipeline.php(180): Illuminate\Http\Middleware\TrustProxies->handle(Object(Illuminate\Http\Request), Object(Closure))
#72 C:\xampp\htdocs\apply like facebook\pos6.12\vendor\laravel\framework\src\Illuminate\Pipeline\Pipeline.php(116): Illuminate\Pipeline\Pipeline->Illuminate\Pipeline\{closure}(Object(Illuminate\Http\Request))
#73 C:\xampp\htdocs\apply like facebook\pos6.12\vendor\laravel\framework\src\Illuminate\Foundation\Http\Kernel.php(165): Illuminate\Pipeline\Pipeline->then(Object(Closure))
#74 C:\xampp\htdocs\apply like facebook\pos6.12\vendor\laravel\framework\src\Illuminate\Foundation\Http\Kernel.php(134): Illuminate\Foundation\Http\Kernel->sendRequestThroughRouter(Object(Illuminate\Http\Request))
#75 C:\xampp\htdocs\apply like facebook\pos6.12\public\index.php(56): Illuminate\Foundation\Http\Kernel->handle(Object(Illuminate\Http\Request))
#76 C:\xampp\htdocs\apply like facebook\pos6.12\vendor\laravel\framework\src\Illuminate\Foundation\resources\server.php(16): require_once('C:\\xampp\\htdocs...')
#77 {main}  
[2026-05-24 08:45:23] local.ERROR: PDOException: SQLSTATE[42S22]: Column not found: 1054 Unknown column 'l.location_name_snapshot' in 'where clause' in C:\xampp\htdocs\apply like facebook\pos6.12\vendor\laravel\framework\src\Illuminate\Database\Connection.php:414
Stack trace:
#0 C:\xampp\htdocs\apply like facebook\pos6.12\vendor\laravel\framework\src\Illuminate\Database\Connection.php(414): PDO->prepare('select count(*)...')
#1 C:\xampp\htdocs\apply like facebook\pos6.12\vendor\laravel\framework\src\Illuminate\Database\Connection.php(753): Illuminate\Database\Connection->Illuminate\Database\{closure}('select count(*)...', Array)
#2 C:\xampp\htdocs\apply like facebook\pos6.12\vendor\laravel\framework\src\Illuminate\Database\Connection.php(720): Illuminate\Database\Connection->runQueryCallback('select count(*)...', Array, Object(Closure))
#3 C:\xampp\htdocs\apply like facebook\pos6.12\vendor\laravel\framework\src\Illuminate\Database\Connection.php(405): Illuminate\Database\Connection->run('select count(*)...', Array, Object(Closure))
#4 C:\xampp\htdocs\apply like facebook\pos6.12\vendor\laravel\framework\src\Illuminate\Database\Query\Builder.php(2705): Illuminate\Database\Connection->select('select count(*)...', Array, true)
#5 C:\xampp\htdocs\apply like facebook\pos6.12\vendor\laravel\framework\src\Illuminate\Database\Query\Builder.php(2694): Illuminate\Database\Query\Builder->runSelect()
#6 C:\xampp\htdocs\apply like facebook\pos6.12\vendor\laravel\framework\src\Illuminate\Database\Query\Builder.php(3230): Illuminate\Database\Query\Builder->Illuminate\Database\Query\{closure}()
#7 C:\xampp\htdocs\apply like facebook\pos6.12\vendor\laravel\framework\src\Illuminate\Database\Query\Builder.php(2693): Illuminate\Database\Query\Builder->onceWithColumns(Array, Object(Closure))
#8 C:\xampp\htdocs\apply like facebook\pos6.12\vendor\laravel\framework\src\Illuminate\Database\Query\Builder.php(3157): Illuminate\Database\Query\Builder->get(Array)
#9 C:\xampp\htdocs\apply like facebook\pos6.12\vendor\laravel\framework\src\Illuminate\Database\Query\Builder.php(3085): Illuminate\Database\Query\Builder->aggregate('count', Array)
#10 C:\xampp\htdocs\apply like facebook\pos6.12\vendor\yajra\laravel-datatables-oracle\src\QueryDataTable.php(215): Illuminate\Database\Query\Builder->count()
#11 C:\xampp\htdocs\apply like facebook\pos6.12\vendor\yajra\laravel-datatables-oracle\src\QueryDataTable.php(200): Yajra\DataTables\QueryDataTable->count()
#12 C:\xampp\htdocs\apply like facebook\pos6.12\vendor\yajra\laravel-datatables-oracle\src\DataTableAbstract.php(705): Yajra\DataTables\QueryDataTable->filteredCount()
#13 C:\xampp\htdocs\apply like facebook\pos6.12\vendor\yajra\laravel-datatables-oracle\src\QueryDataTable.php(142): Yajra\DataTables\DataTableAbstract->filterRecords()
#14 C:\xampp\htdocs\apply like facebook\pos6.12\vendor\yajra\laravel-datatables-oracle\src\QueryDataTable.php(99): Yajra\DataTables\QueryDataTable->prepareQuery()
#15 C:\xampp\htdocs\apply like facebook\pos6.12\Modules\LoanManagement\Http\Controllers\LoanInstallmentListController.php(591): Yajra\DataTables\QueryDataTable->make(true)
#16 C:\xampp\htdocs\apply like facebook\pos6.12\vendor\laravel\framework\src\Illuminate\Routing\Controller.php(54): Modules\LoanManagement\Http\Controllers\LoanInstallmentListController->data(Object(Illuminate\Http\Request))
#17 C:\xampp\htdocs\apply like facebook\pos6.12\vendor\laravel\framework\src\Illuminate\Routing\ControllerDispatcher.php(43): Illuminate\Routing\Controller->callAction('data', Array)
#18 C:\xampp\htdocs\apply like facebook\pos6.12\vendor\laravel\framework\src\Illuminate\Routing\Route.php(259): Illuminate\Routing\ControllerDispatcher->dispatch(Object(Illuminate\Routing\Route), Object(Modules\LoanManagement\Http\Controllers\LoanInstallmentListController), 'data')
#19 C:\xampp\htdocs\apply like facebook\pos6.12\vendor\laravel\framework\src\Illuminate\Routing\Route.php(205): Illuminate\Routing\Route->runController()
#20 C:\xampp\htdocs\apply like facebook\pos6.12\vendor\laravel\framework\src\Illuminate\Routing\Router.php(798): Illuminate\Routing\Route->run()
#21 C:\xampp\htdocs\apply like facebook\pos6.12\vendor\laravel\framework\src\Illuminate\Pipeline\Pipeline.php(141): Illuminate\Routing\Router->Illuminate\Routing\{closure}(Object(Illuminate\Http\Request))
#22 C:\xampp\htdocs\apply like facebook\pos6.12\vendor\laravel\framework\src\Illuminate\Auth\Middleware\Authorize.php(45): Illuminate\Pipeline\Pipeline->Illuminate\Pipeline\{closure}(Object(Illuminate\Http\Request))
#23 C:\xampp\htdocs\apply like facebook\pos6.12\vendor\laravel\framework\src\Illuminate\Pipeline\Pipeline.php(180): Illuminate\Auth\Middleware\Authorize->handle(Object(Illuminate\Http\Request), Object(Closure), 'loan_management...')
#24 C:\xampp\htdocs\apply like facebook\pos6.12\app\Http\Middleware\CheckUserLogin.php(22): Illuminate\Pipeline\Pipeline->Illuminate\Pipeline\{closure}(Object(Illuminate\Http\Request))
#25 C:\xampp\htdocs\apply like facebook\pos6.12\vendor\laravel\framework\src\Illuminate\Pipeline\Pipeline.php(180): App\Http\Middleware\CheckUserLogin->handle(Object(Illuminate\Http\Request), Object(Closure))
#26 C:\xampp\htdocs\apply like facebook\pos6.12\app\Http\Middleware\AdminSidebarMenu.php(22): Illuminate\Pipeline\Pipeline->Illuminate\Pipeline\{closure}(Object(Illuminate\Http\Request))
#27 C:\xampp\htdocs\apply like facebook\pos6.12\vendor\laravel\framework\src\Illuminate\Pipeline\Pipeline.php(180): App\Http\Middleware\AdminSidebarMenu->handle(Object(Illuminate\Http\Request), Object(Closure))
#28 C:\xampp\htdocs\apply like facebook\pos6.12\app\Http\Middleware\Timezone.php(30): Illuminate\Pipeline\Pipeline->Illuminate\Pipeline\{closure}(Object(Illuminate\Http\Request))
#29 C:\xampp\htdocs\apply like facebook\pos6.12\vendor\laravel\framework\src\Illuminate\Pipeline\Pipeline.php(180): App\Http\Middleware\Timezone->handle(Object(Illuminate\Http\Request), Object(Closure))
#30 C:\xampp\htdocs\apply like facebook\pos6.12\app\Http\Middleware\Language.php(25): Illuminate\Pipeline\Pipeline->Illuminate\Pipeline\{closure}(Object(Illuminate\Http\Request))
#31 C:\xampp\htdocs\apply like facebook\pos6.12\vendor\laravel\framework\src\Illuminate\Pipeline\Pipeline.php(180): App\Http\Middleware\Language->handle(Object(Illuminate\Http\Request), Object(Closure))
#32 C:\xampp\htdocs\apply like facebook\pos6.12\app\Http\Middleware\SetSessionData.php(52): Illuminate\Pipeline\Pipeline->Illuminate\Pipeline\{closure}(Object(Illuminate\Http\Request))
#33 C:\xampp\htdocs\apply like facebook\pos6.12\vendor\laravel\framework\src\Illuminate\Pipeline\Pipeline.php(180): App\Http\Middleware\SetSessionData->handle(Object(Illuminate\Http\Request), Object(Closure))
#34 C:\xampp\htdocs\apply like facebook\pos6.12\vendor\barryvdh\laravel-debugbar\src\Middleware\InjectDebugbar.php(59): Illuminate\Pipeline\Pipeline->Illuminate\Pipeline\{closure}(Object(Illuminate\Http\Request))
#35 C:\xampp\htdocs\apply like facebook\pos6.12\vendor\laravel\framework\src\Illuminate\Pipeline\Pipeline.php(180): Barryvdh\Debugbar\Middleware\InjectDebugbar->handle(Object(Illuminate\Http\Request), Object(Closure))
#36 C:\xampp\htdocs\apply like facebook\pos6.12\vendor\laravel\framework\src\Illuminate\Routing\Middleware\SubstituteBindings.php(50): Illuminate\Pipeline\Pipeline->Illuminate\Pipeline\{closure}(Object(Illuminate\Http\Request))
#37 C:\xampp\htdocs\apply like facebook\pos6.12\vendor\laravel\framework\src\Illuminate\Pipeline\Pipeline.php(180): Illuminate\Routing\Middleware\SubstituteBindings->handle(Object(Illuminate\Http\Request), Object(Closure))
#38 C:\xampp\htdocs\apply like facebook\pos6.12\vendor\laravel\framework\src\Illuminate\Auth\Middleware\Authenticate.php(44): Illuminate\Pipeline\Pipeline->Illuminate\Pipeline\{closure}(Object(Illuminate\Http\Request))
#39 C:\xampp\htdocs\apply like facebook\pos6.12\vendor\laravel\framework\src\Illuminate\Pipeline\Pipeline.php(180): Illuminate\Auth\Middleware\Authenticate->handle(Object(Illuminate\Http\Request), Object(Closure))
#40 C:\xampp\htdocs\apply like facebook\pos6.12\vendor\laravel\framework\src\Illuminate\Foundation\Http\Middleware\VerifyCsrfToken.php(78): Illuminate\Pipeline\Pipeline->Illuminate\Pipeline\{closure}(Object(Illuminate\Http\Request))
#41 C:\xampp\htdocs\apply like facebook\pos6.12\vendor\laravel\framework\src\Illuminate\Pipeline\Pipeline.php(180): Illuminate\Foundation\Http\Middleware\VerifyCsrfToken->handle(Object(Illuminate\Http\Request), Object(Closure))
#42 C:\xampp\htdocs\apply like facebook\pos6.12\vendor\laravel\framework\src\Illuminate\View\Middleware\ShareErrorsFromSession.php(49): Illuminate\Pipeline\Pipeline->Illuminate\Pipeline\{closure}(Object(Illuminate\Http\Request))
#43 C:\xampp\htdocs\apply like facebook\pos6.12\vendor\laravel\framework\src\Illuminate\Pipeline\Pipeline.php(180): Illuminate\View\Middleware\ShareErrorsFromSession->handle(Object(Illuminate\Http\Request), Object(Closure))
#44 C:\xampp\htdocs\apply like facebook\pos6.12\vendor\laravel\framework\src\Illuminate\Session\Middleware\StartSession.php(121): Illuminate\Pipeline\Pipeline->Illuminate\Pipeline\{closure}(Object(Illuminate\Http\Request))
#45 C:\xampp\htdocs\apply like facebook\pos6.12\vendor\laravel\framework\src\Illuminate\Session\Middleware\StartSession.php(64): Illuminate\Session\Middleware\StartSession->handleStatefulRequest(Object(Illuminate\Http\Request), Object(Illuminate\Session\Store), Object(Closure))
#46 C:\xampp\htdocs\apply like facebook\pos6.12\vendor\laravel\framework\src\Illuminate\Pipeline\Pipeline.php(180): Illuminate\Session\Middleware\StartSession->handle(Object(Illuminate\Http\Request), Object(Closure))
#47 C:\xampp\htdocs\apply like facebook\pos6.12\vendor\laravel\framework\src\Illuminate\Cookie\Middleware\AddQueuedCookiesToResponse.php(37): Illuminate\Pipeline\Pipeline->Illuminate\Pipeline\{closure}(Object(Illuminate\Http\Request))
#48 C:\xampp\htdocs\apply like facebook\pos6.12\vendor\laravel\framework\src\Illuminate\Pipeline\Pipeline.php(180): Illuminate\Cookie\Middleware\AddQueuedCookiesToResponse->handle(Object(Illuminate\Http\Request), Object(Closure))
#49 C:\xampp\htdocs\apply like facebook\pos6.12\vendor\laravel\framework\src\Illuminate\Cookie\Middleware\EncryptCookies.php(67): Illuminate\Pipeline\Pipeline->Illuminate\Pipeline\{closure}(Object(Illuminate\Http\Request))
#50 C:\xampp\htdocs\apply like facebook\pos6.12\vendor\laravel\framework\src\Illuminate\Pipeline\Pipeline.php(180): Illuminate\Cookie\Middleware\EncryptCookies->handle(Object(Illuminate\Http\Request), Object(Closure))
#51 C:\xampp\htdocs\apply like facebook\pos6.12\vendor\laravel\framework\src\Illuminate\Pipeline\Pipeline.php(116): Illuminate\Pipeline\Pipeline->Illuminate\Pipeline\{closure}(Object(Illuminate\Http\Request))
#52 C:\xampp\htdocs\apply like facebook\pos6.12\vendor\laravel\framework\src\Illuminate\Routing\Router.php(797): Illuminate\Pipeline\Pipeline->then(Object(Closure))
#53 C:\xampp\htdocs\apply like facebook\pos6.12\vendor\laravel\framework\src\Illuminate\Routing\Router.php(776): Illuminate\Routing\Router->runRouteWithinStack(Object(Illuminate\Routing\Route), Object(Illuminate\Http\Request))
#54 C:\xampp\htdocs\apply like facebook\pos6.12\vendor\laravel\framework\src\Illuminate\Routing\Router.php(740): Illuminate\Routing\Router->runRoute(Object(Illuminate\Http\Request), Object(Illuminate\Routing\Route))
#55 C:\xampp\htdocs\apply like facebook\pos6.12\vendor\laravel\framework\src\Illuminate\Routing\Router.php(729): Illuminate\Routing\Router->dispatchToRoute(Object(Illuminate\Http\Request))
#56 C:\xampp\htdocs\apply like facebook\pos6.12\vendor\laravel\framework\src\Illuminate\Foundation\Http\Kernel.php(190): Illuminate\Routing\Router->dispatch(Object(Illuminate\Http\Request))
#57 C:\xampp\htdocs\apply like facebook\pos6.12\vendor\laravel\framework\src\Illuminate\Pipeline\Pipeline.php(141): Illuminate\Foundation\Http\Kernel->Illuminate\Foundation\Http\{closure}(Object(Illuminate\Http\Request))
#58 C:\xampp\htdocs\apply like facebook\pos6.12\vendor\barryvdh\laravel-debugbar\src\Middleware\InjectDebugbar.php(59): Illuminate\Pipeline\Pipeline->Illuminate\Pipeline\{closure}(Object(Illuminate\Http\Request))
#59 C:\xampp\htdocs\apply like facebook\pos6.12\vendor\laravel\framework\src\Illuminate\Pipeline\Pipeline.php(180): Barryvdh\Debugbar\Middleware\InjectDebugbar->handle(Object(Illuminate\Http\Request), Object(Closure))
#60 C:\xampp\htdocs\apply like facebook\pos6.12\vendor\laravel\framework\src\Illuminate\Foundation\Http\Middleware\TransformsRequest.php(21): Illuminate\Pipeline\Pipeline->Illuminate\Pipeline\{closure}(Object(Illuminate\Http\Request))
#61 C:\xampp\htdocs\apply like facebook\pos6.12\vendor\laravel\framework\src\Illuminate\Foundation\Http\Middleware\ConvertEmptyStringsToNull.php(31): Illuminate\Foundation\Http\Middleware\TransformsRequest->handle(Object(Illuminate\Http\Request), Object(Closure))
#62 C:\xampp\htdocs\apply like facebook\pos6.12\vendor\laravel\framework\src\Illuminate\Pipeline\Pipeline.php(180): Illuminate\Foundation\Http\Middleware\ConvertEmptyStringsToNull->handle(Object(Illuminate\Http\Request), Object(Closure))
#63 C:\xampp\htdocs\apply like facebook\pos6.12\vendor\laravel\framework\src\Illuminate\Foundation\Http\Middleware\TransformsRequest.php(21): Illuminate\Pipeline\Pipeline->Illuminate\Pipeline\{closure}(Object(Illuminate\Http\Request))
#64 C:\xampp\htdocs\apply like facebook\pos6.12\vendor\laravel\framework\src\Illuminate\Foundation\Http\Middleware\TrimStrings.php(40): Illuminate\Foundation\Http\Middleware\TransformsRequest->handle(Object(Illuminate\Http\Request), Object(Closure))
#65 C:\xampp\htdocs\apply like facebook\pos6.12\vendor\laravel\framework\src\Illuminate\Pipeline\Pipeline.php(180): Illuminate\Foundation\Http\Middleware\TrimStrings->handle(Object(Illuminate\Http\Request), Object(Closure))
#66 C:\xampp\htdocs\apply like facebook\pos6.12\vendor\laravel\framework\src\Illuminate\Foundation\Http\Middleware\ValidatePostSize.php(27): Illuminate\Pipeline\Pipeline->Illuminate\Pipeline\{closure}(Object(Illuminate\Http\Request))
#67 C:\xampp\htdocs\apply like facebook\pos6.12\vendor\laravel\framework\src\Illuminate\Pipeline\Pipeline.php(180): Illuminate\Foundation\Http\Middleware\ValidatePostSize->handle(Object(Illuminate\Http\Request), Object(Closure))
#68 C:\xampp\htdocs\apply like facebook\pos6.12\vendor\laravel\framework\src\Illuminate\Foundation\Http\Middleware\PreventRequestsDuringMaintenance.php(86): Illuminate\Pipeline\Pipeline->Illuminate\Pipeline\{closure}(Object(Illuminate\Http\Request))
#69 C:\xampp\htdocs\apply like facebook\pos6.12\vendor\laravel\framework\src\Illuminate\Pipeline\Pipeline.php(180): Illuminate\Foundation\Http\Middleware\PreventRequestsDuringMaintenance->handle(Object(Illuminate\Http\Request), Object(Closure))
#70 C:\xampp\htdocs\apply like facebook\pos6.12\vendor\laravel\framework\src\Illuminate\Http\Middleware\HandleCors.php(49): Illuminate\Pipeline\Pipeline->Illuminate\Pipeline\{closure}(Object(Illuminate\Http\Request))
#71 C:\xampp\htdocs\apply like facebook\pos6.12\vendor\laravel\framework\src\Illuminate\Pipeline\Pipeline.php(180): Illuminate\Http\Middleware\HandleCors->handle(Object(Illuminate\Http\Request), Object(Closure))
#72 C:\xampp\htdocs\apply like facebook\pos6.12\vendor\laravel\framework\src\Illuminate\Http\Middleware\TrustProxies.php(39): Illuminate\Pipeline\Pipeline->Illuminate\Pipeline\{closure}(Object(Illuminate\Http\Request))
#73 C:\xampp\htdocs\apply like facebook\pos6.12\vendor\laravel\framework\src\Illuminate\Pipeline\Pipeline.php(180): Illuminate\Http\Middleware\TrustProxies->handle(Object(Illuminate\Http\Request), Object(Closure))
#74 C:\xampp\htdocs\apply like facebook\pos6.12\vendor\laravel\framework\src\Illuminate\Pipeline\Pipeline.php(116): Illuminate\Pipeline\Pipeline->Illuminate\Pipeline\{closure}(Object(Illuminate\Http\Request))
#75 C:\xampp\htdocs\apply like facebook\pos6.12\vendor\laravel\framework\src\Illuminate\Foundation\Http\Kernel.php(165): Illuminate\Pipeline\Pipeline->then(Object(Closure))
#76 C:\xampp\htdocs\apply like facebook\pos6.12\vendor\laravel\framework\src\Illuminate\Foundation\Http\Kernel.php(134): Illuminate\Foundation\Http\Kernel->sendRequestThroughRouter(Object(Illuminate\Http\Request))
#77 C:\xampp\htdocs\apply like facebook\pos6.12\public\index.php(56): Illuminate\Foundation\Http\Kernel->handle(Object(Illuminate\Http\Request))
#78 C:\xampp\htdocs\apply like facebook\pos6.12\vendor\laravel\framework\src\Illuminate\Foundation\resources\server.php(16): require_once('C:\\xampp\\htdocs...')
#79 {main}

Next Illuminate\Database\QueryException: SQLSTATE[42S22]: Column not found: 1054 Unknown column 'l.location_name_snapshot' in 'where clause' (SQL: select count(*) as aggregate from `loans` as `l` where (LOWER(`l`.`loan_number`) LIKE %008036% or LOWER(`l`.`loan_date`) LIKE %008036% or LOWER(`l`.`source_invoice_no`) LIKE %008036% or LOWER(`l`.`customer_name_snapshot`) LIKE %008036% or LOWER(`l`.`customer_phone_snapshot`) LIKE %008036% or LOWER(`l`.`location_name_snapshot`) LIKE %008036% or LOWER(`l`.`collector_name_snapshot`) LIKE %008036% or LOWER(`l`.`principal_amount`) LIKE %008036% or LOWER(`l`.`paid_amount`) LIKE %008036% or LOWER(`l`.`balance_amount`) LIKE %008036% or LOWER(`l`.`status`) LIKE %008036% or LOWER(`l`.`currency`) LIKE %008036%)) in C:\xampp\htdocs\apply like facebook\pos6.12\vendor\laravel\framework\src\Illuminate\Database\Connection.php:760
Stack trace:
#0 C:\xampp\htdocs\apply like facebook\pos6.12\vendor\laravel\framework\src\Illuminate\Database\Connection.php(720): Illuminate\Database\Connection->runQueryCallback('select count(*)...', Array, Object(Closure))
#1 C:\xampp\htdocs\apply like facebook\pos6.12\vendor\laravel\framework\src\Illuminate\Database\Connection.php(405): Illuminate\Database\Connection->run('select count(*)...', Array, Object(Closure))
#2 C:\xampp\htdocs\apply like facebook\pos6.12\vendor\laravel\framework\src\Illuminate\Database\Query\Builder.php(2705): Illuminate\Database\Connection->select('select count(*)...', Array, true)
#3 C:\xampp\htdocs\apply like facebook\pos6.12\vendor\laravel\framework\src\Illuminate\Database\Query\Builder.php(2694): Illuminate\Database\Query\Builder->runSelect()
#4 C:\xampp\htdocs\apply like facebook\pos6.12\vendor\laravel\framework\src\Illuminate\Database\Query\Builder.php(3230): Illuminate\Database\Query\Builder->Illuminate\Database\Query\{closure}()
#5 C:\xampp\htdocs\apply like facebook\pos6.12\vendor\laravel\framework\src\Illuminate\Database\Query\Builder.php(2693): Illuminate\Database\Query\Builder->onceWithColumns(Array, Object(Closure))
#6 C:\xampp\htdocs\apply like facebook\pos6.12\vendor\laravel\framework\src\Illuminate\Database\Query\Builder.php(3157): Illuminate\Database\Query\Builder->get(Array)
#7 C:\xampp\htdocs\apply like facebook\pos6.12\vendor\laravel\framework\src\Illuminate\Database\Query\Builder.php(3085): Illuminate\Database\Query\Builder->aggregate('count', Array)
#8 C:\xampp\htdocs\apply like facebook\pos6.12\vendor\yajra\laravel-datatables-oracle\src\QueryDataTable.php(215): Illuminate\Database\Query\Builder->count()
#9 C:\xampp\htdocs\apply like facebook\pos6.12\vendor\yajra\laravel-datatables-oracle\src\QueryDataTable.php(200): Yajra\DataTables\QueryDataTable->count()
#10 C:\xampp\htdocs\apply like facebook\pos6.12\vendor\yajra\laravel-datatables-oracle\src\DataTableAbstract.php(705): Yajra\DataTables\QueryDataTable->filteredCount()
#11 C:\xampp\htdocs\apply like facebook\pos6.12\vendor\yajra\laravel-datatables-oracle\src\QueryDataTable.php(142): Yajra\DataTables\DataTableAbstract->filterRecords()
#12 C:\xampp\htdocs\apply like facebook\pos6.12\vendor\yajra\laravel-datatables-oracle\src\QueryDataTable.php(99): Yajra\DataTables\QueryDataTable->prepareQuery()
#13 C:\xampp\htdocs\apply like facebook\pos6.12\Modules\LoanManagement\Http\Controllers\LoanInstallmentListController.php(591): Yajra\DataTables\QueryDataTable->make(true)
#14 C:\xampp\htdocs\apply like facebook\pos6.12\vendor\laravel\framework\src\Illuminate\Routing\Controller.php(54): Modules\LoanManagement\Http\Controllers\LoanInstallmentListController->data(Object(Illuminate\Http\Request))
#15 C:\xampp\htdocs\apply like facebook\pos6.12\vendor\laravel\framework\src\Illuminate\Routing\ControllerDispatcher.php(43): Illuminate\Routing\Controller->callAction('data', Array)
#16 C:\xampp\htdocs\apply like facebook\pos6.12\vendor\laravel\framework\src\Illuminate\Routing\Route.php(259): Illuminate\Routing\ControllerDispatcher->dispatch(Object(Illuminate\Routing\Route), Object(Modules\LoanManagement\Http\Controllers\LoanInstallmentListController), 'data')
#17 C:\xampp\htdocs\apply like facebook\pos6.12\vendor\laravel\framework\src\Illuminate\Routing\Route.php(205): Illuminate\Routing\Route->runController()
#18 C:\xampp\htdocs\apply like facebook\pos6.12\vendor\laravel\framework\src\Illuminate\Routing\Router.php(798): Illuminate\Routing\Route->run()
#19 C:\xampp\htdocs\apply like facebook\pos6.12\vendor\laravel\framework\src\Illuminate\Pipeline\Pipeline.php(141): Illuminate\Routing\Router->Illuminate\Routing\{closure}(Object(Illuminate\Http\Request))
#20 C:\xampp\htdocs\apply like facebook\pos6.12\vendor\laravel\framework\src\Illuminate\Auth\Middleware\Authorize.php(45): Illuminate\Pipeline\Pipeline->Illuminate\Pipeline\{closure}(Object(Illuminate\Http\Request))
#21 C:\xampp\htdocs\apply like facebook\pos6.12\vendor\laravel\framework\src\Illuminate\Pipeline\Pipeline.php(180): Illuminate\Auth\Middleware\Authorize->handle(Object(Illuminate\Http\Request), Object(Closure), 'loan_management...')
#22 C:\xampp\htdocs\apply like facebook\pos6.12\app\Http\Middleware\CheckUserLogin.php(22): Illuminate\Pipeline\Pipeline->Illuminate\Pipeline\{closure}(Object(Illuminate\Http\Request))
#23 C:\xampp\htdocs\apply like facebook\pos6.12\vendor\laravel\framework\src\Illuminate\Pipeline\Pipeline.php(180): App\Http\Middleware\CheckUserLogin->handle(Object(Illuminate\Http\Request), Object(Closure))
#24 C:\xampp\htdocs\apply like facebook\pos6.12\app\Http\Middleware\AdminSidebarMenu.php(22): Illuminate\Pipeline\Pipeline->Illuminate\Pipeline\{closure}(Object(Illuminate\Http\Request))
#25 C:\xampp\htdocs\apply like facebook\pos6.12\vendor\laravel\framework\src\Illuminate\Pipeline\Pipeline.php(180): App\Http\Middleware\AdminSidebarMenu->handle(Object(Illuminate\Http\Request), Object(Closure))
#26 C:\xampp\htdocs\apply like facebook\pos6.12\app\Http\Middleware\Timezone.php(30): Illuminate\Pipeline\Pipeline->Illuminate\Pipeline\{closure}(Object(Illuminate\Http\Request))
#27 C:\xampp\htdocs\apply like facebook\pos6.12\vendor\laravel\framework\src\Illuminate\Pipeline\Pipeline.php(180): App\Http\Middleware\Timezone->handle(Object(Illuminate\Http\Request), Object(Closure))
#28 C:\xampp\htdocs\apply like facebook\pos6.12\app\Http\Middleware\Language.php(25): Illuminate\Pipeline\Pipeline->Illuminate\Pipeline\{closure}(Object(Illuminate\Http\Request))
#29 C:\xampp\htdocs\apply like facebook\pos6.12\vendor\laravel\framework\src\Illuminate\Pipeline\Pipeline.php(180): App\Http\Middleware\Language->handle(Object(Illuminate\Http\Request), Object(Closure))
#30 C:\xampp\htdocs\apply like facebook\pos6.12\app\Http\Middleware\SetSessionData.php(52): Illuminate\Pipeline\Pipeline->Illuminate\Pipeline\{closure}(Object(Illuminate\Http\Request))
#31 C:\xampp\htdocs\apply like facebook\pos6.12\vendor\laravel\framework\src\Illuminate\Pipeline\Pipeline.php(180): App\Http\Middleware\SetSessionData->handle(Object(Illuminate\Http\Request), Object(Closure))
#32 C:\xampp\htdocs\apply like facebook\pos6.12\vendor\barryvdh\laravel-debugbar\src\Middleware\InjectDebugbar.php(59): Illuminate\Pipeline\Pipeline->Illuminate\Pipeline\{closure}(Object(Illuminate\Http\Request))
#33 C:\xampp\htdocs\apply like facebook\pos6.12\vendor\laravel\framework\src\Illuminate\Pipeline\Pipeline.php(180): Barryvdh\Debugbar\Middleware\InjectDebugbar->handle(Object(Illuminate\Http\Request), Object(Closure))
#34 C:\xampp\htdocs\apply like facebook\pos6.12\vendor\laravel\framework\src\Illuminate\Routing\Middleware\SubstituteBindings.php(50): Illuminate\Pipeline\Pipeline->Illuminate\Pipeline\{closure}(Object(Illuminate\Http\Request))
#35 C:\xampp\htdocs\apply like facebook\pos6.12\vendor\laravel\framework\src\Illuminate\Pipeline\Pipeline.php(180): Illuminate\Routing\Middleware\SubstituteBindings->handle(Object(Illuminate\Http\Request), Object(Closure))
#36 C:\xampp\htdocs\apply like facebook\pos6.12\vendor\laravel\framework\src\Illuminate\Auth\Middleware\Authenticate.php(44): Illuminate\Pipeline\Pipeline->Illuminate\Pipeline\{closure}(Object(Illuminate\Http\Request))
#37 C:\xampp\htdocs\apply like facebook\pos6.12\vendor\laravel\framework\src\Illuminate\Pipeline\Pipeline.php(180): Illuminate\Auth\Middleware\Authenticate->handle(Object(Illuminate\Http\Request), Object(Closure))
#38 C:\xampp\htdocs\apply like facebook\pos6.12\vendor\laravel\framework\src\Illuminate\Foundation\Http\Middleware\VerifyCsrfToken.php(78): Illuminate\Pipeline\Pipeline->Illuminate\Pipeline\{closure}(Object(Illuminate\Http\Request))
#39 C:\xampp\htdocs\apply like facebook\pos6.12\vendor\laravel\framework\src\Illuminate\Pipeline\Pipeline.php(180): Illuminate\Foundation\Http\Middleware\VerifyCsrfToken->handle(Object(Illuminate\Http\Request), Object(Closure))
#40 C:\xampp\htdocs\apply like facebook\pos6.12\vendor\laravel\framework\src\Illuminate\View\Middleware\ShareErrorsFromSession.php(49): Illuminate\Pipeline\Pipeline->Illuminate\Pipeline\{closure}(Object(Illuminate\Http\Request))
#41 C:\xampp\htdocs\apply like facebook\pos6.12\vendor\laravel\framework\src\Illuminate\Pipeline\Pipeline.php(180): Illuminate\View\Middleware\ShareErrorsFromSession->handle(Object(Illuminate\Http\Request), Object(Closure))
#42 C:\xampp\htdocs\apply like facebook\pos6.12\vendor\laravel\framework\src\Illuminate\Session\Middleware\StartSession.php(121): Illuminate\Pipeline\Pipeline->Illuminate\Pipeline\{closure}(Object(Illuminate\Http\Request))
#43 C:\xampp\htdocs\apply like facebook\pos6.12\vendor\laravel\framework\src\Illuminate\Session\Middleware\StartSession.php(64): Illuminate\Session\Middleware\StartSession->handleStatefulRequest(Object(Illuminate\Http\Request), Object(Illuminate\Session\Store), Object(Closure))
#44 C:\xampp\htdocs\apply like facebook\pos6.12\vendor\laravel\framework\src\Illuminate\Pipeline\Pipeline.php(180): Illuminate\Session\Middleware\StartSession->handle(Object(Illuminate\Http\Request), Object(Closure))
#45 C:\xampp\htdocs\apply like facebook\pos6.12\vendor\laravel\framework\src\Illuminate\Cookie\Middleware\AddQueuedCookiesToResponse.php(37): Illuminate\Pipeline\Pipeline->Illuminate\Pipeline\{closure}(Object(Illuminate\Http\Request))
#46 C:\xampp\htdocs\apply like facebook\pos6.12\vendor\laravel\framework\src\Illuminate\Pipeline\Pipeline.php(180): Illuminate\Cookie\Middleware\AddQueuedCookiesToResponse->handle(Object(Illuminate\Http\Request), Object(Closure))
#47 C:\xampp\htdocs\apply like facebook\pos6.12\vendor\laravel\framework\src\Illuminate\Cookie\Middleware\EncryptCookies.php(67): Illuminate\Pipeline\Pipeline->Illuminate\Pipeline\{closure}(Object(Illuminate\Http\Request))
#48 C:\xampp\htdocs\apply like facebook\pos6.12\vendor\laravel\framework\src\Illuminate\Pipeline\Pipeline.php(180): Illuminate\Cookie\Middleware\EncryptCookies->handle(Object(Illuminate\Http\Request), Object(Closure))
#49 C:\xampp\htdocs\apply like facebook\pos6.12\vendor\laravel\framework\src\Illuminate\Pipeline\Pipeline.php(116): Illuminate\Pipeline\Pipeline->Illuminate\Pipeline\{closure}(Object(Illuminate\Http\Request))
#50 C:\xampp\htdocs\apply like facebook\pos6.12\vendor\laravel\framework\src\Illuminate\Routing\Router.php(797): Illuminate\Pipeline\Pipeline->then(Object(Closure))
#51 C:\xampp\htdocs\apply like facebook\pos6.12\vendor\laravel\framework\src\Illuminate\Routing\Router.php(776): Illuminate\Routing\Router->runRouteWithinStack(Object(Illuminate\Routing\Route), Object(Illuminate\Http\Request))
#52 C:\xampp\htdocs\apply like facebook\pos6.12\vendor\laravel\framework\src\Illuminate\Routing\Router.php(740): Illuminate\Routing\Router->runRoute(Object(Illuminate\Http\Request), Object(Illuminate\Routing\Route))
#53 C:\xampp\htdocs\apply like facebook\pos6.12\vendor\laravel\framework\src\Illuminate\Routing\Router.php(729): Illuminate\Routing\Router->dispatchToRoute(Object(Illuminate\Http\Request))
#54 C:\xampp\htdocs\apply like facebook\pos6.12\vendor\laravel\framework\src\Illuminate\Foundation\Http\Kernel.php(190): Illuminate\Routing\Router->dispatch(Object(Illuminate\Http\Request))
#55 C:\xampp\htdocs\apply like facebook\pos6.12\vendor\laravel\framework\src\Illuminate\Pipeline\Pipeline.php(141): Illuminate\Foundation\Http\Kernel->Illuminate\Foundation\Http\{closure}(Object(Illuminate\Http\Request))
#56 C:\xampp\htdocs\apply like facebook\pos6.12\vendor\barryvdh\laravel-debugbar\src\Middleware\InjectDebugbar.php(59): Illuminate\Pipeline\Pipeline->Illuminate\Pipeline\{closure}(Object(Illuminate\Http\Request))
#57 C:\xampp\htdocs\apply like facebook\pos6.12\vendor\laravel\framework\src\Illuminate\Pipeline\Pipeline.php(180): Barryvdh\Debugbar\Middleware\InjectDebugbar->handle(Object(Illuminate\Http\Request), Object(Closure))
#58 C:\xampp\htdocs\apply like facebook\pos6.12\vendor\laravel\framework\src\Illuminate\Foundation\Http\Middleware\TransformsRequest.php(21): Illuminate\Pipeline\Pipeline->Illuminate\Pipeline\{closure}(Object(Illuminate\Http\Request))
#59 C:\xampp\htdocs\apply like facebook\pos6.12\vendor\laravel\framework\src\Illuminate\Foundation\Http\Middleware\ConvertEmptyStringsToNull.php(31): Illuminate\Foundation\Http\Middleware\TransformsRequest->handle(Object(Illuminate\Http\Request), Object(Closure))
#60 C:\xampp\htdocs\apply like facebook\pos6.12\vendor\laravel\framework\src\Illuminate\Pipeline\Pipeline.php(180): Illuminate\Foundation\Http\Middleware\ConvertEmptyStringsToNull->handle(Object(Illuminate\Http\Request), Object(Closure))
#61 C:\xampp\htdocs\apply like facebook\pos6.12\vendor\laravel\framework\src\Illuminate\Foundation\Http\Middleware\TransformsRequest.php(21): Illuminate\Pipeline\Pipeline->Illuminate\Pipeline\{closure}(Object(Illuminate\Http\Request))
#62 C:\xampp\htdocs\apply like facebook\pos6.12\vendor\laravel\framework\src\Illuminate\Foundation\Http\Middleware\TrimStrings.php(40): Illuminate\Foundation\Http\Middleware\TransformsRequest->handle(Object(Illuminate\Http\Request), Object(Closure))
#63 C:\xampp\htdocs\apply like facebook\pos6.12\vendor\laravel\framework\src\Illuminate\Pipeline\Pipeline.php(180): Illuminate\Foundation\Http\Middleware\TrimStrings->handle(Object(Illuminate\Http\Request), Object(Closure))
#64 C:\xampp\htdocs\apply like facebook\pos6.12\vendor\laravel\framework\src\Illuminate\Foundation\Http\Middleware\ValidatePostSize.php(27): Illuminate\Pipeline\Pipeline->Illuminate\Pipeline\{closure}(Object(Illuminate\Http\Request))
#65 C:\xampp\htdocs\apply like facebook\pos6.12\vendor\laravel\framework\src\Illuminate\Pipeline\Pipeline.php(180): Illuminate\Foundation\Http\Middleware\ValidatePostSize->handle(Object(Illuminate\Http\Request), Object(Closure))
#66 C:\xampp\htdocs\apply like facebook\pos6.12\vendor\laravel\framework\src\Illuminate\Foundation\Http\Middleware\PreventRequestsDuringMaintenance.php(86): Illuminate\Pipeline\Pipeline->Illuminate\Pipeline\{closure}(Object(Illuminate\Http\Request))
#67 C:\xampp\htdocs\apply like facebook\pos6.12\vendor\laravel\framework\src\Illuminate\Pipeline\Pipeline.php(180): Illuminate\Foundation\Http\Middleware\PreventRequestsDuringMaintenance->handle(Object(Illuminate\Http\Request), Object(Closure))
#68 C:\xampp\htdocs\apply like facebook\pos6.12\vendor\laravel\framework\src\Illuminate\Http\Middleware\HandleCors.php(49): Illuminate\Pipeline\Pipeline->Illuminate\Pipeline\{closure}(Object(Illuminate\Http\Request))
#69 C:\xampp\htdocs\apply like facebook\pos6.12\vendor\laravel\framework\src\Illuminate\Pipeline\Pipeline.php(180): Illuminate\Http\Middleware\HandleCors->handle(Object(Illuminate\Http\Request), Object(Closure))
#70 C:\xampp\htdocs\apply like facebook\pos6.12\vendor\laravel\framework\src\Illuminate\Http\Middleware\TrustProxies.php(39): Illuminate\Pipeline\Pipeline->Illuminate\Pipeline\{closure}(Object(Illuminate\Http\Request))
#71 C:\xampp\htdocs\apply like facebook\pos6.12\vendor\laravel\framework\src\Illuminate\Pipeline\Pipeline.php(180): Illuminate\Http\Middleware\TrustProxies->handle(Object(Illuminate\Http\Request), Object(Closure))
#72 C:\xampp\htdocs\apply like facebook\pos6.12\vendor\laravel\framework\src\Illuminate\Pipeline\Pipeline.php(116): Illuminate\Pipeline\Pipeline->Illuminate\Pipeline\{closure}(Object(Illuminate\Http\Request))
#73 C:\xampp\htdocs\apply like facebook\pos6.12\vendor\laravel\framework\src\Illuminate\Foundation\Http\Kernel.php(165): Illuminate\Pipeline\Pipeline->then(Object(Closure))
#74 C:\xampp\htdocs\apply like facebook\pos6.12\vendor\laravel\framework\src\Illuminate\Foundation\Http\Kernel.php(134): Illuminate\Foundation\Http\Kernel->sendRequestThroughRouter(Object(Illuminate\Http\Request))
#75 C:\xampp\htdocs\apply like facebook\pos6.12\public\index.php(56): Illuminate\Foundation\Http\Kernel->handle(Object(Illuminate\Http\Request))
#76 C:\xampp\htdocs\apply like facebook\pos6.12\vendor\laravel\framework\src\Illuminate\Foundation\resources\server.php(16): require_once('C:\\xampp\\htdocs...')
#77 {main}  
[2026-05-24 08:45:38] local.ERROR: PDOException: SQLSTATE[42S22]: Column not found: 1054 Unknown column 'l.location_name_snapshot' in 'where clause' in C:\xampp\htdocs\apply like facebook\pos6.12\vendor\laravel\framework\src\Illuminate\Database\Connection.php:414
Stack trace:
#0 C:\xampp\htdocs\apply like facebook\pos6.12\vendor\laravel\framework\src\Illuminate\Database\Connection.php(414): PDO->prepare('select count(*)...')
#1 C:\xampp\htdocs\apply like facebook\pos6.12\vendor\laravel\framework\src\Illuminate\Database\Connection.php(753): Illuminate\Database\Connection->Illuminate\Database\{closure}('select count(*)...', Array)
#2 C:\xampp\htdocs\apply like facebook\pos6.12\vendor\laravel\framework\src\Illuminate\Database\Connection.php(720): Illuminate\Database\Connection->runQueryCallback('select count(*)...', Array, Object(Closure))
#3 C:\xampp\htdocs\apply like facebook\pos6.12\vendor\laravel\framework\src\Illuminate\Database\Connection.php(405): Illuminate\Database\Connection->run('select count(*)...', Array, Object(Closure))
#4 C:\xampp\htdocs\apply like facebook\pos6.12\vendor\laravel\framework\src\Illuminate\Database\Query\Builder.php(2705): Illuminate\Database\Connection->select('select count(*)...', Array, true)
#5 C:\xampp\htdocs\apply like facebook\pos6.12\vendor\laravel\framework\src\Illuminate\Database\Query\Builder.php(2694): Illuminate\Database\Query\Builder->runSelect()
#6 C:\xampp\htdocs\apply like facebook\pos6.12\vendor\laravel\framework\src\Illuminate\Database\Query\Builder.php(3230): Illuminate\Database\Query\Builder->Illuminate\Database\Query\{closure}()
#7 C:\xampp\htdocs\apply like facebook\pos6.12\vendor\laravel\framework\src\Illuminate\Database\Query\Builder.php(2693): Illuminate\Database\Query\Builder->onceWithColumns(Array, Object(Closure))
#8 C:\xampp\htdocs\apply like facebook\pos6.12\vendor\laravel\framework\src\Illuminate\Database\Query\Builder.php(3157): Illuminate\Database\Query\Builder->get(Array)
#9 C:\xampp\htdocs\apply like facebook\pos6.12\vendor\laravel\framework\src\Illuminate\Database\Query\Builder.php(3085): Illuminate\Database\Query\Builder->aggregate('count', Array)
#10 C:\xampp\htdocs\apply like facebook\pos6.12\vendor\yajra\laravel-datatables-oracle\src\QueryDataTable.php(215): Illuminate\Database\Query\Builder->count()
#11 C:\xampp\htdocs\apply like facebook\pos6.12\vendor\yajra\laravel-datatables-oracle\src\QueryDataTable.php(200): Yajra\DataTables\QueryDataTable->count()
#12 C:\xampp\htdocs\apply like facebook\pos6.12\vendor\yajra\laravel-datatables-oracle\src\DataTableAbstract.php(705): Yajra\DataTables\QueryDataTable->filteredCount()
#13 C:\xampp\htdocs\apply like facebook\pos6.12\vendor\yajra\laravel-datatables-oracle\src\QueryDataTable.php(142): Yajra\DataTables\DataTableAbstract->filterRecords()
#14 C:\xampp\htdocs\apply like facebook\pos6.12\vendor\yajra\laravel-datatables-oracle\src\QueryDataTable.php(99): Yajra\DataTables\QueryDataTable->prepareQuery()
#15 C:\xampp\htdocs\apply like facebook\pos6.12\Modules\LoanManagement\Http\Controllers\LoanInstallmentListController.php(591): Yajra\DataTables\QueryDataTable->make(true)
#16 C:\xampp\htdocs\apply like facebook\pos6.12\vendor\laravel\framework\src\Illuminate\Routing\Controller.php(54): Modules\LoanManagement\Http\Controllers\LoanInstallmentListController->data(Object(Illuminate\Http\Request))
#17 C:\xampp\htdocs\apply like facebook\pos6.12\vendor\laravel\framework\src\Illuminate\Routing\ControllerDispatcher.php(43): Illuminate\Routing\Controller->callAction('data', Array)
#18 C:\xampp\htdocs\apply like facebook\pos6.12\vendor\laravel\framework\src\Illuminate\Routing\Route.php(259): Illuminate\Routing\ControllerDispatcher->dispatch(Object(Illuminate\Routing\Route), Object(Modules\LoanManagement\Http\Controllers\LoanInstallmentListController), 'data')
#19 C:\xampp\htdocs\apply like facebook\pos6.12\vendor\laravel\framework\src\Illuminate\Routing\Route.php(205): Illuminate\Routing\Route->runController()
#20 C:\xampp\htdocs\apply like facebook\pos6.12\vendor\laravel\framework\src\Illuminate\Routing\Router.php(798): Illuminate\Routing\Route->run()
#21 C:\xampp\htdocs\apply like facebook\pos6.12\vendor\laravel\framework\src\Illuminate\Pipeline\Pipeline.php(141): Illuminate\Routing\Router->Illuminate\Routing\{closure}(Object(Illuminate\Http\Request))
#22 C:\xampp\htdocs\apply like facebook\pos6.12\vendor\laravel\framework\src\Illuminate\Auth\Middleware\Authorize.php(45): Illuminate\Pipeline\Pipeline->Illuminate\Pipeline\{closure}(Object(Illuminate\Http\Request))
#23 C:\xampp\htdocs\apply like facebook\pos6.12\vendor\laravel\framework\src\Illuminate\Pipeline\Pipeline.php(180): Illuminate\Auth\Middleware\Authorize->handle(Object(Illuminate\Http\Request), Object(Closure), 'loan_management...')
#24 C:\xampp\htdocs\apply like facebook\pos6.12\app\Http\Middleware\CheckUserLogin.php(22): Illuminate\Pipeline\Pipeline->Illuminate\Pipeline\{closure}(Object(Illuminate\Http\Request))
#25 C:\xampp\htdocs\apply like facebook\pos6.12\vendor\laravel\framework\src\Illuminate\Pipeline\Pipeline.php(180): App\Http\Middleware\CheckUserLogin->handle(Object(Illuminate\Http\Request), Object(Closure))
#26 C:\xampp\htdocs\apply like facebook\pos6.12\app\Http\Middleware\AdminSidebarMenu.php(22): Illuminate\Pipeline\Pipeline->Illuminate\Pipeline\{closure}(Object(Illuminate\Http\Request))
#27 C:\xampp\htdocs\apply like facebook\pos6.12\vendor\laravel\framework\src\Illuminate\Pipeline\Pipeline.php(180): App\Http\Middleware\AdminSidebarMenu->handle(Object(Illuminate\Http\Request), Object(Closure))
#28 C:\xampp\htdocs\apply like facebook\pos6.12\app\Http\Middleware\Timezone.php(30): Illuminate\Pipeline\Pipeline->Illuminate\Pipeline\{closure}(Object(Illuminate\Http\Request))
#29 C:\xampp\htdocs\apply like facebook\pos6.12\vendor\laravel\framework\src\Illuminate\Pipeline\Pipeline.php(180): App\Http\Middleware\Timezone->handle(Object(Illuminate\Http\Request), Object(Closure))
#30 C:\xampp\htdocs\apply like facebook\pos6.12\app\Http\Middleware\Language.php(25): Illuminate\Pipeline\Pipeline->Illuminate\Pipeline\{closure}(Object(Illuminate\Http\Request))
#31 C:\xampp\htdocs\apply like facebook\pos6.12\vendor\laravel\framework\src\Illuminate\Pipeline\Pipeline.php(180): App\Http\Middleware\Language->handle(Object(Illuminate\Http\Request), Object(Closure))
#32 C:\xampp\htdocs\apply like facebook\pos6.12\app\Http\Middleware\SetSessionData.php(52): Illuminate\Pipeline\Pipeline->Illuminate\Pipeline\{closure}(Object(Illuminate\Http\Request))
#33 C:\xampp\htdocs\apply like facebook\pos6.12\vendor\laravel\framework\src\Illuminate\Pipeline\Pipeline.php(180): App\Http\Middleware\SetSessionData->handle(Object(Illuminate\Http\Request), Object(Closure))
#34 C:\xampp\htdocs\apply like facebook\pos6.12\vendor\barryvdh\laravel-debugbar\src\Middleware\InjectDebugbar.php(59): Illuminate\Pipeline\Pipeline->Illuminate\Pipeline\{closure}(Object(Illuminate\Http\Request))
#35 C:\xampp\htdocs\apply like facebook\pos6.12\vendor\laravel\framework\src\Illuminate\Pipeline\Pipeline.php(180): Barryvdh\Debugbar\Middleware\InjectDebugbar->handle(Object(Illuminate\Http\Request), Object(Closure))
#36 C:\xampp\htdocs\apply like facebook\pos6.12\vendor\laravel\framework\src\Illuminate\Routing\Middleware\SubstituteBindings.php(50): Illuminate\Pipeline\Pipeline->Illuminate\Pipeline\{closure}(Object(Illuminate\Http\Request))
#37 C:\xampp\htdocs\apply like facebook\pos6.12\vendor\laravel\framework\src\Illuminate\Pipeline\Pipeline.php(180): Illuminate\Routing\Middleware\SubstituteBindings->handle(Object(Illuminate\Http\Request), Object(Closure))
#38 C:\xampp\htdocs\apply like facebook\pos6.12\vendor\laravel\framework\src\Illuminate\Auth\Middleware\Authenticate.php(44): Illuminate\Pipeline\Pipeline->Illuminate\Pipeline\{closure}(Object(Illuminate\Http\Request))
#39 C:\xampp\htdocs\apply like facebook\pos6.12\vendor\laravel\framework\src\Illuminate\Pipeline\Pipeline.php(180): Illuminate\Auth\Middleware\Authenticate->handle(Object(Illuminate\Http\Request), Object(Closure))
#40 C:\xampp\htdocs\apply like facebook\pos6.12\vendor\laravel\framework\src\Illuminate\Foundation\Http\Middleware\VerifyCsrfToken.php(78): Illuminate\Pipeline\Pipeline->Illuminate\Pipeline\{closure}(Object(Illuminate\Http\Request))
#41 C:\xampp\htdocs\apply like facebook\pos6.12\vendor\laravel\framework\src\Illuminate\Pipeline\Pipeline.php(180): Illuminate\Foundation\Http\Middleware\VerifyCsrfToken->handle(Object(Illuminate\Http\Request), Object(Closure))
#42 C:\xampp\htdocs\apply like facebook\pos6.12\vendor\laravel\framework\src\Illuminate\View\Middleware\ShareErrorsFromSession.php(49): Illuminate\Pipeline\Pipeline->Illuminate\Pipeline\{closure}(Object(Illuminate\Http\Request))
#43 C:\xampp\htdocs\apply like facebook\pos6.12\vendor\laravel\framework\src\Illuminate\Pipeline\Pipeline.php(180): Illuminate\View\Middleware\ShareErrorsFromSession->handle(Object(Illuminate\Http\Request), Object(Closure))
#44 C:\xampp\htdocs\apply like facebook\pos6.12\vendor\laravel\framework\src\Illuminate\Session\Middleware\StartSession.php(121): Illuminate\Pipeline\Pipeline->Illuminate\Pipeline\{closure}(Object(Illuminate\Http\Request))
#45 C:\xampp\htdocs\apply like facebook\pos6.12\vendor\laravel\framework\src\Illuminate\Session\Middleware\StartSession.php(64): Illuminate\Session\Middleware\StartSession->handleStatefulRequest(Object(Illuminate\Http\Request), Object(Illuminate\Session\Store), Object(Closure))
#46 C:\xampp\htdocs\apply like facebook\pos6.12\vendor\laravel\framework\src\Illuminate\Pipeline\Pipeline.php(180): Illuminate\Session\Middleware\StartSession->handle(Object(Illuminate\Http\Request), Object(Closure))
#47 C:\xampp\htdocs\apply like facebook\pos6.12\vendor\laravel\framework\src\Illuminate\Cookie\Middleware\AddQueuedCookiesToResponse.php(37): Illuminate\Pipeline\Pipeline->Illuminate\Pipeline\{closure}(Object(Illuminate\Http\Request))
#48 C:\xampp\htdocs\apply like facebook\pos6.12\vendor\laravel\framework\src\Illuminate\Pipeline\Pipeline.php(180): Illuminate\Cookie\Middleware\AddQueuedCookiesToResponse->handle(Object(Illuminate\Http\Request), Object(Closure))
#49 C:\xampp\htdocs\apply like facebook\pos6.12\vendor\laravel\framework\src\Illuminate\Cookie\Middleware\EncryptCookies.php(67): Illuminate\Pipeline\Pipeline->Illuminate\Pipeline\{closure}(Object(Illuminate\Http\Request))
#50 C:\xampp\htdocs\apply like facebook\pos6.12\vendor\laravel\framework\src\Illuminate\Pipeline\Pipeline.php(180): Illuminate\Cookie\Middleware\EncryptCookies->handle(Object(Illuminate\Http\Request), Object(Closure))
#51 C:\xampp\htdocs\apply like facebook\pos6.12\vendor\laravel\framework\src\Illuminate\Pipeline\Pipeline.php(116): Illuminate\Pipeline\Pipeline->Illuminate\Pipeline\{closure}(Object(Illuminate\Http\Request))
#52 C:\xampp\htdocs\apply like facebook\pos6.12\vendor\laravel\framework\src\Illuminate\Routing\Router.php(797): Illuminate\Pipeline\Pipeline->then(Object(Closure))
#53 C:\xampp\htdocs\apply like facebook\pos6.12\vendor\laravel\framework\src\Illuminate\Routing\Router.php(776): Illuminate\Routing\Router->runRouteWithinStack(Object(Illuminate\Routing\Route), Object(Illuminate\Http\Request))
#54 C:\xampp\htdocs\apply like facebook\pos6.12\vendor\laravel\framework\src\Illuminate\Routing\Router.php(740): Illuminate\Routing\Router->runRoute(Object(Illuminate\Http\Request), Object(Illuminate\Routing\Route))
#55 C:\xampp\htdocs\apply like facebook\pos6.12\vendor\laravel\framework\src\Illuminate\Routing\Router.php(729): Illuminate\Routing\Router->dispatchToRoute(Object(Illuminate\Http\Request))
#56 C:\xampp\htdocs\apply like facebook\pos6.12\vendor\laravel\framework\src\Illuminate\Foundation\Http\Kernel.php(190): Illuminate\Routing\Router->dispatch(Object(Illuminate\Http\Request))
#57 C:\xampp\htdocs\apply like facebook\pos6.12\vendor\laravel\framework\src\Illuminate\Pipeline\Pipeline.php(141): Illuminate\Foundation\Http\Kernel->Illuminate\Foundation\Http\{closure}(Object(Illuminate\Http\Request))
#58 C:\xampp\htdocs\apply like facebook\pos6.12\vendor\barryvdh\laravel-debugbar\src\Middleware\InjectDebugbar.php(59): Illuminate\Pipeline\Pipeline->Illuminate\Pipeline\{closure}(Object(Illuminate\Http\Request))
#59 C:\xampp\htdocs\apply like facebook\pos6.12\vendor\laravel\framework\src\Illuminate\Pipeline\Pipeline.php(180): Barryvdh\Debugbar\Middleware\InjectDebugbar->handle(Object(Illuminate\Http\Request), Object(Closure))
#60 C:\xampp\htdocs\apply like facebook\pos6.12\vendor\laravel\framework\src\Illuminate\Foundation\Http\Middleware\TransformsRequest.php(21): Illuminate\Pipeline\Pipeline->Illuminate\Pipeline\{closure}(Object(Illuminate\Http\Request))
#61 C:\xampp\htdocs\apply like facebook\pos6.12\vendor\laravel\framework\src\Illuminate\Foundation\Http\Middleware\ConvertEmptyStringsToNull.php(31): Illuminate\Foundation\Http\Middleware\TransformsRequest->handle(Object(Illuminate\Http\Request), Object(Closure))
#62 C:\xampp\htdocs\apply like facebook\pos6.12\vendor\laravel\framework\src\Illuminate\Pipeline\Pipeline.php(180): Illuminate\Foundation\Http\Middleware\ConvertEmptyStringsToNull->handle(Object(Illuminate\Http\Request), Object(Closure))
#63 C:\xampp\htdocs\apply like facebook\pos6.12\vendor\laravel\framework\src\Illuminate\Foundation\Http\Middleware\TransformsRequest.php(21): Illuminate\Pipeline\Pipeline->Illuminate\Pipeline\{closure}(Object(Illuminate\Http\Request))
#64 C:\xampp\htdocs\apply like facebook\pos6.12\vendor\laravel\framework\src\Illuminate\Foundation\Http\Middleware\TrimStrings.php(40): Illuminate\Foundation\Http\Middleware\TransformsRequest->handle(Object(Illuminate\Http\Request), Object(Closure))
#65 C:\xampp\htdocs\apply like facebook\pos6.12\vendor\laravel\framework\src\Illuminate\Pipeline\Pipeline.php(180): Illuminate\Foundation\Http\Middleware\TrimStrings->handle(Object(Illuminate\Http\Request), Object(Closure))
#66 C:\xampp\htdocs\apply like facebook\pos6.12\vendor\laravel\framework\src\Illuminate\Foundation\Http\Middleware\ValidatePostSize.php(27): Illuminate\Pipeline\Pipeline->Illuminate\Pipeline\{closure}(Object(Illuminate\Http\Request))
#67 C:\xampp\htdocs\apply like facebook\pos6.12\vendor\laravel\framework\src\Illuminate\Pipeline\Pipeline.php(180): Illuminate\Foundation\Http\Middleware\ValidatePostSize->handle(Object(Illuminate\Http\Request), Object(Closure))
#68 C:\xampp\htdocs\apply like facebook\pos6.12\vendor\laravel\framework\src\Illuminate\Foundation\Http\Middleware\PreventRequestsDuringMaintenance.php(86): Illuminate\Pipeline\Pipeline->Illuminate\Pipeline\{closure}(Object(Illuminate\Http\Request))
#69 C:\xampp\htdocs\apply like facebook\pos6.12\vendor\laravel\framework\src\Illuminate\Pipeline\Pipeline.php(180): Illuminate\Foundation\Http\Middleware\PreventRequestsDuringMaintenance->handle(Object(Illuminate\Http\Request), Object(Closure))
#70 C:\xampp\htdocs\apply like facebook\pos6.12\vendor\laravel\framework\src\Illuminate\Http\Middleware\HandleCors.php(49): Illuminate\Pipeline\Pipeline->Illuminate\Pipeline\{closure}(Object(Illuminate\Http\Request))
#71 C:\xampp\htdocs\apply like facebook\pos6.12\vendor\laravel\framework\src\Illuminate\Pipeline\Pipeline.php(180): Illuminate\Http\Middleware\HandleCors->handle(Object(Illuminate\Http\Request), Object(Closure))
#72 C:\xampp\htdocs\apply like facebook\pos6.12\vendor\laravel\framework\src\Illuminate\Http\Middleware\TrustProxies.php(39): Illuminate\Pipeline\Pipeline->Illuminate\Pipeline\{closure}(Object(Illuminate\Http\Request))
#73 C:\xampp\htdocs\apply like facebook\pos6.12\vendor\laravel\framework\src\Illuminate\Pipeline\Pipeline.php(180): Illuminate\Http\Middleware\TrustProxies->handle(Object(Illuminate\Http\Request), Object(Closure))
#74 C:\xampp\htdocs\apply like facebook\pos6.12\vendor\laravel\framework\src\Illuminate\Pipeline\Pipeline.php(116): Illuminate\Pipeline\Pipeline->Illuminate\Pipeline\{closure}(Object(Illuminate\Http\Request))
#75 C:\xampp\htdocs\apply like facebook\pos6.12\vendor\laravel\framework\src\Illuminate\Foundation\Http\Kernel.php(165): Illuminate\Pipeline\Pipeline->then(Object(Closure))
#76 C:\xampp\htdocs\apply like facebook\pos6.12\vendor\laravel\framework\src\Illuminate\Foundation\Http\Kernel.php(134): Illuminate\Foundation\Http\Kernel->sendRequestThroughRouter(Object(Illuminate\Http\Request))
#77 C:\xampp\htdocs\apply like facebook\pos6.12\public\index.php(56): Illuminate\Foundation\Http\Kernel->handle(Object(Illuminate\Http\Request))
#78 C:\xampp\htdocs\apply like facebook\pos6.12\vendor\laravel\framework\src\Illuminate\Foundation\resources\server.php(16): require_once('C:\\xampp\\htdocs...')
#79 {main}

Next Illuminate\Database\QueryException: SQLSTATE[42S22]: Column not found: 1054 Unknown column 'l.location_name_snapshot' in 'where clause' (SQL: select count(*) as aggregate from `loans` as `l` where (LOWER(`l`.`loan_number`) LIKE %008036% or LOWER(`l`.`loan_date`) LIKE %008036% or LOWER(`l`.`source_invoice_no`) LIKE %008036% or LOWER(`l`.`customer_name_snapshot`) LIKE %008036% or LOWER(`l`.`customer_phone_snapshot`) LIKE %008036% or LOWER(`l`.`location_name_snapshot`) LIKE %008036% or LOWER(`l`.`collector_name_snapshot`) LIKE %008036% or LOWER(`l`.`principal_amount`) LIKE %008036% or LOWER(`l`.`paid_amount`) LIKE %008036% or LOWER(`l`.`balance_amount`) LIKE %008036% or LOWER(`l`.`status`) LIKE %008036% or LOWER(`l`.`currency`) LIKE %008036%)) in C:\xampp\htdocs\apply like facebook\pos6.12\vendor\laravel\framework\src\Illuminate\Database\Connection.php:760
Stack trace:
#0 C:\xampp\htdocs\apply like facebook\pos6.12\vendor\laravel\framework\src\Illuminate\Database\Connection.php(720): Illuminate\Database\Connection->runQueryCallback('select count(*)...', Array, Object(Closure))
#1 C:\xampp\htdocs\apply like facebook\pos6.12\vendor\laravel\framework\src\Illuminate\Database\Connection.php(405): Illuminate\Database\Connection->run('select count(*)...', Array, Object(Closure))
#2 C:\xampp\htdocs\apply like facebook\pos6.12\vendor\laravel\framework\src\Illuminate\Database\Query\Builder.php(2705): Illuminate\Database\Connection->select('select count(*)...', Array, true)
#3 C:\xampp\htdocs\apply like facebook\pos6.12\vendor\laravel\framework\src\Illuminate\Database\Query\Builder.php(2694): Illuminate\Database\Query\Builder->runSelect()
#4 C:\xampp\htdocs\apply like facebook\pos6.12\vendor\laravel\framework\src\Illuminate\Database\Query\Builder.php(3230): Illuminate\Database\Query\Builder->Illuminate\Database\Query\{closure}()
#5 C:\xampp\htdocs\apply like facebook\pos6.12\vendor\laravel\framework\src\Illuminate\Database\Query\Builder.php(2693): Illuminate\Database\Query\Builder->onceWithColumns(Array, Object(Closure))
#6 C:\xampp\htdocs\apply like facebook\pos6.12\vendor\laravel\framework\src\Illuminate\Database\Query\Builder.php(3157): Illuminate\Database\Query\Builder->get(Array)
#7 C:\xampp\htdocs\apply like facebook\pos6.12\vendor\laravel\framework\src\Illuminate\Database\Query\Builder.php(3085): Illuminate\Database\Query\Builder->aggregate('count', Array)
#8 C:\xampp\htdocs\apply like facebook\pos6.12\vendor\yajra\laravel-datatables-oracle\src\QueryDataTable.php(215): Illuminate\Database\Query\Builder->count()
#9 C:\xampp\htdocs\apply like facebook\pos6.12\vendor\yajra\laravel-datatables-oracle\src\QueryDataTable.php(200): Yajra\DataTables\QueryDataTable->count()
#10 C:\xampp\htdocs\apply like facebook\pos6.12\vendor\yajra\laravel-datatables-oracle\src\DataTableAbstract.php(705): Yajra\DataTables\QueryDataTable->filteredCount()
#11 C:\xampp\htdocs\apply like facebook\pos6.12\vendor\yajra\laravel-datatables-oracle\src\QueryDataTable.php(142): Yajra\DataTables\DataTableAbstract->filterRecords()
#12 C:\xampp\htdocs\apply like facebook\pos6.12\vendor\yajra\laravel-datatables-oracle\src\QueryDataTable.php(99): Yajra\DataTables\QueryDataTable->prepareQuery()
#13 C:\xampp\htdocs\apply like facebook\pos6.12\Modules\LoanManagement\Http\Controllers\LoanInstallmentListController.php(591): Yajra\DataTables\QueryDataTable->make(true)
#14 C:\xampp\htdocs\apply like facebook\pos6.12\vendor\laravel\framework\src\Illuminate\Routing\Controller.php(54): Modules\LoanManagement\Http\Controllers\LoanInstallmentListController->data(Object(Illuminate\Http\Request))
#15 C:\xampp\htdocs\apply like facebook\pos6.12\vendor\laravel\framework\src\Illuminate\Routing\ControllerDispatcher.php(43): Illuminate\Routing\Controller->callAction('data', Array)
#16 C:\xampp\htdocs\apply like facebook\pos6.12\vendor\laravel\framework\src\Illuminate\Routing\Route.php(259): Illuminate\Routing\ControllerDispatcher->dispatch(Object(Illuminate\Routing\Route), Object(Modules\LoanManagement\Http\Controllers\LoanInstallmentListController), 'data')
#17 C:\xampp\htdocs\apply like facebook\pos6.12\vendor\laravel\framework\src\Illuminate\Routing\Route.php(205): Illuminate\Routing\Route->runController()
#18 C:\xampp\htdocs\apply like facebook\pos6.12\vendor\laravel\framework\src\Illuminate\Routing\Router.php(798): Illuminate\Routing\Route->run()
#19 C:\xampp\htdocs\apply like facebook\pos6.12\vendor\laravel\framework\src\Illuminate\Pipeline\Pipeline.php(141): Illuminate\Routing\Router->Illuminate\Routing\{closure}(Object(Illuminate\Http\Request))
#20 C:\xampp\htdocs\apply like facebook\pos6.12\vendor\laravel\framework\src\Illuminate\Auth\Middleware\Authorize.php(45): Illuminate\Pipeline\Pipeline->Illuminate\Pipeline\{closure}(Object(Illuminate\Http\Request))
#21 C:\xampp\htdocs\apply like facebook\pos6.12\vendor\laravel\framework\src\Illuminate\Pipeline\Pipeline.php(180): Illuminate\Auth\Middleware\Authorize->handle(Object(Illuminate\Http\Request), Object(Closure), 'loan_management...')
#22 C:\xampp\htdocs\apply like facebook\pos6.12\app\Http\Middleware\CheckUserLogin.php(22): Illuminate\Pipeline\Pipeline->Illuminate\Pipeline\{closure}(Object(Illuminate\Http\Request))
#23 C:\xampp\htdocs\apply like facebook\pos6.12\vendor\laravel\framework\src\Illuminate\Pipeline\Pipeline.php(180): App\Http\Middleware\CheckUserLogin->handle(Object(Illuminate\Http\Request), Object(Closure))
#24 C:\xampp\htdocs\apply like facebook\pos6.12\app\Http\Middleware\AdminSidebarMenu.php(22): Illuminate\Pipeline\Pipeline->Illuminate\Pipeline\{closure}(Object(Illuminate\Http\Request))
#25 C:\xampp\htdocs\apply like facebook\pos6.12\vendor\laravel\framework\src\Illuminate\Pipeline\Pipeline.php(180): App\Http\Middleware\AdminSidebarMenu->handle(Object(Illuminate\Http\Request), Object(Closure))
#26 C:\xampp\htdocs\apply like facebook\pos6.12\app\Http\Middleware\Timezone.php(30): Illuminate\Pipeline\Pipeline->Illuminate\Pipeline\{closure}(Object(Illuminate\Http\Request))
#27 C:\xampp\htdocs\apply like facebook\pos6.12\vendor\laravel\framework\src\Illuminate\Pipeline\Pipeline.php(180): App\Http\Middleware\Timezone->handle(Object(Illuminate\Http\Request), Object(Closure))
#28 C:\xampp\htdocs\apply like facebook\pos6.12\app\Http\Middleware\Language.php(25): Illuminate\Pipeline\Pipeline->Illuminate\Pipeline\{closure}(Object(Illuminate\Http\Request))
#29 C:\xampp\htdocs\apply like facebook\pos6.12\vendor\laravel\framework\src\Illuminate\Pipeline\Pipeline.php(180): App\Http\Middleware\Language->handle(Object(Illuminate\Http\Request), Object(Closure))
#30 C:\xampp\htdocs\apply like facebook\pos6.12\app\Http\Middleware\SetSessionData.php(52): Illuminate\Pipeline\Pipeline->Illuminate\Pipeline\{closure}(Object(Illuminate\Http\Request))
#31 C:\xampp\htdocs\apply like facebook\pos6.12\vendor\laravel\framework\src\Illuminate\Pipeline\Pipeline.php(180): App\Http\Middleware\SetSessionData->handle(Object(Illuminate\Http\Request), Object(Closure))
#32 C:\xampp\htdocs\apply like facebook\pos6.12\vendor\barryvdh\laravel-debugbar\src\Middleware\InjectDebugbar.php(59): Illuminate\Pipeline\Pipeline->Illuminate\Pipeline\{closure}(Object(Illuminate\Http\Request))
#33 C:\xampp\htdocs\apply like facebook\pos6.12\vendor\laravel\framework\src\Illuminate\Pipeline\Pipeline.php(180): Barryvdh\Debugbar\Middleware\InjectDebugbar->handle(Object(Illuminate\Http\Request), Object(Closure))
#34 C:\xampp\htdocs\apply like facebook\pos6.12\vendor\laravel\framework\src\Illuminate\Routing\Middleware\SubstituteBindings.php(50): Illuminate\Pipeline\Pipeline->Illuminate\Pipeline\{closure}(Object(Illuminate\Http\Request))
#35 C:\xampp\htdocs\apply like facebook\pos6.12\vendor\laravel\framework\src\Illuminate\Pipeline\Pipeline.php(180): Illuminate\Routing\Middleware\SubstituteBindings->handle(Object(Illuminate\Http\Request), Object(Closure))
#36 C:\xampp\htdocs\apply like facebook\pos6.12\vendor\laravel\framework\src\Illuminate\Auth\Middleware\Authenticate.php(44): Illuminate\Pipeline\Pipeline->Illuminate\Pipeline\{closure}(Object(Illuminate\Http\Request))
#37 C:\xampp\htdocs\apply like facebook\pos6.12\vendor\laravel\framework\src\Illuminate\Pipeline\Pipeline.php(180): Illuminate\Auth\Middleware\Authenticate->handle(Object(Illuminate\Http\Request), Object(Closure))
#38 C:\xampp\htdocs\apply like facebook\pos6.12\vendor\laravel\framework\src\Illuminate\Foundation\Http\Middleware\VerifyCsrfToken.php(78): Illuminate\Pipeline\Pipeline->Illuminate\Pipeline\{closure}(Object(Illuminate\Http\Request))
#39 C:\xampp\htdocs\apply like facebook\pos6.12\vendor\laravel\framework\src\Illuminate\Pipeline\Pipeline.php(180): Illuminate\Foundation\Http\Middleware\VerifyCsrfToken->handle(Object(Illuminate\Http\Request), Object(Closure))
#40 C:\xampp\htdocs\apply like facebook\pos6.12\vendor\laravel\framework\src\Illuminate\View\Middleware\ShareErrorsFromSession.php(49): Illuminate\Pipeline\Pipeline->Illuminate\Pipeline\{closure}(Object(Illuminate\Http\Request))
#41 C:\xampp\htdocs\apply like facebook\pos6.12\vendor\laravel\framework\src\Illuminate\Pipeline\Pipeline.php(180): Illuminate\View\Middleware\ShareErrorsFromSession->handle(Object(Illuminate\Http\Request), Object(Closure))
#42 C:\xampp\htdocs\apply like facebook\pos6.12\vendor\laravel\framework\src\Illuminate\Session\Middleware\StartSession.php(121): Illuminate\Pipeline\Pipeline->Illuminate\Pipeline\{closure}(Object(Illuminate\Http\Request))
#43 C:\xampp\htdocs\apply like facebook\pos6.12\vendor\laravel\framework\src\Illuminate\Session\Middleware\StartSession.php(64): Illuminate\Session\Middleware\StartSession->handleStatefulRequest(Object(Illuminate\Http\Request), Object(Illuminate\Session\Store), Object(Closure))
#44 C:\xampp\htdocs\apply like facebook\pos6.12\vendor\laravel\framework\src\Illuminate\Pipeline\Pipeline.php(180): Illuminate\Session\Middleware\StartSession->handle(Object(Illuminate\Http\Request), Object(Closure))
#45 C:\xampp\htdocs\apply like facebook\pos6.12\vendor\laravel\framework\src\Illuminate\Cookie\Middleware\AddQueuedCookiesToResponse.php(37): Illuminate\Pipeline\Pipeline->Illuminate\Pipeline\{closure}(Object(Illuminate\Http\Request))
#46 C:\xampp\htdocs\apply like facebook\pos6.12\vendor\laravel\framework\src\Illuminate\Pipeline\Pipeline.php(180): Illuminate\Cookie\Middleware\AddQueuedCookiesToResponse->handle(Object(Illuminate\Http\Request), Object(Closure))
#47 C:\xampp\htdocs\apply like facebook\pos6.12\vendor\laravel\framework\src\Illuminate\Cookie\Middleware\EncryptCookies.php(67): Illuminate\Pipeline\Pipeline->Illuminate\Pipeline\{closure}(Object(Illuminate\Http\Request))
#48 C:\xampp\htdocs\apply like facebook\pos6.12\vendor\laravel\framework\src\Illuminate\Pipeline\Pipeline.php(180): Illuminate\Cookie\Middleware\EncryptCookies->handle(Object(Illuminate\Http\Request), Object(Closure))
#49 C:\xampp\htdocs\apply like facebook\pos6.12\vendor\laravel\framework\src\Illuminate\Pipeline\Pipeline.php(116): Illuminate\Pipeline\Pipeline->Illuminate\Pipeline\{closure}(Object(Illuminate\Http\Request))
#50 C:\xampp\htdocs\apply like facebook\pos6.12\vendor\laravel\framework\src\Illuminate\Routing\Router.php(797): Illuminate\Pipeline\Pipeline->then(Object(Closure))
#51 C:\xampp\htdocs\apply like facebook\pos6.12\vendor\laravel\framework\src\Illuminate\Routing\Router.php(776): Illuminate\Routing\Router->runRouteWithinStack(Object(Illuminate\Routing\Route), Object(Illuminate\Http\Request))
#52 C:\xampp\htdocs\apply like facebook\pos6.12\vendor\laravel\framework\src\Illuminate\Routing\Router.php(740): Illuminate\Routing\Router->runRoute(Object(Illuminate\Http\Request), Object(Illuminate\Routing\Route))
#53 C:\xampp\htdocs\apply like facebook\pos6.12\vendor\laravel\framework\src\Illuminate\Routing\Router.php(729): Illuminate\Routing\Router->dispatchToRoute(Object(Illuminate\Http\Request))
#54 C:\xampp\htdocs\apply like facebook\pos6.12\vendor\laravel\framework\src\Illuminate\Foundation\Http\Kernel.php(190): Illuminate\Routing\Router->dispatch(Object(Illuminate\Http\Request))
#55 C:\xampp\htdocs\apply like facebook\pos6.12\vendor\laravel\framework\src\Illuminate\Pipeline\Pipeline.php(141): Illuminate\Foundation\Http\Kernel->Illuminate\Foundation\Http\{closure}(Object(Illuminate\Http\Request))
#56 C:\xampp\htdocs\apply like facebook\pos6.12\vendor\barryvdh\laravel-debugbar\src\Middleware\InjectDebugbar.php(59): Illuminate\Pipeline\Pipeline->Illuminate\Pipeline\{closure}(Object(Illuminate\Http\Request))
#57 C:\xampp\htdocs\apply like facebook\pos6.12\vendor\laravel\framework\src\Illuminate\Pipeline\Pipeline.php(180): Barryvdh\Debugbar\Middleware\InjectDebugbar->handle(Object(Illuminate\Http\Request), Object(Closure))
#58 C:\xampp\htdocs\apply like facebook\pos6.12\vendor\laravel\framework\src\Illuminate\Foundation\Http\Middleware\TransformsRequest.php(21): Illuminate\Pipeline\Pipeline->Illuminate\Pipeline\{closure}(Object(Illuminate\Http\Request))
#59 C:\xampp\htdocs\apply like facebook\pos6.12\vendor\laravel\framework\src\Illuminate\Foundation\Http\Middleware\ConvertEmptyStringsToNull.php(31): Illuminate\Foundation\Http\Middleware\TransformsRequest->handle(Object(Illuminate\Http\Request), Object(Closure))
#60 C:\xampp\htdocs\apply like facebook\pos6.12\vendor\laravel\framework\src\Illuminate\Pipeline\Pipeline.php(180): Illuminate\Foundation\Http\Middleware\ConvertEmptyStringsToNull->handle(Object(Illuminate\Http\Request), Object(Closure))
#61 C:\xampp\htdocs\apply like facebook\pos6.12\vendor\laravel\framework\src\Illuminate\Foundation\Http\Middleware\TransformsRequest.php(21): Illuminate\Pipeline\Pipeline->Illuminate\Pipeline\{closure}(Object(Illuminate\Http\Request))
#62 C:\xampp\htdocs\apply like facebook\pos6.12\vendor\laravel\framework\src\Illuminate\Foundation\Http\Middleware\TrimStrings.php(40): Illuminate\Foundation\Http\Middleware\TransformsRequest->handle(Object(Illuminate\Http\Request), Object(Closure))
#63 C:\xampp\htdocs\apply like facebook\pos6.12\vendor\laravel\framework\src\Illuminate\Pipeline\Pipeline.php(180): Illuminate\Foundation\Http\Middleware\TrimStrings->handle(Object(Illuminate\Http\Request), Object(Closure))
#64 C:\xampp\htdocs\apply like facebook\pos6.12\vendor\laravel\framework\src\Illuminate\Foundation\Http\Middleware\ValidatePostSize.php(27): Illuminate\Pipeline\Pipeline->Illuminate\Pipeline\{closure}(Object(Illuminate\Http\Request))
#65 C:\xampp\htdocs\apply like facebook\pos6.12\vendor\laravel\framework\src\Illuminate\Pipeline\Pipeline.php(180): Illuminate\Foundation\Http\Middleware\ValidatePostSize->handle(Object(Illuminate\Http\Request), Object(Closure))
#66 C:\xampp\htdocs\apply like facebook\pos6.12\vendor\laravel\framework\src\Illuminate\Foundation\Http\Middleware\PreventRequestsDuringMaintenance.php(86): Illuminate\Pipeline\Pipeline->Illuminate\Pipeline\{closure}(Object(Illuminate\Http\Request))
#67 C:\xampp\htdocs\apply like facebook\pos6.12\vendor\laravel\framework\src\Illuminate\Pipeline\Pipeline.php(180): Illuminate\Foundation\Http\Middleware\PreventRequestsDuringMaintenance->handle(Object(Illuminate\Http\Request), Object(Closure))
#68 C:\xampp\htdocs\apply like facebook\pos6.12\vendor\laravel\framework\src\Illuminate\Http\Middleware\HandleCors.php(49): Illuminate\Pipeline\Pipeline->Illuminate\Pipeline\{closure}(Object(Illuminate\Http\Request))
#69 C:\xampp\htdocs\apply like facebook\pos6.12\vendor\laravel\framework\src\Illuminate\Pipeline\Pipeline.php(180): Illuminate\Http\Middleware\HandleCors->handle(Object(Illuminate\Http\Request), Object(Closure))
#70 C:\xampp\htdocs\apply like facebook\pos6.12\vendor\laravel\framework\src\Illuminate\Http\Middleware\TrustProxies.php(39): Illuminate\Pipeline\Pipeline->Illuminate\Pipeline\{closure}(Object(Illuminate\Http\Request))
#71 C:\xampp\htdocs\apply like facebook\pos6.12\vendor\laravel\framework\src\Illuminate\Pipeline\Pipeline.php(180): Illuminate\Http\Middleware\TrustProxies->handle(Object(Illuminate\Http\Request), Object(Closure))
#72 C:\xampp\htdocs\apply like facebook\pos6.12\vendor\laravel\framework\src\Illuminate\Pipeline\Pipeline.php(116): Illuminate\Pipeline\Pipeline->Illuminate\Pipeline\{closure}(Object(Illuminate\Http\Request))
#73 C:\xampp\htdocs\apply like facebook\pos6.12\vendor\laravel\framework\src\Illuminate\Foundation\Http\Kernel.php(165): Illuminate\Pipeline\Pipeline->then(Object(Closure))
#74 C:\xampp\htdocs\apply like facebook\pos6.12\vendor\laravel\framework\src\Illuminate\Foundation\Http\Kernel.php(134): Illuminate\Foundation\Http\Kernel->sendRequestThroughRouter(Object(Illuminate\Http\Request))
#75 C:\xampp\htdocs\apply like facebook\pos6.12\public\index.php(56): Illuminate\Foundation\Http\Kernel->handle(Object(Illuminate\Http\Request))
#76 C:\xampp\htdocs\apply like facebook\pos6.12\vendor\laravel\framework\src\Illuminate\Foundation\resources\server.php(16): require_once('C:\\xampp\\htdocs...')
#77 {main}  
[2026-05-24 08:46:36] local.ERROR: PDOException: SQLSTATE[42S22]: Column not found: 1054 Unknown column 'l.location_name_snapshot' in 'where clause' in C:\xampp\htdocs\apply like facebook\pos6.12\vendor\laravel\framework\src\Illuminate\Database\Connection.php:414
Stack trace:
#0 C:\xampp\htdocs\apply like facebook\pos6.12\vendor\laravel\framework\src\Illuminate\Database\Connection.php(414): PDO->prepare('select count(*)...')
#1 C:\xampp\htdocs\apply like facebook\pos6.12\vendor\laravel\framework\src\Illuminate\Database\Connection.php(753): Illuminate\Database\Connection->Illuminate\Database\{closure}('select count(*)...', Array)
#2 C:\xampp\htdocs\apply like facebook\pos6.12\vendor\laravel\framework\src\Illuminate\Database\Connection.php(720): Illuminate\Database\Connection->runQueryCallback('select count(*)...', Array, Object(Closure))
#3 C:\xampp\htdocs\apply like facebook\pos6.12\vendor\laravel\framework\src\Illuminate\Database\Connection.php(405): Illuminate\Database\Connection->run('select count(*)...', Array, Object(Closure))
#4 C:\xampp\htdocs\apply like facebook\pos6.12\vendor\laravel\framework\src\Illuminate\Database\Query\Builder.php(2705): Illuminate\Database\Connection->select('select count(*)...', Array, true)
#5 C:\xampp\htdocs\apply like facebook\pos6.12\vendor\laravel\framework\src\Illuminate\Database\Query\Builder.php(2694): Illuminate\Database\Query\Builder->runSelect()
#6 C:\xampp\htdocs\apply like facebook\pos6.12\vendor\laravel\framework\src\Illuminate\Database\Query\Builder.php(3230): Illuminate\Database\Query\Builder->Illuminate\Database\Query\{closure}()
#7 C:\xampp\htdocs\apply like facebook\pos6.12\vendor\laravel\framework\src\Illuminate\Database\Query\Builder.php(2693): Illuminate\Database\Query\Builder->onceWithColumns(Array, Object(Closure))
#8 C:\xampp\htdocs\apply like facebook\pos6.12\vendor\laravel\framework\src\Illuminate\Database\Query\Builder.php(3157): Illuminate\Database\Query\Builder->get(Array)
#9 C:\xampp\htdocs\apply like facebook\pos6.12\vendor\laravel\framework\src\Illuminate\Database\Query\Builder.php(3085): Illuminate\Database\Query\Builder->aggregate('count', Array)
#10 C:\xampp\htdocs\apply like facebook\pos6.12\vendor\yajra\laravel-datatables-oracle\src\QueryDataTable.php(215): Illuminate\Database\Query\Builder->count()
#11 C:\xampp\htdocs\apply like facebook\pos6.12\vendor\yajra\laravel-datatables-oracle\src\QueryDataTable.php(200): Yajra\DataTables\QueryDataTable->count()
#12 C:\xampp\htdocs\apply like facebook\pos6.12\vendor\yajra\laravel-datatables-oracle\src\DataTableAbstract.php(705): Yajra\DataTables\QueryDataTable->filteredCount()
#13 C:\xampp\htdocs\apply like facebook\pos6.12\vendor\yajra\laravel-datatables-oracle\src\QueryDataTable.php(142): Yajra\DataTables\DataTableAbstract->filterRecords()
#14 C:\xampp\htdocs\apply like facebook\pos6.12\vendor\yajra\laravel-datatables-oracle\src\QueryDataTable.php(99): Yajra\DataTables\QueryDataTable->prepareQuery()
#15 C:\xampp\htdocs\apply like facebook\pos6.12\Modules\LoanManagement\Http\Controllers\LoanInstallmentListController.php(591): Yajra\DataTables\QueryDataTable->make(true)
#16 C:\xampp\htdocs\apply like facebook\pos6.12\vendor\laravel\framework\src\Illuminate\Routing\Controller.php(54): Modules\LoanManagement\Http\Controllers\LoanInstallmentListController->data(Object(Illuminate\Http\Request))
#17 C:\xampp\htdocs\apply like facebook\pos6.12\vendor\laravel\framework\src\Illuminate\Routing\ControllerDispatcher.php(43): Illuminate\Routing\Controller->callAction('data', Array)
#18 C:\xampp\htdocs\apply like facebook\pos6.12\vendor\laravel\framework\src\Illuminate\Routing\Route.php(259): Illuminate\Routing\ControllerDispatcher->dispatch(Object(Illuminate\Routing\Route), Object(Modules\LoanManagement\Http\Controllers\LoanInstallmentListController), 'data')
#19 C:\xampp\htdocs\apply like facebook\pos6.12\vendor\laravel\framework\src\Illuminate\Routing\Route.php(205): Illuminate\Routing\Route->runController()
#20 C:\xampp\htdocs\apply like facebook\pos6.12\vendor\laravel\framework\src\Illuminate\Routing\Router.php(798): Illuminate\Routing\Route->run()
#21 C:\xampp\htdocs\apply like facebook\pos6.12\vendor\laravel\framework\src\Illuminate\Pipeline\Pipeline.php(141): Illuminate\Routing\Router->Illuminate\Routing\{closure}(Object(Illuminate\Http\Request))
#22 C:\xampp\htdocs\apply like facebook\pos6.12\vendor\laravel\framework\src\Illuminate\Auth\Middleware\Authorize.php(45): Illuminate\Pipeline\Pipeline->Illuminate\Pipeline\{closure}(Object(Illuminate\Http\Request))
#23 C:\xampp\htdocs\apply like facebook\pos6.12\vendor\laravel\framework\src\Illuminate\Pipeline\Pipeline.php(180): Illuminate\Auth\Middleware\Authorize->handle(Object(Illuminate\Http\Request), Object(Closure), 'loan_management...')
#24 C:\xampp\htdocs\apply like facebook\pos6.12\app\Http\Middleware\CheckUserLogin.php(22): Illuminate\Pipeline\Pipeline->Illuminate\Pipeline\{closure}(Object(Illuminate\Http\Request))
#25 C:\xampp\htdocs\apply like facebook\pos6.12\vendor\laravel\framework\src\Illuminate\Pipeline\Pipeline.php(180): App\Http\Middleware\CheckUserLogin->handle(Object(Illuminate\Http\Request), Object(Closure))
#26 C:\xampp\htdocs\apply like facebook\pos6.12\app\Http\Middleware\AdminSidebarMenu.php(22): Illuminate\Pipeline\Pipeline->Illuminate\Pipeline\{closure}(Object(Illuminate\Http\Request))
#27 C:\xampp\htdocs\apply like facebook\pos6.12\vendor\laravel\framework\src\Illuminate\Pipeline\Pipeline.php(180): App\Http\Middleware\AdminSidebarMenu->handle(Object(Illuminate\Http\Request), Object(Closure))
#28 C:\xampp\htdocs\apply like facebook\pos6.12\app\Http\Middleware\Timezone.php(30): Illuminate\Pipeline\Pipeline->Illuminate\Pipeline\{closure}(Object(Illuminate\Http\Request))
#29 C:\xampp\htdocs\apply like facebook\pos6.12\vendor\laravel\framework\src\Illuminate\Pipeline\Pipeline.php(180): App\Http\Middleware\Timezone->handle(Object(Illuminate\Http\Request), Object(Closure))
#30 C:\xampp\htdocs\apply like facebook\pos6.12\app\Http\Middleware\Language.php(25): Illuminate\Pipeline\Pipeline->Illuminate\Pipeline\{closure}(Object(Illuminate\Http\Request))
#31 C:\xampp\htdocs\apply like facebook\pos6.12\vendor\laravel\framework\src\Illuminate\Pipeline\Pipeline.php(180): App\Http\Middleware\Language->handle(Object(Illuminate\Http\Request), Object(Closure))
#32 C:\xampp\htdocs\apply like facebook\pos6.12\app\Http\Middleware\SetSessionData.php(52): Illuminate\Pipeline\Pipeline->Illuminate\Pipeline\{closure}(Object(Illuminate\Http\Request))
#33 C:\xampp\htdocs\apply like facebook\pos6.12\vendor\laravel\framework\src\Illuminate\Pipeline\Pipeline.php(180): App\Http\Middleware\SetSessionData->handle(Object(Illuminate\Http\Request), Object(Closure))
#34 C:\xampp\htdocs\apply like facebook\pos6.12\vendor\barryvdh\laravel-debugbar\src\Middleware\InjectDebugbar.php(59): Illuminate\Pipeline\Pipeline->Illuminate\Pipeline\{closure}(Object(Illuminate\Http\Request))
#35 C:\xampp\htdocs\apply like facebook\pos6.12\vendor\laravel\framework\src\Illuminate\Pipeline\Pipeline.php(180): Barryvdh\Debugbar\Middleware\InjectDebugbar->handle(Object(Illuminate\Http\Request), Object(Closure))
#36 C:\xampp\htdocs\apply like facebook\pos6.12\vendor\laravel\framework\src\Illuminate\Routing\Middleware\SubstituteBindings.php(50): Illuminate\Pipeline\Pipeline->Illuminate\Pipeline\{closure}(Object(Illuminate\Http\Request))
#37 C:\xampp\htdocs\apply like facebook\pos6.12\vendor\laravel\framework\src\Illuminate\Pipeline\Pipeline.php(180): Illuminate\Routing\Middleware\SubstituteBindings->handle(Object(Illuminate\Http\Request), Object(Closure))
#38 C:\xampp\htdocs\apply like facebook\pos6.12\vendor\laravel\framework\src\Illuminate\Auth\Middleware\Authenticate.php(44): Illuminate\Pipeline\Pipeline->Illuminate\Pipeline\{closure}(Object(Illuminate\Http\Request))
#39 C:\xampp\htdocs\apply like facebook\pos6.12\vendor\laravel\framework\src\Illuminate\Pipeline\Pipeline.php(180): Illuminate\Auth\Middleware\Authenticate->handle(Object(Illuminate\Http\Request), Object(Closure))
#40 C:\xampp\htdocs\apply like facebook\pos6.12\vendor\laravel\framework\src\Illuminate\Foundation\Http\Middleware\VerifyCsrfToken.php(78): Illuminate\Pipeline\Pipeline->Illuminate\Pipeline\{closure}(Object(Illuminate\Http\Request))
#41 C:\xampp\htdocs\apply like facebook\pos6.12\vendor\laravel\framework\src\Illuminate\Pipeline\Pipeline.php(180): Illuminate\Foundation\Http\Middleware\VerifyCsrfToken->handle(Object(Illuminate\Http\Request), Object(Closure))
#42 C:\xampp\htdocs\apply like facebook\pos6.12\vendor\laravel\framework\src\Illuminate\View\Middleware\ShareErrorsFromSession.php(49): Illuminate\Pipeline\Pipeline->Illuminate\Pipeline\{closure}(Object(Illuminate\Http\Request))
#43 C:\xampp\htdocs\apply like facebook\pos6.12\vendor\laravel\framework\src\Illuminate\Pipeline\Pipeline.php(180): Illuminate\View\Middleware\ShareErrorsFromSession->handle(Object(Illuminate\Http\Request), Object(Closure))
#44 C:\xampp\htdocs\apply like facebook\pos6.12\vendor\laravel\framework\src\Illuminate\Session\Middleware\StartSession.php(121): Illuminate\Pipeline\Pipeline->Illuminate\Pipeline\{closure}(Object(Illuminate\Http\Request))
#45 C:\xampp\htdocs\apply like facebook\pos6.12\vendor\laravel\framework\src\Illuminate\Session\Middleware\StartSession.php(64): Illuminate\Session\Middleware\StartSession->handleStatefulRequest(Object(Illuminate\Http\Request), Object(Illuminate\Session\Store), Object(Closure))
#46 C:\xampp\htdocs\apply like facebook\pos6.12\vendor\laravel\framework\src\Illuminate\Pipeline\Pipeline.php(180): Illuminate\Session\Middleware\StartSession->handle(Object(Illuminate\Http\Request), Object(Closure))
#47 C:\xampp\htdocs\apply like facebook\pos6.12\vendor\laravel\framework\src\Illuminate\Cookie\Middleware\AddQueuedCookiesToResponse.php(37): Illuminate\Pipeline\Pipeline->Illuminate\Pipeline\{closure}(Object(Illuminate\Http\Request))
#48 C:\xampp\htdocs\apply like facebook\pos6.12\vendor\laravel\framework\src\Illuminate\Pipeline\Pipeline.php(180): Illuminate\Cookie\Middleware\AddQueuedCookiesToResponse->handle(Object(Illuminate\Http\Request), Object(Closure))
#49 C:\xampp\htdocs\apply like facebook\pos6.12\vendor\laravel\framework\src\Illuminate\Cookie\Middleware\EncryptCookies.php(67): Illuminate\Pipeline\Pipeline->Illuminate\Pipeline\{closure}(Object(Illuminate\Http\Request))
#50 C:\xampp\htdocs\apply like facebook\pos6.12\vendor\laravel\framework\src\Illuminate\Pipeline\Pipeline.php(180): Illuminate\Cookie\Middleware\EncryptCookies->handle(Object(Illuminate\Http\Request), Object(Closure))
#51 C:\xampp\htdocs\apply like facebook\pos6.12\vendor\laravel\framework\src\Illuminate\Pipeline\Pipeline.php(116): Illuminate\Pipeline\Pipeline->Illuminate\Pipeline\{closure}(Object(Illuminate\Http\Request))
#52 C:\xampp\htdocs\apply like facebook\pos6.12\vendor\laravel\framework\src\Illuminate\Routing\Router.php(797): Illuminate\Pipeline\Pipeline->then(Object(Closure))
#53 C:\xampp\htdocs\apply like facebook\pos6.12\vendor\laravel\framework\src\Illuminate\Routing\Router.php(776): Illuminate\Routing\Router->runRouteWithinStack(Object(Illuminate\Routing\Route), Object(Illuminate\Http\Request))
#54 C:\xampp\htdocs\apply like facebook\pos6.12\vendor\laravel\framework\src\Illuminate\Routing\Router.php(740): Illuminate\Routing\Router->runRoute(Object(Illuminate\Http\Request), Object(Illuminate\Routing\Route))
#55 C:\xampp\htdocs\apply like facebook\pos6.12\vendor\laravel\framework\src\Illuminate\Routing\Router.php(729): Illuminate\Routing\Router->dispatchToRoute(Object(Illuminate\Http\Request))
#56 C:\xampp\htdocs\apply like facebook\pos6.12\vendor\laravel\framework\src\Illuminate\Foundation\Http\Kernel.php(190): Illuminate\Routing\Router->dispatch(Object(Illuminate\Http\Request))
#57 C:\xampp\htdocs\apply like facebook\pos6.12\vendor\laravel\framework\src\Illuminate\Pipeline\Pipeline.php(141): Illuminate\Foundation\Http\Kernel->Illuminate\Foundation\Http\{closure}(Object(Illuminate\Http\Request))
#58 C:\xampp\htdocs\apply like facebook\pos6.12\vendor\barryvdh\laravel-debugbar\src\Middleware\InjectDebugbar.php(59): Illuminate\Pipeline\Pipeline->Illuminate\Pipeline\{closure}(Object(Illuminate\Http\Request))
#59 C:\xampp\htdocs\apply like facebook\pos6.12\vendor\laravel\framework\src\Illuminate\Pipeline\Pipeline.php(180): Barryvdh\Debugbar\Middleware\InjectDebugbar->handle(Object(Illuminate\Http\Request), Object(Closure))
#60 C:\xampp\htdocs\apply like facebook\pos6.12\vendor\laravel\framework\src\Illuminate\Foundation\Http\Middleware\TransformsRequest.php(21): Illuminate\Pipeline\Pipeline->Illuminate\Pipeline\{closure}(Object(Illuminate\Http\Request))
#61 C:\xampp\htdocs\apply like facebook\pos6.12\vendor\laravel\framework\src\Illuminate\Foundation\Http\Middleware\ConvertEmptyStringsToNull.php(31): Illuminate\Foundation\Http\Middleware\TransformsRequest->handle(Object(Illuminate\Http\Request), Object(Closure))
#62 C:\xampp\htdocs\apply like facebook\pos6.12\vendor\laravel\framework\src\Illuminate\Pipeline\Pipeline.php(180): Illuminate\Foundation\Http\Middleware\ConvertEmptyStringsToNull->handle(Object(Illuminate\Http\Request), Object(Closure))
#63 C:\xampp\htdocs\apply like facebook\pos6.12\vendor\laravel\framework\src\Illuminate\Foundation\Http\Middleware\TransformsRequest.php(21): Illuminate\Pipeline\Pipeline->Illuminate\Pipeline\{closure}(Object(Illuminate\Http\Request))
#64 C:\xampp\htdocs\apply like facebook\pos6.12\vendor\laravel\framework\src\Illuminate\Foundation\Http\Middleware\TrimStrings.php(40): Illuminate\Foundation\Http\Middleware\TransformsRequest->handle(Object(Illuminate\Http\Request), Object(Closure))
#65 C:\xampp\htdocs\apply like facebook\pos6.12\vendor\laravel\framework\src\Illuminate\Pipeline\Pipeline.php(180): Illuminate\Foundation\Http\Middleware\TrimStrings->handle(Object(Illuminate\Http\Request), Object(Closure))
#66 C:\xampp\htdocs\apply like facebook\pos6.12\vendor\laravel\framework\src\Illuminate\Foundation\Http\Middleware\ValidatePostSize.php(27): Illuminate\Pipeline\Pipeline->Illuminate\Pipeline\{closure}(Object(Illuminate\Http\Request))
#67 C:\xampp\htdocs\apply like facebook\pos6.12\vendor\laravel\framework\src\Illuminate\Pipeline\Pipeline.php(180): Illuminate\Foundation\Http\Middleware\ValidatePostSize->handle(Object(Illuminate\Http\Request), Object(Closure))
#68 C:\xampp\htdocs\apply like facebook\pos6.12\vendor\laravel\framework\src\Illuminate\Foundation\Http\Middleware\PreventRequestsDuringMaintenance.php(86): Illuminate\Pipeline\Pipeline->Illuminate\Pipeline\{closure}(Object(Illuminate\Http\Request))
#69 C:\xampp\htdocs\apply like facebook\pos6.12\vendor\laravel\framework\src\Illuminate\Pipeline\Pipeline.php(180): Illuminate\Foundation\Http\Middleware\PreventRequestsDuringMaintenance->handle(Object(Illuminate\Http\Request), Object(Closure))
#70 C:\xampp\htdocs\apply like facebook\pos6.12\vendor\laravel\framework\src\Illuminate\Http\Middleware\HandleCors.php(49): Illuminate\Pipeline\Pipeline->Illuminate\Pipeline\{closure}(Object(Illuminate\Http\Request))
#71 C:\xampp\htdocs\apply like facebook\pos6.12\vendor\laravel\framework\src\Illuminate\Pipeline\Pipeline.php(180): Illuminate\Http\Middleware\HandleCors->handle(Object(Illuminate\Http\Request), Object(Closure))
#72 C:\xampp\htdocs\apply like facebook\pos6.12\vendor\laravel\framework\src\Illuminate\Http\Middleware\TrustProxies.php(39): Illuminate\Pipeline\Pipeline->Illuminate\Pipeline\{closure}(Object(Illuminate\Http\Request))
#73 C:\xampp\htdocs\apply like facebook\pos6.12\vendor\laravel\framework\src\Illuminate\Pipeline\Pipeline.php(180): Illuminate\Http\Middleware\TrustProxies->handle(Object(Illuminate\Http\Request), Object(Closure))
#74 C:\xampp\htdocs\apply like facebook\pos6.12\vendor\laravel\framework\src\Illuminate\Pipeline\Pipeline.php(116): Illuminate\Pipeline\Pipeline->Illuminate\Pipeline\{closure}(Object(Illuminate\Http\Request))
#75 C:\xampp\htdocs\apply like facebook\pos6.12\vendor\laravel\framework\src\Illuminate\Foundation\Http\Kernel.php(165): Illuminate\Pipeline\Pipeline->then(Object(Closure))
#76 C:\xampp\htdocs\apply like facebook\pos6.12\vendor\laravel\framework\src\Illuminate\Foundation\Http\Kernel.php(134): Illuminate\Foundation\Http\Kernel->sendRequestThroughRouter(Object(Illuminate\Http\Request))
#77 C:\xampp\htdocs\apply like facebook\pos6.12\public\index.php(56): Illuminate\Foundation\Http\Kernel->handle(Object(Illuminate\Http\Request))
#78 C:\xampp\htdocs\apply like facebook\pos6.12\vendor\laravel\framework\src\Illuminate\Foundation\resources\server.php(16): require_once('C:\\xampp\\htdocs...')
#79 {main}

Next Illuminate\Database\QueryException: SQLSTATE[42S22]: Column not found: 1054 Unknown column 'l.location_name_snapshot' in 'where clause' (SQL: select count(*) as aggregate from `loans` as `l` where (LOWER(`l`.`loan_number`) LIKE %008036% or LOWER(`l`.`loan_date`) LIKE %008036% or LOWER(`l`.`source_invoice_no`) LIKE %008036% or LOWER(`l`.`customer_name_snapshot`) LIKE %008036% or LOWER(`l`.`customer_phone_snapshot`) LIKE %008036% or LOWER(`l`.`location_name_snapshot`) LIKE %008036% or LOWER(`l`.`collector_name_snapshot`) LIKE %008036% or LOWER(`l`.`principal_amount`) LIKE %008036% or LOWER(`l`.`paid_amount`) LIKE %008036% or LOWER(`l`.`balance_amount`) LIKE %008036% or LOWER(`l`.`status`) LIKE %008036% or LOWER(`l`.`currency`) LIKE %008036%)) in C:\xampp\htdocs\apply like facebook\pos6.12\vendor\laravel\framework\src\Illuminate\Database\Connection.php:760
Stack trace:
#0 C:\xampp\htdocs\apply like facebook\pos6.12\vendor\laravel\framework\src\Illuminate\Database\Connection.php(720): Illuminate\Database\Connection->runQueryCallback('select count(*)...', Array, Object(Closure))
#1 C:\xampp\htdocs\apply like facebook\pos6.12\vendor\laravel\framework\src\Illuminate\Database\Connection.php(405): Illuminate\Database\Connection->run('select count(*)...', Array, Object(Closure))
#2 C:\xampp\htdocs\apply like facebook\pos6.12\vendor\laravel\framework\src\Illuminate\Database\Query\Builder.php(2705): Illuminate\Database\Connection->select('select count(*)...', Array, true)
#3 C:\xampp\htdocs\apply like facebook\pos6.12\vendor\laravel\framework\src\Illuminate\Database\Query\Builder.php(2694): Illuminate\Database\Query\Builder->runSelect()
#4 C:\xampp\htdocs\apply like facebook\pos6.12\vendor\laravel\framework\src\Illuminate\Database\Query\Builder.php(3230): Illuminate\Database\Query\Builder->Illuminate\Database\Query\{closure}()
#5 C:\xampp\htdocs\apply like facebook\pos6.12\vendor\laravel\framework\src\Illuminate\Database\Query\Builder.php(2693): Illuminate\Database\Query\Builder->onceWithColumns(Array, Object(Closure))
#6 C:\xampp\htdocs\apply like facebook\pos6.12\vendor\laravel\framework\src\Illuminate\Database\Query\Builder.php(3157): Illuminate\Database\Query\Builder->get(Array)
#7 C:\xampp\htdocs\apply like facebook\pos6.12\vendor\laravel\framework\src\Illuminate\Database\Query\Builder.php(3085): Illuminate\Database\Query\Builder->aggregate('count', Array)
#8 C:\xampp\htdocs\apply like facebook\pos6.12\vendor\yajra\laravel-datatables-oracle\src\QueryDataTable.php(215): Illuminate\Database\Query\Builder->count()
#9 C:\xampp\htdocs\apply like facebook\pos6.12\vendor\yajra\laravel-datatables-oracle\src\QueryDataTable.php(200): Yajra\DataTables\QueryDataTable->count()
#10 C:\xampp\htdocs\apply like facebook\pos6.12\vendor\yajra\laravel-datatables-oracle\src\DataTableAbstract.php(705): Yajra\DataTables\QueryDataTable->filteredCount()
#11 C:\xampp\htdocs\apply like facebook\pos6.12\vendor\yajra\laravel-datatables-oracle\src\QueryDataTable.php(142): Yajra\DataTables\DataTableAbstract->filterRecords()
#12 C:\xampp\htdocs\apply like facebook\pos6.12\vendor\yajra\laravel-datatables-oracle\src\QueryDataTable.php(99): Yajra\DataTables\QueryDataTable->prepareQuery()
#13 C:\xampp\htdocs\apply like facebook\pos6.12\Modules\LoanManagement\Http\Controllers\LoanInstallmentListController.php(591): Yajra\DataTables\QueryDataTable->make(true)
#14 C:\xampp\htdocs\apply like facebook\pos6.12\vendor\laravel\framework\src\Illuminate\Routing\Controller.php(54): Modules\LoanManagement\Http\Controllers\LoanInstallmentListController->data(Object(Illuminate\Http\Request))
#15 C:\xampp\htdocs\apply like facebook\pos6.12\vendor\laravel\framework\src\Illuminate\Routing\ControllerDispatcher.php(43): Illuminate\Routing\Controller->callAction('data', Array)
#16 C:\xampp\htdocs\apply like facebook\pos6.12\vendor\laravel\framework\src\Illuminate\Routing\Route.php(259): Illuminate\Routing\ControllerDispatcher->dispatch(Object(Illuminate\Routing\Route), Object(Modules\LoanManagement\Http\Controllers\LoanInstallmentListController), 'data')
#17 C:\xampp\htdocs\apply like facebook\pos6.12\vendor\laravel\framework\src\Illuminate\Routing\Route.php(205): Illuminate\Routing\Route->runController()
#18 C:\xampp\htdocs\apply like facebook\pos6.12\vendor\laravel\framework\src\Illuminate\Routing\Router.php(798): Illuminate\Routing\Route->run()
#19 C:\xampp\htdocs\apply like facebook\pos6.12\vendor\laravel\framework\src\Illuminate\Pipeline\Pipeline.php(141): Illuminate\Routing\Router->Illuminate\Routing\{closure}(Object(Illuminate\Http\Request))
#20 C:\xampp\htdocs\apply like facebook\pos6.12\vendor\laravel\framework\src\Illuminate\Auth\Middleware\Authorize.php(45): Illuminate\Pipeline\Pipeline->Illuminate\Pipeline\{closure}(Object(Illuminate\Http\Request))
#21 C:\xampp\htdocs\apply like facebook\pos6.12\vendor\laravel\framework\src\Illuminate\Pipeline\Pipeline.php(180): Illuminate\Auth\Middleware\Authorize->handle(Object(Illuminate\Http\Request), Object(Closure), 'loan_management...')
#22 C:\xampp\htdocs\apply like facebook\pos6.12\app\Http\Middleware\CheckUserLogin.php(22): Illuminate\Pipeline\Pipeline->Illuminate\Pipeline\{closure}(Object(Illuminate\Http\Request))
#23 C:\xampp\htdocs\apply like facebook\pos6.12\vendor\laravel\framework\src\Illuminate\Pipeline\Pipeline.php(180): App\Http\Middleware\CheckUserLogin->handle(Object(Illuminate\Http\Request), Object(Closure))
#24 C:\xampp\htdocs\apply like facebook\pos6.12\app\Http\Middleware\AdminSidebarMenu.php(22): Illuminate\Pipeline\Pipeline->Illuminate\Pipeline\{closure}(Object(Illuminate\Http\Request))
#25 C:\xampp\htdocs\apply like facebook\pos6.12\vendor\laravel\framework\src\Illuminate\Pipeline\Pipeline.php(180): App\Http\Middleware\AdminSidebarMenu->handle(Object(Illuminate\Http\Request), Object(Closure))
#26 C:\xampp\htdocs\apply like facebook\pos6.12\app\Http\Middleware\Timezone.php(30): Illuminate\Pipeline\Pipeline->Illuminate\Pipeline\{closure}(Object(Illuminate\Http\Request))
#27 C:\xampp\htdocs\apply like facebook\pos6.12\vendor\laravel\framework\src\Illuminate\Pipeline\Pipeline.php(180): App\Http\Middleware\Timezone->handle(Object(Illuminate\Http\Request), Object(Closure))
#28 C:\xampp\htdocs\apply like facebook\pos6.12\app\Http\Middleware\Language.php(25): Illuminate\Pipeline\Pipeline->Illuminate\Pipeline\{closure}(Object(Illuminate\Http\Request))
#29 C:\xampp\htdocs\apply like facebook\pos6.12\vendor\laravel\framework\src\Illuminate\Pipeline\Pipeline.php(180): App\Http\Middleware\Language->handle(Object(Illuminate\Http\Request), Object(Closure))
#30 C:\xampp\htdocs\apply like facebook\pos6.12\app\Http\Middleware\SetSessionData.php(52): Illuminate\Pipeline\Pipeline->Illuminate\Pipeline\{closure}(Object(Illuminate\Http\Request))
#31 C:\xampp\htdocs\apply like facebook\pos6.12\vendor\laravel\framework\src\Illuminate\Pipeline\Pipeline.php(180): App\Http\Middleware\SetSessionData->handle(Object(Illuminate\Http\Request), Object(Closure))
#32 C:\xampp\htdocs\apply like facebook\pos6.12\vendor\barryvdh\laravel-debugbar\src\Middleware\InjectDebugbar.php(59): Illuminate\Pipeline\Pipeline->Illuminate\Pipeline\{closure}(Object(Illuminate\Http\Request))
#33 C:\xampp\htdocs\apply like facebook\pos6.12\vendor\laravel\framework\src\Illuminate\Pipeline\Pipeline.php(180): Barryvdh\Debugbar\Middleware\InjectDebugbar->handle(Object(Illuminate\Http\Request), Object(Closure))
#34 C:\xampp\htdocs\apply like facebook\pos6.12\vendor\laravel\framework\src\Illuminate\Routing\Middleware\SubstituteBindings.php(50): Illuminate\Pipeline\Pipeline->Illuminate\Pipeline\{closure}(Object(Illuminate\Http\Request))
#35 C:\xampp\htdocs\apply like facebook\pos6.12\vendor\laravel\framework\src\Illuminate\Pipeline\Pipeline.php(180): Illuminate\Routing\Middleware\SubstituteBindings->handle(Object(Illuminate\Http\Request), Object(Closure))
#36 C:\xampp\htdocs\apply like facebook\pos6.12\vendor\laravel\framework\src\Illuminate\Auth\Middleware\Authenticate.php(44): Illuminate\Pipeline\Pipeline->Illuminate\Pipeline\{closure}(Object(Illuminate\Http\Request))
#37 C:\xampp\htdocs\apply like facebook\pos6.12\vendor\laravel\framework\src\Illuminate\Pipeline\Pipeline.php(180): Illuminate\Auth\Middleware\Authenticate->handle(Object(Illuminate\Http\Request), Object(Closure))
#38 C:\xampp\htdocs\apply like facebook\pos6.12\vendor\laravel\framework\src\Illuminate\Foundation\Http\Middleware\VerifyCsrfToken.php(78): Illuminate\Pipeline\Pipeline->Illuminate\Pipeline\{closure}(Object(Illuminate\Http\Request))
#39 C:\xampp\htdocs\apply like facebook\pos6.12\vendor\laravel\framework\src\Illuminate\Pipeline\Pipeline.php(180): Illuminate\Foundation\Http\Middleware\VerifyCsrfToken->handle(Object(Illuminate\Http\Request), Object(Closure))
#40 C:\xampp\htdocs\apply like facebook\pos6.12\vendor\laravel\framework\src\Illuminate\View\Middleware\ShareErrorsFromSession.php(49): Illuminate\Pipeline\Pipeline->Illuminate\Pipeline\{closure}(Object(Illuminate\Http\Request))
#41 C:\xampp\htdocs\apply like facebook\pos6.12\vendor\laravel\framework\src\Illuminate\Pipeline\Pipeline.php(180): Illuminate\View\Middleware\ShareErrorsFromSession->handle(Object(Illuminate\Http\Request), Object(Closure))
#42 C:\xampp\htdocs\apply like facebook\pos6.12\vendor\laravel\framework\src\Illuminate\Session\Middleware\StartSession.php(121): Illuminate\Pipeline\Pipeline->Illuminate\Pipeline\{closure}(Object(Illuminate\Http\Request))
#43 C:\xampp\htdocs\apply like facebook\pos6.12\vendor\laravel\framework\src\Illuminate\Session\Middleware\StartSession.php(64): Illuminate\Session\Middleware\StartSession->handleStatefulRequest(Object(Illuminate\Http\Request), Object(Illuminate\Session\Store), Object(Closure))
#44 C:\xampp\htdocs\apply like facebook\pos6.12\vendor\laravel\framework\src\Illuminate\Pipeline\Pipeline.php(180): Illuminate\Session\Middleware\StartSession->handle(Object(Illuminate\Http\Request), Object(Closure))
#45 C:\xampp\htdocs\apply like facebook\pos6.12\vendor\laravel\framework\src\Illuminate\Cookie\Middleware\AddQueuedCookiesToResponse.php(37): Illuminate\Pipeline\Pipeline->Illuminate\Pipeline\{closure}(Object(Illuminate\Http\Request))
#46 C:\xampp\htdocs\apply like facebook\pos6.12\vendor\laravel\framework\src\Illuminate\Pipeline\Pipeline.php(180): Illuminate\Cookie\Middleware\AddQueuedCookiesToResponse->handle(Object(Illuminate\Http\Request), Object(Closure))
#47 C:\xampp\htdocs\apply like facebook\pos6.12\vendor\laravel\framework\src\Illuminate\Cookie\Middleware\EncryptCookies.php(67): Illuminate\Pipeline\Pipeline->Illuminate\Pipeline\{closure}(Object(Illuminate\Http\Request))
#48 C:\xampp\htdocs\apply like facebook\pos6.12\vendor\laravel\framework\src\Illuminate\Pipeline\Pipeline.php(180): Illuminate\Cookie\Middleware\EncryptCookies->handle(Object(Illuminate\Http\Request), Object(Closure))
#49 C:\xampp\htdocs\apply like facebook\pos6.12\vendor\laravel\framework\src\Illuminate\Pipeline\Pipeline.php(116): Illuminate\Pipeline\Pipeline->Illuminate\Pipeline\{closure}(Object(Illuminate\Http\Request))
#50 C:\xampp\htdocs\apply like facebook\pos6.12\vendor\laravel\framework\src\Illuminate\Routing\Router.php(797): Illuminate\Pipeline\Pipeline->then(Object(Closure))
#51 C:\xampp\htdocs\apply like facebook\pos6.12\vendor\laravel\framework\src\Illuminate\Routing\Router.php(776): Illuminate\Routing\Router->runRouteWithinStack(Object(Illuminate\Routing\Route), Object(Illuminate\Http\Request))
#52 C:\xampp\htdocs\apply like facebook\pos6.12\vendor\laravel\framework\src\Illuminate\Routing\Router.php(740): Illuminate\Routing\Router->runRoute(Object(Illuminate\Http\Request), Object(Illuminate\Routing\Route))
#53 C:\xampp\htdocs\apply like facebook\pos6.12\vendor\laravel\framework\src\Illuminate\Routing\Router.php(729): Illuminate\Routing\Router->dispatchToRoute(Object(Illuminate\Http\Request))
#54 C:\xampp\htdocs\apply like facebook\pos6.12\vendor\laravel\framework\src\Illuminate\Foundation\Http\Kernel.php(190): Illuminate\Routing\Router->dispatch(Object(Illuminate\Http\Request))
#55 C:\xampp\htdocs\apply like facebook\pos6.12\vendor\laravel\framework\src\Illuminate\Pipeline\Pipeline.php(141): Illuminate\Foundation\Http\Kernel->Illuminate\Foundation\Http\{closure}(Object(Illuminate\Http\Request))
#56 C:\xampp\htdocs\apply like facebook\pos6.12\vendor\barryvdh\laravel-debugbar\src\Middleware\InjectDebugbar.php(59): Illuminate\Pipeline\Pipeline->Illuminate\Pipeline\{closure}(Object(Illuminate\Http\Request))
#57 C:\xampp\htdocs\apply like facebook\pos6.12\vendor\laravel\framework\src\Illuminate\Pipeline\Pipeline.php(180): Barryvdh\Debugbar\Middleware\InjectDebugbar->handle(Object(Illuminate\Http\Request), Object(Closure))
#58 C:\xampp\htdocs\apply like facebook\pos6.12\vendor\laravel\framework\src\Illuminate\Foundation\Http\Middleware\TransformsRequest.php(21): Illuminate\Pipeline\Pipeline->Illuminate\Pipeline\{closure}(Object(Illuminate\Http\Request))
#59 C:\xampp\htdocs\apply like facebook\pos6.12\vendor\laravel\framework\src\Illuminate\Foundation\Http\Middleware\ConvertEmptyStringsToNull.php(31): Illuminate\Foundation\Http\Middleware\TransformsRequest->handle(Object(Illuminate\Http\Request), Object(Closure))
#60 C:\xampp\htdocs\apply like facebook\pos6.12\vendor\laravel\framework\src\Illuminate\Pipeline\Pipeline.php(180): Illuminate\Foundation\Http\Middleware\ConvertEmptyStringsToNull->handle(Object(Illuminate\Http\Request), Object(Closure))
#61 C:\xampp\htdocs\apply like facebook\pos6.12\vendor\laravel\framework\src\Illuminate\Foundation\Http\Middleware\TransformsRequest.php(21): Illuminate\Pipeline\Pipeline->Illuminate\Pipeline\{closure}(Object(Illuminate\Http\Request))
#62 C:\xampp\htdocs\apply like facebook\pos6.12\vendor\laravel\framework\src\Illuminate\Foundation\Http\Middleware\TrimStrings.php(40): Illuminate\Foundation\Http\Middleware\TransformsRequest->handle(Object(Illuminate\Http\Request), Object(Closure))
#63 C:\xampp\htdocs\apply like facebook\pos6.12\vendor\laravel\framework\src\Illuminate\Pipeline\Pipeline.php(180): Illuminate\Foundation\Http\Middleware\TrimStrings->handle(Object(Illuminate\Http\Request), Object(Closure))
#64 C:\xampp\htdocs\apply like facebook\pos6.12\vendor\laravel\framework\src\Illuminate\Foundation\Http\Middleware\ValidatePostSize.php(27): Illuminate\Pipeline\Pipeline->Illuminate\Pipeline\{closure}(Object(Illuminate\Http\Request))
#65 C:\xampp\htdocs\apply like facebook\pos6.12\vendor\laravel\framework\src\Illuminate\Pipeline\Pipeline.php(180): Illuminate\Foundation\Http\Middleware\ValidatePostSize->handle(Object(Illuminate\Http\Request), Object(Closure))
#66 C:\xampp\htdocs\apply like facebook\pos6.12\vendor\laravel\framework\src\Illuminate\Foundation\Http\Middleware\PreventRequestsDuringMaintenance.php(86): Illuminate\Pipeline\Pipeline->Illuminate\Pipeline\{closure}(Object(Illuminate\Http\Request))
#67 C:\xampp\htdocs\apply like facebook\pos6.12\vendor\laravel\framework\src\Illuminate\Pipeline\Pipeline.php(180): Illuminate\Foundation\Http\Middleware\PreventRequestsDuringMaintenance->handle(Object(Illuminate\Http\Request), Object(Closure))
#68 C:\xampp\htdocs\apply like facebook\pos6.12\vendor\laravel\framework\src\Illuminate\Http\Middleware\HandleCors.php(49): Illuminate\Pipeline\Pipeline->Illuminate\Pipeline\{closure}(Object(Illuminate\Http\Request))
#69 C:\xampp\htdocs\apply like facebook\pos6.12\vendor\laravel\framework\src\Illuminate\Pipeline\Pipeline.php(180): Illuminate\Http\Middleware\HandleCors->handle(Object(Illuminate\Http\Request), Object(Closure))
#70 C:\xampp\htdocs\apply like facebook\pos6.12\vendor\laravel\framework\src\Illuminate\Http\Middleware\TrustProxies.php(39): Illuminate\Pipeline\Pipeline->Illuminate\Pipeline\{closure}(Object(Illuminate\Http\Request))
#71 C:\xampp\htdocs\apply like facebook\pos6.12\vendor\laravel\framework\src\Illuminate\Pipeline\Pipeline.php(180): Illuminate\Http\Middleware\TrustProxies->handle(Object(Illuminate\Http\Request), Object(Closure))
#72 C:\xampp\htdocs\apply like facebook\pos6.12\vendor\laravel\framework\src\Illuminate\Pipeline\Pipeline.php(116): Illuminate\Pipeline\Pipeline->Illuminate\Pipeline\{closure}(Object(Illuminate\Http\Request))
#73 C:\xampp\htdocs\apply like facebook\pos6.12\vendor\laravel\framework\src\Illuminate\Foundation\Http\Kernel.php(165): Illuminate\Pipeline\Pipeline->then(Object(Closure))
#74 C:\xampp\htdocs\apply like facebook\pos6.12\vendor\laravel\framework\src\Illuminate\Foundation\Http\Kernel.php(134): Illuminate\Foundation\Http\Kernel->sendRequestThroughRouter(Object(Illuminate\Http\Request))
#75 C:\xampp\htdocs\apply like facebook\pos6.12\public\index.php(56): Illuminate\Foundation\Http\Kernel->handle(Object(Illuminate\Http\Request))
#76 C:\xampp\htdocs\apply like facebook\pos6.12\vendor\laravel\framework\src\Illuminate\Foundation\resources\server.php(16): require_once('C:\\xampp\\htdocs...')
#77 {main}  
[2026-05-24 08:47:25] local.ERROR: PDOException: SQLSTATE[42S22]: Column not found: 1054 Unknown column 'l.location_name_snapshot' in 'where clause' in C:\xampp\htdocs\apply like facebook\pos6.12\vendor\laravel\framework\src\Illuminate\Database\Connection.php:414
Stack trace:
#0 C:\xampp\htdocs\apply like facebook\pos6.12\vendor\laravel\framework\src\Illuminate\Database\Connection.php(414): PDO->prepare('select count(*)...')
#1 C:\xampp\htdocs\apply like facebook\pos6.12\vendor\laravel\framework\src\Illuminate\Database\Connection.php(753): Illuminate\Database\Connection->Illuminate\Database\{closure}('select count(*)...', Array)
#2 C:\xampp\htdocs\apply like facebook\pos6.12\vendor\laravel\framework\src\Illuminate\Database\Connection.php(720): Illuminate\Database\Connection->runQueryCallback('select count(*)...', Array, Object(Closure))
#3 C:\xampp\htdocs\apply like facebook\pos6.12\vendor\laravel\framework\src\Illuminate\Database\Connection.php(405): Illuminate\Database\Connection->run('select count(*)...', Array, Object(Closure))
#4 C:\xampp\htdocs\apply like facebook\pos6.12\vendor\laravel\framework\src\Illuminate\Database\Query\Builder.php(2705): Illuminate\Database\Connection->select('select count(*)...', Array, true)
#5 C:\xampp\htdocs\apply like facebook\pos6.12\vendor\laravel\framework\src\Illuminate\Database\Query\Builder.php(2694): Illuminate\Database\Query\Builder->runSelect()
#6 C:\xampp\htdocs\apply like facebook\pos6.12\vendor\laravel\framework\src\Illuminate\Database\Query\Builder.php(3230): Illuminate\Database\Query\Builder->Illuminate\Database\Query\{closure}()
#7 C:\xampp\htdocs\apply like facebook\pos6.12\vendor\laravel\framework\src\Illuminate\Database\Query\Builder.php(2693): Illuminate\Database\Query\Builder->onceWithColumns(Array, Object(Closure))
#8 C:\xampp\htdocs\apply like facebook\pos6.12\vendor\laravel\framework\src\Illuminate\Database\Query\Builder.php(3157): Illuminate\Database\Query\Builder->get(Array)
#9 C:\xampp\htdocs\apply like facebook\pos6.12\vendor\laravel\framework\src\Illuminate\Database\Query\Builder.php(3085): Illuminate\Database\Query\Builder->aggregate('count', Array)
#10 C:\xampp\htdocs\apply like facebook\pos6.12\vendor\yajra\laravel-datatables-oracle\src\QueryDataTable.php(215): Illuminate\Database\Query\Builder->count()
#11 C:\xampp\htdocs\apply like facebook\pos6.12\vendor\yajra\laravel-datatables-oracle\src\QueryDataTable.php(200): Yajra\DataTables\QueryDataTable->count()
#12 C:\xampp\htdocs\apply like facebook\pos6.12\vendor\yajra\laravel-datatables-oracle\src\DataTableAbstract.php(705): Yajra\DataTables\QueryDataTable->filteredCount()
#13 C:\xampp\htdocs\apply like facebook\pos6.12\vendor\yajra\laravel-datatables-oracle\src\QueryDataTable.php(142): Yajra\DataTables\DataTableAbstract->filterRecords()
#14 C:\xampp\htdocs\apply like facebook\pos6.12\vendor\yajra\laravel-datatables-oracle\src\QueryDataTable.php(99): Yajra\DataTables\QueryDataTable->prepareQuery()
#15 C:\xampp\htdocs\apply like facebook\pos6.12\Modules\LoanManagement\Http\Controllers\LoanInstallmentListController.php(591): Yajra\DataTables\QueryDataTable->make(true)
#16 C:\xampp\htdocs\apply like facebook\pos6.12\vendor\laravel\framework\src\Illuminate\Routing\Controller.php(54): Modules\LoanManagement\Http\Controllers\LoanInstallmentListController->data(Object(Illuminate\Http\Request))
#17 C:\xampp\htdocs\apply like facebook\pos6.12\vendor\laravel\framework\src\Illuminate\Routing\ControllerDispatcher.php(43): Illuminate\Routing\Controller->callAction('data', Array)
#18 C:\xampp\htdocs\apply like facebook\pos6.12\vendor\laravel\framework\src\Illuminate\Routing\Route.php(259): Illuminate\Routing\ControllerDispatcher->dispatch(Object(Illuminate\Routing\Route), Object(Modules\LoanManagement\Http\Controllers\LoanInstallmentListController), 'data')
#19 C:\xampp\htdocs\apply like facebook\pos6.12\vendor\laravel\framework\src\Illuminate\Routing\Route.php(205): Illuminate\Routing\Route->runController()
#20 C:\xampp\htdocs\apply like facebook\pos6.12\vendor\laravel\framework\src\Illuminate\Routing\Router.php(798): Illuminate\Routing\Route->run()
#21 C:\xampp\htdocs\apply like facebook\pos6.12\vendor\laravel\framework\src\Illuminate\Pipeline\Pipeline.php(141): Illuminate\Routing\Router->Illuminate\Routing\{closure}(Object(Illuminate\Http\Request))
#22 C:\xampp\htdocs\apply like facebook\pos6.12\vendor\laravel\framework\src\Illuminate\Auth\Middleware\Authorize.php(45): Illuminate\Pipeline\Pipeline->Illuminate\Pipeline\{closure}(Object(Illuminate\Http\Request))
#23 C:\xampp\htdocs\apply like facebook\pos6.12\vendor\laravel\framework\src\Illuminate\Pipeline\Pipeline.php(180): Illuminate\Auth\Middleware\Authorize->handle(Object(Illuminate\Http\Request), Object(Closure), 'loan_management...')
#24 C:\xampp\htdocs\apply like facebook\pos6.12\app\Http\Middleware\CheckUserLogin.php(22): Illuminate\Pipeline\Pipeline->Illuminate\Pipeline\{closure}(Object(Illuminate\Http\Request))
#25 C:\xampp\htdocs\apply like facebook\pos6.12\vendor\laravel\framework\src\Illuminate\Pipeline\Pipeline.php(180): App\Http\Middleware\CheckUserLogin->handle(Object(Illuminate\Http\Request), Object(Closure))
#26 C:\xampp\htdocs\apply like facebook\pos6.12\app\Http\Middleware\AdminSidebarMenu.php(22): Illuminate\Pipeline\Pipeline->Illuminate\Pipeline\{closure}(Object(Illuminate\Http\Request))
#27 C:\xampp\htdocs\apply like facebook\pos6.12\vendor\laravel\framework\src\Illuminate\Pipeline\Pipeline.php(180): App\Http\Middleware\AdminSidebarMenu->handle(Object(Illuminate\Http\Request), Object(Closure))
#28 C:\xampp\htdocs\apply like facebook\pos6.12\app\Http\Middleware\Timezone.php(30): Illuminate\Pipeline\Pipeline->Illuminate\Pipeline\{closure}(Object(Illuminate\Http\Request))
#29 C:\xampp\htdocs\apply like facebook\pos6.12\vendor\laravel\framework\src\Illuminate\Pipeline\Pipeline.php(180): App\Http\Middleware\Timezone->handle(Object(Illuminate\Http\Request), Object(Closure))
#30 C:\xampp\htdocs\apply like facebook\pos6.12\app\Http\Middleware\Language.php(25): Illuminate\Pipeline\Pipeline->Illuminate\Pipeline\{closure}(Object(Illuminate\Http\Request))
#31 C:\xampp\htdocs\apply like facebook\pos6.12\vendor\laravel\framework\src\Illuminate\Pipeline\Pipeline.php(180): App\Http\Middleware\Language->handle(Object(Illuminate\Http\Request), Object(Closure))
#32 C:\xampp\htdocs\apply like facebook\pos6.12\app\Http\Middleware\SetSessionData.php(52): Illuminate\Pipeline\Pipeline->Illuminate\Pipeline\{closure}(Object(Illuminate\Http\Request))
#33 C:\xampp\htdocs\apply like facebook\pos6.12\vendor\laravel\framework\src\Illuminate\Pipeline\Pipeline.php(180): App\Http\Middleware\SetSessionData->handle(Object(Illuminate\Http\Request), Object(Closure))
#34 C:\xampp\htdocs\apply like facebook\pos6.12\vendor\barryvdh\laravel-debugbar\src\Middleware\InjectDebugbar.php(59): Illuminate\Pipeline\Pipeline->Illuminate\Pipeline\{closure}(Object(Illuminate\Http\Request))
#35 C:\xampp\htdocs\apply like facebook\pos6.12\vendor\laravel\framework\src\Illuminate\Pipeline\Pipeline.php(180): Barryvdh\Debugbar\Middleware\InjectDebugbar->handle(Object(Illuminate\Http\Request), Object(Closure))
#36 C:\xampp\htdocs\apply like facebook\pos6.12\vendor\laravel\framework\src\Illuminate\Routing\Middleware\SubstituteBindings.php(50): Illuminate\Pipeline\Pipeline->Illuminate\Pipeline\{closure}(Object(Illuminate\Http\Request))
#37 C:\xampp\htdocs\apply like facebook\pos6.12\vendor\laravel\framework\src\Illuminate\Pipeline\Pipeline.php(180): Illuminate\Routing\Middleware\SubstituteBindings->handle(Object(Illuminate\Http\Request), Object(Closure))
#38 C:\xampp\htdocs\apply like facebook\pos6.12\vendor\laravel\framework\src\Illuminate\Auth\Middleware\Authenticate.php(44): Illuminate\Pipeline\Pipeline->Illuminate\Pipeline\{closure}(Object(Illuminate\Http\Request))
#39 C:\xampp\htdocs\apply like facebook\pos6.12\vendor\laravel\framework\src\Illuminate\Pipeline\Pipeline.php(180): Illuminate\Auth\Middleware\Authenticate->handle(Object(Illuminate\Http\Request), Object(Closure))
#40 C:\xampp\htdocs\apply like facebook\pos6.12\vendor\laravel\framework\src\Illuminate\Foundation\Http\Middleware\VerifyCsrfToken.php(78): Illuminate\Pipeline\Pipeline->Illuminate\Pipeline\{closure}(Object(Illuminate\Http\Request))
#41 C:\xampp\htdocs\apply like facebook\pos6.12\vendor\laravel\framework\src\Illuminate\Pipeline\Pipeline.php(180): Illuminate\Foundation\Http\Middleware\VerifyCsrfToken->handle(Object(Illuminate\Http\Request), Object(Closure))
#42 C:\xampp\htdocs\apply like facebook\pos6.12\vendor\laravel\framework\src\Illuminate\View\Middleware\ShareErrorsFromSession.php(49): Illuminate\Pipeline\Pipeline->Illuminate\Pipeline\{closure}(Object(Illuminate\Http\Request))
#43 C:\xampp\htdocs\apply like facebook\pos6.12\vendor\laravel\framework\src\Illuminate\Pipeline\Pipeline.php(180): Illuminate\View\Middleware\ShareErrorsFromSession->handle(Object(Illuminate\Http\Request), Object(Closure))
#44 C:\xampp\htdocs\apply like facebook\pos6.12\vendor\laravel\framework\src\Illuminate\Session\Middleware\StartSession.php(121): Illuminate\Pipeline\Pipeline->Illuminate\Pipeline\{closure}(Object(Illuminate\Http\Request))
#45 C:\xampp\htdocs\apply like facebook\pos6.12\vendor\laravel\framework\src\Illuminate\Session\Middleware\StartSession.php(64): Illuminate\Session\Middleware\StartSession->handleStatefulRequest(Object(Illuminate\Http\Request), Object(Illuminate\Session\Store), Object(Closure))
#46 C:\xampp\htdocs\apply like facebook\pos6.12\vendor\laravel\framework\src\Illuminate\Pipeline\Pipeline.php(180): Illuminate\Session\Middleware\StartSession->handle(Object(Illuminate\Http\Request), Object(Closure))
#47 C:\xampp\htdocs\apply like facebook\pos6.12\vendor\laravel\framework\src\Illuminate\Cookie\Middleware\AddQueuedCookiesToResponse.php(37): Illuminate\Pipeline\Pipeline->Illuminate\Pipeline\{closure}(Object(Illuminate\Http\Request))
#48 C:\xampp\htdocs\apply like facebook\pos6.12\vendor\laravel\framework\src\Illuminate\Pipeline\Pipeline.php(180): Illuminate\Cookie\Middleware\AddQueuedCookiesToResponse->handle(Object(Illuminate\Http\Request), Object(Closure))
#49 C:\xampp\htdocs\apply like facebook\pos6.12\vendor\laravel\framework\src\Illuminate\Cookie\Middleware\EncryptCookies.php(67): Illuminate\Pipeline\Pipeline->Illuminate\Pipeline\{closure}(Object(Illuminate\Http\Request))
#50 C:\xampp\htdocs\apply like facebook\pos6.12\vendor\laravel\framework\src\Illuminate\Pipeline\Pipeline.php(180): Illuminate\Cookie\Middleware\EncryptCookies->handle(Object(Illuminate\Http\Request), Object(Closure))
#51 C:\xampp\htdocs\apply like facebook\pos6.12\vendor\laravel\framework\src\Illuminate\Pipeline\Pipeline.php(116): Illuminate\Pipeline\Pipeline->Illuminate\Pipeline\{closure}(Object(Illuminate\Http\Request))
#52 C:\xampp\htdocs\apply like facebook\pos6.12\vendor\laravel\framework\src\Illuminate\Routing\Router.php(797): Illuminate\Pipeline\Pipeline->then(Object(Closure))
#53 C:\xampp\htdocs\apply like facebook\pos6.12\vendor\laravel\framework\src\Illuminate\Routing\Router.php(776): Illuminate\Routing\Router->runRouteWithinStack(Object(Illuminate\Routing\Route), Object(Illuminate\Http\Request))
#54 C:\xampp\htdocs\apply like facebook\pos6.12\vendor\laravel\framework\src\Illuminate\Routing\Router.php(740): Illuminate\Routing\Router->runRoute(Object(Illuminate\Http\Request), Object(Illuminate\Routing\Route))
#55 C:\xampp\htdocs\apply like facebook\pos6.12\vendor\laravel\framework\src\Illuminate\Routing\Router.php(729): Illuminate\Routing\Router->dispatchToRoute(Object(Illuminate\Http\Request))
#56 C:\xampp\htdocs\apply like facebook\pos6.12\vendor\laravel\framework\src\Illuminate\Foundation\Http\Kernel.php(190): Illuminate\Routing\Router->dispatch(Object(Illuminate\Http\Request))
#57 C:\xampp\htdocs\apply like facebook\pos6.12\vendor\laravel\framework\src\Illuminate\Pipeline\Pipeline.php(141): Illuminate\Foundation\Http\Kernel->Illuminate\Foundation\Http\{closure}(Object(Illuminate\Http\Request))
#58 C:\xampp\htdocs\apply like facebook\pos6.12\vendor\barryvdh\laravel-debugbar\src\Middleware\InjectDebugbar.php(59): Illuminate\Pipeline\Pipeline->Illuminate\Pipeline\{closure}(Object(Illuminate\Http\Request))
#59 C:\xampp\htdocs\apply like facebook\pos6.12\vendor\laravel\framework\src\Illuminate\Pipeline\Pipeline.php(180): Barryvdh\Debugbar\Middleware\InjectDebugbar->handle(Object(Illuminate\Http\Request), Object(Closure))
#60 C:\xampp\htdocs\apply like facebook\pos6.12\vendor\laravel\framework\src\Illuminate\Foundation\Http\Middleware\TransformsRequest.php(21): Illuminate\Pipeline\Pipeline->Illuminate\Pipeline\{closure}(Object(Illuminate\Http\Request))
#61 C:\xampp\htdocs\apply like facebook\pos6.12\vendor\laravel\framework\src\Illuminate\Foundation\Http\Middleware\ConvertEmptyStringsToNull.php(31): Illuminate\Foundation\Http\Middleware\TransformsRequest->handle(Object(Illuminate\Http\Request), Object(Closure))
#62 C:\xampp\htdocs\apply like facebook\pos6.12\vendor\laravel\framework\src\Illuminate\Pipeline\Pipeline.php(180): Illuminate\Foundation\Http\Middleware\ConvertEmptyStringsToNull->handle(Object(Illuminate\Http\Request), Object(Closure))
#63 C:\xampp\htdocs\apply like facebook\pos6.12\vendor\laravel\framework\src\Illuminate\Foundation\Http\Middleware\TransformsRequest.php(21): Illuminate\Pipeline\Pipeline->Illuminate\Pipeline\{closure}(Object(Illuminate\Http\Request))
#64 C:\xampp\htdocs\apply like facebook\pos6.12\vendor\laravel\framework\src\Illuminate\Foundation\Http\Middleware\TrimStrings.php(40): Illuminate\Foundation\Http\Middleware\TransformsRequest->handle(Object(Illuminate\Http\Request), Object(Closure))
#65 C:\xampp\htdocs\apply like facebook\pos6.12\vendor\laravel\framework\src\Illuminate\Pipeline\Pipeline.php(180): Illuminate\Foundation\Http\Middleware\TrimStrings->handle(Object(Illuminate\Http\Request), Object(Closure))
#66 C:\xampp\htdocs\apply like facebook\pos6.12\vendor\laravel\framework\src\Illuminate\Foundation\Http\Middleware\ValidatePostSize.php(27): Illuminate\Pipeline\Pipeline->Illuminate\Pipeline\{closure}(Object(Illuminate\Http\Request))
#67 C:\xampp\htdocs\apply like facebook\pos6.12\vendor\laravel\framework\src\Illuminate\Pipeline\Pipeline.php(180): Illuminate\Foundation\Http\Middleware\ValidatePostSize->handle(Object(Illuminate\Http\Request), Object(Closure))
#68 C:\xampp\htdocs\apply like facebook\pos6.12\vendor\laravel\framework\src\Illuminate\Foundation\Http\Middleware\PreventRequestsDuringMaintenance.php(86): Illuminate\Pipeline\Pipeline->Illuminate\Pipeline\{closure}(Object(Illuminate\Http\Request))
#69 C:\xampp\htdocs\apply like facebook\pos6.12\vendor\laravel\framework\src\Illuminate\Pipeline\Pipeline.php(180): Illuminate\Foundation\Http\Middleware\PreventRequestsDuringMaintenance->handle(Object(Illuminate\Http\Request), Object(Closure))
#70 C:\xampp\htdocs\apply like facebook\pos6.12\vendor\laravel\framework\src\Illuminate\Http\Middleware\HandleCors.php(49): Illuminate\Pipeline\Pipeline->Illuminate\Pipeline\{closure}(Object(Illuminate\Http\Request))
#71 C:\xampp\htdocs\apply like facebook\pos6.12\vendor\laravel\framework\src\Illuminate\Pipeline\Pipeline.php(180): Illuminate\Http\Middleware\HandleCors->handle(Object(Illuminate\Http\Request), Object(Closure))
#72 C:\xampp\htdocs\apply like facebook\pos6.12\vendor\laravel\framework\src\Illuminate\Http\Middleware\TrustProxies.php(39): Illuminate\Pipeline\Pipeline->Illuminate\Pipeline\{closure}(Object(Illuminate\Http\Request))
#73 C:\xampp\htdocs\apply like facebook\pos6.12\vendor\laravel\framework\src\Illuminate\Pipeline\Pipeline.php(180): Illuminate\Http\Middleware\TrustProxies->handle(Object(Illuminate\Http\Request), Object(Closure))
#74 C:\xampp\htdocs\apply like facebook\pos6.12\vendor\laravel\framework\src\Illuminate\Pipeline\Pipeline.php(116): Illuminate\Pipeline\Pipeline->Illuminate\Pipeline\{closure}(Object(Illuminate\Http\Request))
#75 C:\xampp\htdocs\apply like facebook\pos6.12\vendor\laravel\framework\src\Illuminate\Foundation\Http\Kernel.php(165): Illuminate\Pipeline\Pipeline->then(Object(Closure))
#76 C:\xampp\htdocs\apply like facebook\pos6.12\vendor\laravel\framework\src\Illuminate\Foundation\Http\Kernel.php(134): Illuminate\Foundation\Http\Kernel->sendRequestThroughRouter(Object(Illuminate\Http\Request))
#77 C:\xampp\htdocs\apply like facebook\pos6.12\public\index.php(56): Illuminate\Foundation\Http\Kernel->handle(Object(Illuminate\Http\Request))
#78 C:\xampp\htdocs\apply like facebook\pos6.12\vendor\laravel\framework\src\Illuminate\Foundation\resources\server.php(16): require_once('C:\\xampp\\htdocs...')
#79 {main}

Next Illuminate\Database\QueryException: SQLSTATE[42S22]: Column not found: 1054 Unknown column 'l.location_name_snapshot' in 'where clause' (SQL: select count(*) as aggregate from `loans` as `l` where (LOWER(`l`.`loan_number`) LIKE %008036% or LOWER(`l`.`loan_date`) LIKE %008036% or LOWER(`l`.`source_invoice_no`) LIKE %008036% or LOWER(`l`.`customer_name_snapshot`) LIKE %008036% or LOWER(`l`.`customer_phone_snapshot`) LIKE %008036% or LOWER(`l`.`location_name_snapshot`) LIKE %008036% or LOWER(`l`.`collector_name_snapshot`) LIKE %008036% or LOWER(`l`.`principal_amount`) LIKE %008036% or LOWER(`l`.`paid_amount`) LIKE %008036% or LOWER(`l`.`balance_amount`) LIKE %008036% or LOWER(`l`.`status`) LIKE %008036% or LOWER(`l`.`currency`) LIKE %008036%)) in C:\xampp\htdocs\apply like facebook\pos6.12\vendor\laravel\framework\src\Illuminate\Database\Connection.php:760
Stack trace:
#0 C:\xampp\htdocs\apply like facebook\pos6.12\vendor\laravel\framework\src\Illuminate\Database\Connection.php(720): Illuminate\Database\Connection->runQueryCallback('select count(*)...', Array, Object(Closure))
#1 C:\xampp\htdocs\apply like facebook\pos6.12\vendor\laravel\framework\src\Illuminate\Database\Connection.php(405): Illuminate\Database\Connection->run('select count(*)...', Array, Object(Closure))
#2 C:\xampp\htdocs\apply like facebook\pos6.12\vendor\laravel\framework\src\Illuminate\Database\Query\Builder.php(2705): Illuminate\Database\Connection->select('select count(*)...', Array, true)
#3 C:\xampp\htdocs\apply like facebook\pos6.12\vendor\laravel\framework\src\Illuminate\Database\Query\Builder.php(2694): Illuminate\Database\Query\Builder->runSelect()
#4 C:\xampp\htdocs\apply like facebook\pos6.12\vendor\laravel\framework\src\Illuminate\Database\Query\Builder.php(3230): Illuminate\Database\Query\Builder->Illuminate\Database\Query\{closure}()
#5 C:\xampp\htdocs\apply like facebook\pos6.12\vendor\laravel\framework\src\Illuminate\Database\Query\Builder.php(2693): Illuminate\Database\Query\Builder->onceWithColumns(Array, Object(Closure))
#6 C:\xampp\htdocs\apply like facebook\pos6.12\vendor\laravel\framework\src\Illuminate\Database\Query\Builder.php(3157): Illuminate\Database\Query\Builder->get(Array)
#7 C:\xampp\htdocs\apply like facebook\pos6.12\vendor\laravel\framework\src\Illuminate\Database\Query\Builder.php(3085): Illuminate\Database\Query\Builder->aggregate('count', Array)
#8 C:\xampp\htdocs\apply like facebook\pos6.12\vendor\yajra\laravel-datatables-oracle\src\QueryDataTable.php(215): Illuminate\Database\Query\Builder->count()
#9 C:\xampp\htdocs\apply like facebook\pos6.12\vendor\yajra\laravel-datatables-oracle\src\QueryDataTable.php(200): Yajra\DataTables\QueryDataTable->count()
#10 C:\xampp\htdocs\apply like facebook\pos6.12\vendor\yajra\laravel-datatables-oracle\src\DataTableAbstract.php(705): Yajra\DataTables\QueryDataTable->filteredCount()
#11 C:\xampp\htdocs\apply like facebook\pos6.12\vendor\yajra\laravel-datatables-oracle\src\QueryDataTable.php(142): Yajra\DataTables\DataTableAbstract->filterRecords()
#12 C:\xampp\htdocs\apply like facebook\pos6.12\vendor\yajra\laravel-datatables-oracle\src\QueryDataTable.php(99): Yajra\DataTables\QueryDataTable->prepareQuery()
#13 C:\xampp\htdocs\apply like facebook\pos6.12\Modules\LoanManagement\Http\Controllers\LoanInstallmentListController.php(591): Yajra\DataTables\QueryDataTable->make(true)
#14 C:\xampp\htdocs\apply like facebook\pos6.12\vendor\laravel\framework\src\Illuminate\Routing\Controller.php(54): Modules\LoanManagement\Http\Controllers\LoanInstallmentListController->data(Object(Illuminate\Http\Request))
#15 C:\xampp\htdocs\apply like facebook\pos6.12\vendor\laravel\framework\src\Illuminate\Routing\ControllerDispatcher.php(43): Illuminate\Routing\Controller->callAction('data', Array)
#16 C:\xampp\htdocs\apply like facebook\pos6.12\vendor\laravel\framework\src\Illuminate\Routing\Route.php(259): Illuminate\Routing\ControllerDispatcher->dispatch(Object(Illuminate\Routing\Route), Object(Modules\LoanManagement\Http\Controllers\LoanInstallmentListController), 'data')
#17 C:\xampp\htdocs\apply like facebook\pos6.12\vendor\laravel\framework\src\Illuminate\Routing\Route.php(205): Illuminate\Routing\Route->runController()
#18 C:\xampp\htdocs\apply like facebook\pos6.12\vendor\laravel\framework\src\Illuminate\Routing\Router.php(798): Illuminate\Routing\Route->run()
#19 C:\xampp\htdocs\apply like facebook\pos6.12\vendor\laravel\framework\src\Illuminate\Pipeline\Pipeline.php(141): Illuminate\Routing\Router->Illuminate\Routing\{closure}(Object(Illuminate\Http\Request))
#20 C:\xampp\htdocs\apply like facebook\pos6.12\vendor\laravel\framework\src\Illuminate\Auth\Middleware\Authorize.php(45): Illuminate\Pipeline\Pipeline->Illuminate\Pipeline\{closure}(Object(Illuminate\Http\Request))
#21 C:\xampp\htdocs\apply like facebook\pos6.12\vendor\laravel\framework\src\Illuminate\Pipeline\Pipeline.php(180): Illuminate\Auth\Middleware\Authorize->handle(Object(Illuminate\Http\Request), Object(Closure), 'loan_management...')
#22 C:\xampp\htdocs\apply like facebook\pos6.12\app\Http\Middleware\CheckUserLogin.php(22): Illuminate\Pipeline\Pipeline->Illuminate\Pipeline\{closure}(Object(Illuminate\Http\Request))
#23 C:\xampp\htdocs\apply like facebook\pos6.12\vendor\laravel\framework\src\Illuminate\Pipeline\Pipeline.php(180): App\Http\Middleware\CheckUserLogin->handle(Object(Illuminate\Http\Request), Object(Closure))
#24 C:\xampp\htdocs\apply like facebook\pos6.12\app\Http\Middleware\AdminSidebarMenu.php(22): Illuminate\Pipeline\Pipeline->Illuminate\Pipeline\{closure}(Object(Illuminate\Http\Request))
#25 C:\xampp\htdocs\apply like facebook\pos6.12\vendor\laravel\framework\src\Illuminate\Pipeline\Pipeline.php(180): App\Http\Middleware\AdminSidebarMenu->handle(Object(Illuminate\Http\Request), Object(Closure))
#26 C:\xampp\htdocs\apply like facebook\pos6.12\app\Http\Middleware\Timezone.php(30): Illuminate\Pipeline\Pipeline->Illuminate\Pipeline\{closure}(Object(Illuminate\Http\Request))
#27 C:\xampp\htdocs\apply like facebook\pos6.12\vendor\laravel\framework\src\Illuminate\Pipeline\Pipeline.php(180): App\Http\Middleware\Timezone->handle(Object(Illuminate\Http\Request), Object(Closure))
#28 C:\xampp\htdocs\apply like facebook\pos6.12\app\Http\Middleware\Language.php(25): Illuminate\Pipeline\Pipeline->Illuminate\Pipeline\{closure}(Object(Illuminate\Http\Request))
#29 C:\xampp\htdocs\apply like facebook\pos6.12\vendor\laravel\framework\src\Illuminate\Pipeline\Pipeline.php(180): App\Http\Middleware\Language->handle(Object(Illuminate\Http\Request), Object(Closure))
#30 C:\xampp\htdocs\apply like facebook\pos6.12\app\Http\Middleware\SetSessionData.php(52): Illuminate\Pipeline\Pipeline->Illuminate\Pipeline\{closure}(Object(Illuminate\Http\Request))
#31 C:\xampp\htdocs\apply like facebook\pos6.12\vendor\laravel\framework\src\Illuminate\Pipeline\Pipeline.php(180): App\Http\Middleware\SetSessionData->handle(Object(Illuminate\Http\Request), Object(Closure))
#32 C:\xampp\htdocs\apply like facebook\pos6.12\vendor\barryvdh\laravel-debugbar\src\Middleware\InjectDebugbar.php(59): Illuminate\Pipeline\Pipeline->Illuminate\Pipeline\{closure}(Object(Illuminate\Http\Request))
#33 C:\xampp\htdocs\apply like facebook\pos6.12\vendor\laravel\framework\src\Illuminate\Pipeline\Pipeline.php(180): Barryvdh\Debugbar\Middleware\InjectDebugbar->handle(Object(Illuminate\Http\Request), Object(Closure))
#34 C:\xampp\htdocs\apply like facebook\pos6.12\vendor\laravel\framework\src\Illuminate\Routing\Middleware\SubstituteBindings.php(50): Illuminate\Pipeline\Pipeline->Illuminate\Pipeline\{closure}(Object(Illuminate\Http\Request))
#35 C:\xampp\htdocs\apply like facebook\pos6.12\vendor\laravel\framework\src\Illuminate\Pipeline\Pipeline.php(180): Illuminate\Routing\Middleware\SubstituteBindings->handle(Object(Illuminate\Http\Request), Object(Closure))
#36 C:\xampp\htdocs\apply like facebook\pos6.12\vendor\laravel\framework\src\Illuminate\Auth\Middleware\Authenticate.php(44): Illuminate\Pipeline\Pipeline->Illuminate\Pipeline\{closure}(Object(Illuminate\Http\Request))
#37 C:\xampp\htdocs\apply like facebook\pos6.12\vendor\laravel\framework\src\Illuminate\Pipeline\Pipeline.php(180): Illuminate\Auth\Middleware\Authenticate->handle(Object(Illuminate\Http\Request), Object(Closure))
#38 C:\xampp\htdocs\apply like facebook\pos6.12\vendor\laravel\framework\src\Illuminate\Foundation\Http\Middleware\VerifyCsrfToken.php(78): Illuminate\Pipeline\Pipeline->Illuminate\Pipeline\{closure}(Object(Illuminate\Http\Request))
#39 C:\xampp\htdocs\apply like facebook\pos6.12\vendor\laravel\framework\src\Illuminate\Pipeline\Pipeline.php(180): Illuminate\Foundation\Http\Middleware\VerifyCsrfToken->handle(Object(Illuminate\Http\Request), Object(Closure))
#40 C:\xampp\htdocs\apply like facebook\pos6.12\vendor\laravel\framework\src\Illuminate\View\Middleware\ShareErrorsFromSession.php(49): Illuminate\Pipeline\Pipeline->Illuminate\Pipeline\{closure}(Object(Illuminate\Http\Request))
#41 C:\xampp\htdocs\apply like facebook\pos6.12\vendor\laravel\framework\src\Illuminate\Pipeline\Pipeline.php(180): Illuminate\View\Middleware\ShareErrorsFromSession->handle(Object(Illuminate\Http\Request), Object(Closure))
#42 C:\xampp\htdocs\apply like facebook\pos6.12\vendor\laravel\framework\src\Illuminate\Session\Middleware\StartSession.php(121): Illuminate\Pipeline\Pipeline->Illuminate\Pipeline\{closure}(Object(Illuminate\Http\Request))
#43 C:\xampp\htdocs\apply like facebook\pos6.12\vendor\laravel\framework\src\Illuminate\Session\Middleware\StartSession.php(64): Illuminate\Session\Middleware\StartSession->handleStatefulRequest(Object(Illuminate\Http\Request), Object(Illuminate\Session\Store), Object(Closure))
#44 C:\xampp\htdocs\apply like facebook\pos6.12\vendor\laravel\framework\src\Illuminate\Pipeline\Pipeline.php(180): Illuminate\Session\Middleware\StartSession->handle(Object(Illuminate\Http\Request), Object(Closure))
#45 C:\xampp\htdocs\apply like facebook\pos6.12\vendor\laravel\framework\src\Illuminate\Cookie\Middleware\AddQueuedCookiesToResponse.php(37): Illuminate\Pipeline\Pipeline->Illuminate\Pipeline\{closure}(Object(Illuminate\Http\Request))
#46 C:\xampp\htdocs\apply like facebook\pos6.12\vendor\laravel\framework\src\Illuminate\Pipeline\Pipeline.php(180): Illuminate\Cookie\Middleware\AddQueuedCookiesToResponse->handle(Object(Illuminate\Http\Request), Object(Closure))
#47 C:\xampp\htdocs\apply like facebook\pos6.12\vendor\laravel\framework\src\Illuminate\Cookie\Middleware\EncryptCookies.php(67): Illuminate\Pipeline\Pipeline->Illuminate\Pipeline\{closure}(Object(Illuminate\Http\Request))
#48 C:\xampp\htdocs\apply like facebook\pos6.12\vendor\laravel\framework\src\Illuminate\Pipeline\Pipeline.php(180): Illuminate\Cookie\Middleware\EncryptCookies->handle(Object(Illuminate\Http\Request), Object(Closure))
#49 C:\xampp\htdocs\apply like facebook\pos6.12\vendor\laravel\framework\src\Illuminate\Pipeline\Pipeline.php(116): Illuminate\Pipeline\Pipeline->Illuminate\Pipeline\{closure}(Object(Illuminate\Http\Request))
#50 C:\xampp\htdocs\apply like facebook\pos6.12\vendor\laravel\framework\src\Illuminate\Routing\Router.php(797): Illuminate\Pipeline\Pipeline->then(Object(Closure))
#51 C:\xampp\htdocs\apply like facebook\pos6.12\vendor\laravel\framework\src\Illuminate\Routing\Router.php(776): Illuminate\Routing\Router->runRouteWithinStack(Object(Illuminate\Routing\Route), Object(Illuminate\Http\Request))
#52 C:\xampp\htdocs\apply like facebook\pos6.12\vendor\laravel\framework\src\Illuminate\Routing\Router.php(740): Illuminate\Routing\Router->runRoute(Object(Illuminate\Http\Request), Object(Illuminate\Routing\Route))
#53 C:\xampp\htdocs\apply like facebook\pos6.12\vendor\laravel\framework\src\Illuminate\Routing\Router.php(729): Illuminate\Routing\Router->dispatchToRoute(Object(Illuminate\Http\Request))
#54 C:\xampp\htdocs\apply like facebook\pos6.12\vendor\laravel\framework\src\Illuminate\Foundation\Http\Kernel.php(190): Illuminate\Routing\Router->dispatch(Object(Illuminate\Http\Request))
#55 C:\xampp\htdocs\apply like facebook\pos6.12\vendor\laravel\framework\src\Illuminate\Pipeline\Pipeline.php(141): Illuminate\Foundation\Http\Kernel->Illuminate\Foundation\Http\{closure}(Object(Illuminate\Http\Request))
#56 C:\xampp\htdocs\apply like facebook\pos6.12\vendor\barryvdh\laravel-debugbar\src\Middleware\InjectDebugbar.php(59): Illuminate\Pipeline\Pipeline->Illuminate\Pipeline\{closure}(Object(Illuminate\Http\Request))
#57 C:\xampp\htdocs\apply like facebook\pos6.12\vendor\laravel\framework\src\Illuminate\Pipeline\Pipeline.php(180): Barryvdh\Debugbar\Middleware\InjectDebugbar->handle(Object(Illuminate\Http\Request), Object(Closure))
#58 C:\xampp\htdocs\apply like facebook\pos6.12\vendor\laravel\framework\src\Illuminate\Foundation\Http\Middleware\TransformsRequest.php(21): Illuminate\Pipeline\Pipeline->Illuminate\Pipeline\{closure}(Object(Illuminate\Http\Request))
#59 C:\xampp\htdocs\apply like facebook\pos6.12\vendor\laravel\framework\src\Illuminate\Foundation\Http\Middleware\ConvertEmptyStringsToNull.php(31): Illuminate\Foundation\Http\Middleware\TransformsRequest->handle(Object(Illuminate\Http\Request), Object(Closure))
#60 C:\xampp\htdocs\apply like facebook\pos6.12\vendor\laravel\framework\src\Illuminate\Pipeline\Pipeline.php(180): Illuminate\Foundation\Http\Middleware\ConvertEmptyStringsToNull->handle(Object(Illuminate\Http\Request), Object(Closure))
#61 C:\xampp\htdocs\apply like facebook\pos6.12\vendor\laravel\framework\src\Illuminate\Foundation\Http\Middleware\TransformsRequest.php(21): Illuminate\Pipeline\Pipeline->Illuminate\Pipeline\{closure}(Object(Illuminate\Http\Request))
#62 C:\xampp\htdocs\apply like facebook\pos6.12\vendor\laravel\framework\src\Illuminate\Foundation\Http\Middleware\TrimStrings.php(40): Illuminate\Foundation\Http\Middleware\TransformsRequest->handle(Object(Illuminate\Http\Request), Object(Closure))
#63 C:\xampp\htdocs\apply like facebook\pos6.12\vendor\laravel\framework\src\Illuminate\Pipeline\Pipeline.php(180): Illuminate\Foundation\Http\Middleware\TrimStrings->handle(Object(Illuminate\Http\Request), Object(Closure))
#64 C:\xampp\htdocs\apply like facebook\pos6.12\vendor\laravel\framework\src\Illuminate\Foundation\Http\Middleware\ValidatePostSize.php(27): Illuminate\Pipeline\Pipeline->Illuminate\Pipeline\{closure}(Object(Illuminate\Http\Request))
#65 C:\xampp\htdocs\apply like facebook\pos6.12\vendor\laravel\framework\src\Illuminate\Pipeline\Pipeline.php(180): Illuminate\Foundation\Http\Middleware\ValidatePostSize->handle(Object(Illuminate\Http\Request), Object(Closure))
#66 C:\xampp\htdocs\apply like facebook\pos6.12\vendor\laravel\framework\src\Illuminate\Foundation\Http\Middleware\PreventRequestsDuringMaintenance.php(86): Illuminate\Pipeline\Pipeline->Illuminate\Pipeline\{closure}(Object(Illuminate\Http\Request))
#67 C:\xampp\htdocs\apply like facebook\pos6.12\vendor\laravel\framework\src\Illuminate\Pipeline\Pipeline.php(180): Illuminate\Foundation\Http\Middleware\PreventRequestsDuringMaintenance->handle(Object(Illuminate\Http\Request), Object(Closure))
#68 C:\xampp\htdocs\apply like facebook\pos6.12\vendor\laravel\framework\src\Illuminate\Http\Middleware\HandleCors.php(49): Illuminate\Pipeline\Pipeline->Illuminate\Pipeline\{closure}(Object(Illuminate\Http\Request))
#69 C:\xampp\htdocs\apply like facebook\pos6.12\vendor\laravel\framework\src\Illuminate\Pipeline\Pipeline.php(180): Illuminate\Http\Middleware\HandleCors->handle(Object(Illuminate\Http\Request), Object(Closure))
#70 C:\xampp\htdocs\apply like facebook\pos6.12\vendor\laravel\framework\src\Illuminate\Http\Middleware\TrustProxies.php(39): Illuminate\Pipeline\Pipeline->Illuminate\Pipeline\{closure}(Object(Illuminate\Http\Request))
#71 C:\xampp\htdocs\apply like facebook\pos6.12\vendor\laravel\framework\src\Illuminate\Pipeline\Pipeline.php(180): Illuminate\Http\Middleware\TrustProxies->handle(Object(Illuminate\Http\Request), Object(Closure))
#72 C:\xampp\htdocs\apply like facebook\pos6.12\vendor\laravel\framework\src\Illuminate\Pipeline\Pipeline.php(116): Illuminate\Pipeline\Pipeline->Illuminate\Pipeline\{closure}(Object(Illuminate\Http\Request))
#73 C:\xampp\htdocs\apply like facebook\pos6.12\vendor\laravel\framework\src\Illuminate\Foundation\Http\Kernel.php(165): Illuminate\Pipeline\Pipeline->then(Object(Closure))
#74 C:\xampp\htdocs\apply like facebook\pos6.12\vendor\laravel\framework\src\Illuminate\Foundation\Http\Kernel.php(134): Illuminate\Foundation\Http\Kernel->sendRequestThroughRouter(Object(Illuminate\Http\Request))
#75 C:\xampp\htdocs\apply like facebook\pos6.12\public\index.php(56): Illuminate\Foundation\Http\Kernel->handle(Object(Illuminate\Http\Request))
#76 C:\xampp\htdocs\apply like facebook\pos6.12\vendor\laravel\framework\src\Illuminate\Foundation\resources\server.php(16): require_once('C:\\xampp\\htdocs...')
#77 {main}  
[2026-05-24 09:43:27] local.ERROR: syntax error, unexpected token ";", expecting ")" {"userId":1,"exception":"[object] (Spatie\\LaravelIgnition\\Exceptions\\ViewException(code: 0): syntax error, unexpected token \";\", expecting \")\" at C:\\xampp\\htdocs\\apply like facebook\\pos6.12\\Modules\\LoanManagement\\Resources\\views\\loans\\print\\loan.blade.php:369)
[stacktrace]
#0 C:\\xampp\\htdocs\\apply like facebook\\pos6.12\\vendor\\laravel\\framework\\src\\Illuminate\\Filesystem\\Filesystem.php(110): Illuminate\\Filesystem\\Filesystem::Illuminate\\Filesystem\\{closure}()
#1 C:\\xampp\\htdocs\\apply like facebook\\pos6.12\\vendor\\laravel\\framework\\src\\Illuminate\\View\\Engines\\PhpEngine.php(58): Illuminate\\Filesystem\\Filesystem->getRequire('C:\\\\xampp\\\\htdocs...', Array)
#2 C:\\xampp\\htdocs\\apply like facebook\\pos6.12\\vendor\\laravel\\framework\\src\\Illuminate\\View\\Engines\\CompilerEngine.php(70): Illuminate\\View\\Engines\\PhpEngine->evaluatePath('C:\\\\xampp\\\\htdocs...', Array)
#3 C:\\xampp\\htdocs\\apply like facebook\\pos6.12\\vendor\\laravel\\framework\\src\\Illuminate\\View\\View.php(195): Illuminate\\View\\Engines\\CompilerEngine->get('C:\\\\xampp\\\\htdocs...', Array)
#4 C:\\xampp\\htdocs\\apply like facebook\\pos6.12\\vendor\\laravel\\framework\\src\\Illuminate\\View\\View.php(178): Illuminate\\View\\View->getContents()
#5 C:\\xampp\\htdocs\\apply like facebook\\pos6.12\\vendor\\laravel\\framework\\src\\Illuminate\\View\\View.php(147): Illuminate\\View\\View->renderContents()
#6 C:\\xampp\\htdocs\\apply like facebook\\pos6.12\\vendor\\laravel\\framework\\src\\Illuminate\\Http\\Response.php(69): Illuminate\\View\\View->render()
#7 C:\\xampp\\htdocs\\apply like facebook\\pos6.12\\vendor\\laravel\\framework\\src\\Illuminate\\Http\\Response.php(35): Illuminate\\Http\\Response->setContent(Object(Illuminate\\View\\View))
#8 C:\\xampp\\htdocs\\apply like facebook\\pos6.12\\vendor\\laravel\\framework\\src\\Illuminate\\Routing\\Router.php(906): Illuminate\\Http\\Response->__construct(Object(Illuminate\\View\\View), 200, Array)
#9 C:\\xampp\\htdocs\\apply like facebook\\pos6.12\\vendor\\laravel\\framework\\src\\Illuminate\\Routing\\Router.php(875): Illuminate\\Routing\\Router::toResponse(Object(Illuminate\\Http\\Request), Object(Illuminate\\View\\View))
#10 C:\\xampp\\htdocs\\apply like facebook\\pos6.12\\vendor\\laravel\\framework\\src\\Illuminate\\Routing\\Router.php(797): Illuminate\\Routing\\Router->prepareResponse(Object(Illuminate\\Http\\Request), Object(Illuminate\\View\\View))
#11 C:\\xampp\\htdocs\\apply like facebook\\pos6.12\\vendor\\laravel\\framework\\src\\Illuminate\\Pipeline\\Pipeline.php(141): Illuminate\\Routing\\Router->Illuminate\\Routing\\{closure}(Object(Illuminate\\Http\\Request))
#12 C:\\xampp\\htdocs\\apply like facebook\\pos6.12\\vendor\\laravel\\framework\\src\\Illuminate\\Auth\\Middleware\\Authorize.php(45): Illuminate\\Pipeline\\Pipeline->Illuminate\\Pipeline\\{closure}(Object(Illuminate\\Http\\Request))
#13 C:\\xampp\\htdocs\\apply like facebook\\pos6.12\\vendor\\laravel\\framework\\src\\Illuminate\\Pipeline\\Pipeline.php(180): Illuminate\\Auth\\Middleware\\Authorize->handle(Object(Illuminate\\Http\\Request), Object(Closure), 'loan_management...')
#14 C:\\xampp\\htdocs\\apply like facebook\\pos6.12\\app\\Http\\Middleware\\CheckUserLogin.php(22): Illuminate\\Pipeline\\Pipeline->Illuminate\\Pipeline\\{closure}(Object(Illuminate\\Http\\Request))
#15 C:\\xampp\\htdocs\\apply like facebook\\pos6.12\\vendor\\laravel\\framework\\src\\Illuminate\\Pipeline\\Pipeline.php(180): App\\Http\\Middleware\\CheckUserLogin->handle(Object(Illuminate\\Http\\Request), Object(Closure))
#16 C:\\xampp\\htdocs\\apply like facebook\\pos6.12\\app\\Http\\Middleware\\AdminSidebarMenu.php(901): Illuminate\\Pipeline\\Pipeline->Illuminate\\Pipeline\\{closure}(Object(Illuminate\\Http\\Request))
#17 C:\\xampp\\htdocs\\apply like facebook\\pos6.12\\vendor\\laravel\\framework\\src\\Illuminate\\Pipeline\\Pipeline.php(180): App\\Http\\Middleware\\AdminSidebarMenu->handle(Object(Illuminate\\Http\\Request), Object(Closure))
#18 C:\\xampp\\htdocs\\apply like facebook\\pos6.12\\app\\Http\\Middleware\\Timezone.php(30): Illuminate\\Pipeline\\Pipeline->Illuminate\\Pipeline\\{closure}(Object(Illuminate\\Http\\Request))
#19 C:\\xampp\\htdocs\\apply like facebook\\pos6.12\\vendor\\laravel\\framework\\src\\Illuminate\\Pipeline\\Pipeline.php(180): App\\Http\\Middleware\\Timezone->handle(Object(Illuminate\\Http\\Request), Object(Closure))
#20 C:\\xampp\\htdocs\\apply like facebook\\pos6.12\\app\\Http\\Middleware\\Language.php(25): Illuminate\\Pipeline\\Pipeline->Illuminate\\Pipeline\\{closure}(Object(Illuminate\\Http\\Request))
#21 C:\\xampp\\htdocs\\apply like facebook\\pos6.12\\vendor\\laravel\\framework\\src\\Illuminate\\Pipeline\\Pipeline.php(180): App\\Http\\Middleware\\Language->handle(Object(Illuminate\\Http\\Request), Object(Closure))
#22 C:\\xampp\\htdocs\\apply like facebook\\pos6.12\\app\\Http\\Middleware\\SetSessionData.php(52): Illuminate\\Pipeline\\Pipeline->Illuminate\\Pipeline\\{closure}(Object(Illuminate\\Http\\Request))
#23 C:\\xampp\\htdocs\\apply like facebook\\pos6.12\\vendor\\laravel\\framework\\src\\Illuminate\\Pipeline\\Pipeline.php(180): App\\Http\\Middleware\\SetSessionData->handle(Object(Illuminate\\Http\\Request), Object(Closure))
#24 C:\\xampp\\htdocs\\apply like facebook\\pos6.12\\vendor\\barryvdh\\laravel-debugbar\\src\\Middleware\\InjectDebugbar.php(59): Illuminate\\Pipeline\\Pipeline->Illuminate\\Pipeline\\{closure}(Object(Illuminate\\Http\\Request))
#25 C:\\xampp\\htdocs\\apply like facebook\\pos6.12\\vendor\\laravel\\framework\\src\\Illuminate\\Pipeline\\Pipeline.php(180): Barryvdh\\Debugbar\\Middleware\\InjectDebugbar->handle(Object(Illuminate\\Http\\Request), Object(Closure))
#26 C:\\xampp\\htdocs\\apply like facebook\\pos6.12\\vendor\\laravel\\framework\\src\\Illuminate\\Routing\\Middleware\\SubstituteBindings.php(50): Illuminate\\Pipeline\\Pipeline->Illuminate\\Pipeline\\{closure}(Object(Illuminate\\Http\\Request))
#27 C:\\xampp\\htdocs\\apply like facebook\\pos6.12\\vendor\\laravel\\framework\\src\\Illuminate\\Pipeline\\Pipeline.php(180): Illuminate\\Routing\\Middleware\\SubstituteBindings->handle(Object(Illuminate\\Http\\Request), Object(Closure))
#28 C:\\xampp\\htdocs\\apply like facebook\\pos6.12\\vendor\\laravel\\framework\\src\\Illuminate\\Auth\\Middleware\\Authenticate.php(44): Illuminate\\Pipeline\\Pipeline->Illuminate\\Pipeline\\{closure}(Object(Illuminate\\Http\\Request))
#29 C:\\xampp\\htdocs\\apply like facebook\\pos6.12\\vendor\\laravel\\framework\\src\\Illuminate\\Pipeline\\Pipeline.php(180): Illuminate\\Auth\\Middleware\\Authenticate->handle(Object(Illuminate\\Http\\Request), Object(Closure))
#30 C:\\xampp\\htdocs\\apply like facebook\\pos6.12\\vendor\\laravel\\framework\\src\\Illuminate\\Foundation\\Http\\Middleware\\VerifyCsrfToken.php(78): Illuminate\\Pipeline\\Pipeline->Illuminate\\Pipeline\\{closure}(Object(Illuminate\\Http\\Request))
#31 C:\\xampp\\htdocs\\apply like facebook\\pos6.12\\vendor\\laravel\\framework\\src\\Illuminate\\Pipeline\\Pipeline.php(180): Illuminate\\Foundation\\Http\\Middleware\\VerifyCsrfToken->handle(Object(Illuminate\\Http\\Request), Object(Closure))
#32 C:\\xampp\\htdocs\\apply like facebook\\pos6.12\\vendor\\laravel\\framework\\src\\Illuminate\\View\\Middleware\\ShareErrorsFromSession.php(49): Illuminate\\Pipeline\\Pipeline->Illuminate\\Pipeline\\{closure}(Object(Illuminate\\Http\\Request))
#33 C:\\xampp\\htdocs\\apply like facebook\\pos6.12\\vendor\\laravel\\framework\\src\\Illuminate\\Pipeline\\Pipeline.php(180): Illuminate\\View\\Middleware\\ShareErrorsFromSession->handle(Object(Illuminate\\Http\\Request), Object(Closure))
#34 C:\\xampp\\htdocs\\apply like facebook\\pos6.12\\vendor\\laravel\\framework\\src\\Illuminate\\Session\\Middleware\\StartSession.php(121): Illuminate\\Pipeline\\Pipeline->Illuminate\\Pipeline\\{closure}(Object(Illuminate\\Http\\Request))
#35 C:\\xampp\\htdocs\\apply like facebook\\pos6.12\\vendor\\laravel\\framework\\src\\Illuminate\\Session\\Middleware\\StartSession.php(64): Illuminate\\Session\\Middleware\\StartSession->handleStatefulRequest(Object(Illuminate\\Http\\Request), Object(Illuminate\\Session\\Store), Object(Closure))
#36 C:\\xampp\\htdocs\\apply like facebook\\pos6.12\\vendor\\laravel\\framework\\src\\Illuminate\\Pipeline\\Pipeline.php(180): Illuminate\\Session\\Middleware\\StartSession->handle(Object(Illuminate\\Http\\Request), Object(Closure))
#37 C:\\xampp\\htdocs\\apply like facebook\\pos6.12\\vendor\\laravel\\framework\\src\\Illuminate\\Cookie\\Middleware\\AddQueuedCookiesToResponse.php(37): Illuminate\\Pipeline\\Pipeline->Illuminate\\Pipeline\\{closure}(Object(Illuminate\\Http\\Request))
#38 C:\\xampp\\htdocs\\apply like facebook\\pos6.12\\vendor\\laravel\\framework\\src\\Illuminate\\Pipeline\\Pipeline.php(180): Illuminate\\Cookie\\Middleware\\AddQueuedCookiesToResponse->handle(Object(Illuminate\\Http\\Request), Object(Closure))
#39 C:\\xampp\\htdocs\\apply like facebook\\pos6.12\\vendor\\laravel\\framework\\src\\Illuminate\\Cookie\\Middleware\\EncryptCookies.php(67): Illuminate\\Pipeline\\Pipeline->Illuminate\\Pipeline\\{closure}(Object(Illuminate\\Http\\Request))
#40 C:\\xampp\\htdocs\\apply like facebook\\pos6.12\\vendor\\laravel\\framework\\src\\Illuminate\\Pipeline\\Pipeline.php(180): Illuminate\\Cookie\\Middleware\\EncryptCookies->handle(Object(Illuminate\\Http\\Request), Object(Closure))
#41 C:\\xampp\\htdocs\\apply like facebook\\pos6.12\\vendor\\laravel\\framework\\src\\Illuminate\\Pipeline\\Pipeline.php(116): Illuminate\\Pipeline\\Pipeline->Illuminate\\Pipeline\\{closure}(Object(Illuminate\\Http\\Request))
#42 C:\\xampp\\htdocs\\apply like facebook\\pos6.12\\vendor\\laravel\\framework\\src\\Illuminate\\Routing\\Router.php(797): Illuminate\\Pipeline\\Pipeline->then(Object(Closure))
#43 C:\\xampp\\htdocs\\apply like facebook\\pos6.12\\vendor\\laravel\\framework\\src\\Illuminate\\Routing\\Router.php(776): Illuminate\\Routing\\Router->runRouteWithinStack(Object(Illuminate\\Routing\\Route), Object(Illuminate\\Http\\Request))
#44 C:\\xampp\\htdocs\\apply like facebook\\pos6.12\\vendor\\laravel\\framework\\src\\Illuminate\\Routing\\Router.php(740): Illuminate\\Routing\\Router->runRoute(Object(Illuminate\\Http\\Request), Object(Illuminate\\Routing\\Route))
#45 C:\\xampp\\htdocs\\apply like facebook\\pos6.12\\vendor\\laravel\\framework\\src\\Illuminate\\Routing\\Router.php(729): Illuminate\\Routing\\Router->dispatchToRoute(Object(Illuminate\\Http\\Request))
#46 C:\\xampp\\htdocs\\apply like facebook\\pos6.12\\vendor\\laravel\\framework\\src\\Illuminate\\Foundation\\Http\\Kernel.php(190): Illuminate\\Routing\\Router->dispatch(Object(Illuminate\\Http\\Request))
#47 C:\\xampp\\htdocs\\apply like facebook\\pos6.12\\vendor\\laravel\\framework\\src\\Illuminate\\Pipeline\\Pipeline.php(141): Illuminate\\Foundation\\Http\\Kernel->Illuminate\\Foundation\\Http\\{closure}(Object(Illuminate\\Http\\Request))
#48 C:\\xampp\\htdocs\\apply like facebook\\pos6.12\\vendor\\barryvdh\\laravel-debugbar\\src\\Middleware\\InjectDebugbar.php(59): Illuminate\\Pipeline\\Pipeline->Illuminate\\Pipeline\\{closure}(Object(Illuminate\\Http\\Request))
#49 C:\\xampp\\htdocs\\apply like facebook\\pos6.12\\vendor\\laravel\\framework\\src\\Illuminate\\Pipeline\\Pipeline.php(180): Barryvdh\\Debugbar\\Middleware\\InjectDebugbar->handle(Object(Illuminate\\Http\\Request), Object(Closure))
#50 C:\\xampp\\htdocs\\apply like facebook\\pos6.12\\vendor\\laravel\\framework\\src\\Illuminate\\Foundation\\Http\\Middleware\\TransformsRequest.php(21): Illuminate\\Pipeline\\Pipeline->Illuminate\\Pipeline\\{closure}(Object(Illuminate\\Http\\Request))
#51 C:\\xampp\\htdocs\\apply like facebook\\pos6.12\\vendor\\laravel\\framework\\src\\Illuminate\\Foundation\\Http\\Middleware\\ConvertEmptyStringsToNull.php(31): Illuminate\\Foundation\\Http\\Middleware\\TransformsRequest->handle(Object(Illuminate\\Http\\Request), Object(Closure))
#52 C:\\xampp\\htdocs\\apply like facebook\\pos6.12\\vendor\\laravel\\framework\\src\\Illuminate\\Pipeline\\Pipeline.php(180): Illuminate\\Foundation\\Http\\Middleware\\ConvertEmptyStringsToNull->handle(Object(Illuminate\\Http\\Request), Object(Closure))
#53 C:\\xampp\\htdocs\\apply like facebook\\pos6.12\\vendor\\laravel\\framework\\src\\Illuminate\\Foundation\\Http\\Middleware\\TransformsRequest.php(21): Illuminate\\Pipeline\\Pipeline->Illuminate\\Pipeline\\{closure}(Object(Illuminate\\Http\\Request))
#54 C:\\xampp\\htdocs\\apply like facebook\\pos6.12\\vendor\\laravel\\framework\\src\\Illuminate\\Foundation\\Http\\Middleware\\TrimStrings.php(40): Illuminate\\Foundation\\Http\\Middleware\\TransformsRequest->handle(Object(Illuminate\\Http\\Request), Object(Closure))
#55 C:\\xampp\\htdocs\\apply like facebook\\pos6.12\\vendor\\laravel\\framework\\src\\Illuminate\\Pipeline\\Pipeline.php(180): Illuminate\\Foundation\\Http\\Middleware\\TrimStrings->handle(Object(Illuminate\\Http\\Request), Object(Closure))
#56 C:\\xampp\\htdocs\\apply like facebook\\pos6.12\\vendor\\laravel\\framework\\src\\Illuminate\\Foundation\\Http\\Middleware\\ValidatePostSize.php(27): Illuminate\\Pipeline\\Pipeline->Illuminate\\Pipeline\\{closure}(Object(Illuminate\\Http\\Request))
#57 C:\\xampp\\htdocs\\apply like facebook\\pos6.12\\vendor\\laravel\\framework\\src\\Illuminate\\Pipeline\\Pipeline.php(180): Illuminate\\Foundation\\Http\\Middleware\\ValidatePostSize->handle(Object(Illuminate\\Http\\Request), Object(Closure))
#58 C:\\xampp\\htdocs\\apply like facebook\\pos6.12\\vendor\\laravel\\framework\\src\\Illuminate\\Foundation\\Http\\Middleware\\PreventRequestsDuringMaintenance.php(86): Illuminate\\Pipeline\\Pipeline->Illuminate\\Pipeline\\{closure}(Object(Illuminate\\Http\\Request))
#59 C:\\xampp\\htdocs\\apply like facebook\\pos6.12\\vendor\\laravel\\framework\\src\\Illuminate\\Pipeline\\Pipeline.php(180): Illuminate\\Foundation\\Http\\Middleware\\PreventRequestsDuringMaintenance->handle(Object(Illuminate\\Http\\Request), Object(Closure))
#60 C:\\xampp\\htdocs\\apply like facebook\\pos6.12\\vendor\\laravel\\framework\\src\\Illuminate\\Http\\Middleware\\HandleCors.php(49): Illuminate\\Pipeline\\Pipeline->Illuminate\\Pipeline\\{closure}(Object(Illuminate\\Http\\Request))
#61 C:\\xampp\\htdocs\\apply like facebook\\pos6.12\\vendor\\laravel\\framework\\src\\Illuminate\\Pipeline\\Pipeline.php(180): Illuminate\\Http\\Middleware\\HandleCors->handle(Object(Illuminate\\Http\\Request), Object(Closure))
#62 C:\\xampp\\htdocs\\apply like facebook\\pos6.12\\vendor\\laravel\\framework\\src\\Illuminate\\Http\\Middleware\\TrustProxies.php(39): Illuminate\\Pipeline\\Pipeline->Illuminate\\Pipeline\\{closure}(Object(Illuminate\\Http\\Request))
#63 C:\\xampp\\htdocs\\apply like facebook\\pos6.12\\vendor\\laravel\\framework\\src\\Illuminate\\Pipeline\\Pipeline.php(180): Illuminate\\Http\\Middleware\\TrustProxies->handle(Object(Illuminate\\Http\\Request), Object(Closure))
#64 C:\\xampp\\htdocs\\apply like facebook\\pos6.12\\vendor\\laravel\\framework\\src\\Illuminate\\Pipeline\\Pipeline.php(116): Illuminate\\Pipeline\\Pipeline->Illuminate\\Pipeline\\{closure}(Object(Illuminate\\Http\\Request))
#65 C:\\xampp\\htdocs\\apply like facebook\\pos6.12\\vendor\\laravel\\framework\\src\\Illuminate\\Foundation\\Http\\Kernel.php(165): Illuminate\\Pipeline\\Pipeline->then(Object(Closure))
#66 C:\\xampp\\htdocs\\apply like facebook\\pos6.12\\vendor\\laravel\\framework\\src\\Illuminate\\Foundation\\Http\\Kernel.php(134): Illuminate\\Foundation\\Http\\Kernel->sendRequestThroughRouter(Object(Illuminate\\Http\\Request))
#67 C:\\xampp\\htdocs\\apply like facebook\\pos6.12\\public\\index.php(56): Illuminate\\Foundation\\Http\\Kernel->handle(Object(Illuminate\\Http\\Request))
#68 C:\\xampp\\htdocs\\apply like facebook\\pos6.12\\vendor\\laravel\\framework\\src\\Illuminate\\Foundation\\resources\\server.php(16): require_once('C:\\\\xampp\\\\htdocs...')
#69 {main}

[previous exception] [object] (ParseError(code: 0): syntax error, unexpected token \";\", expecting \")\" at C:\\xampp\\htdocs\\apply like facebook\\pos6.12\\storage\\framework\\views\\85f2fa1d40d45c871f4e5e43190aa2d672eb2a6a.php:372)
[stacktrace]
#0 C:\\xampp\\htdocs\\apply like facebook\\pos6.12\\vendor\\laravel\\framework\\src\\Illuminate\\Filesystem\\Filesystem.php(110): Illuminate\\Filesystem\\Filesystem::Illuminate\\Filesystem\\{closure}()
#1 C:\\xampp\\htdocs\\apply like facebook\\pos6.12\\vendor\\laravel\\framework\\src\\Illuminate\\View\\Engines\\PhpEngine.php(58): Illuminate\\Filesystem\\Filesystem->getRequire('C:\\\\xampp\\\\htdocs...', Array)
#2 C:\\xampp\\htdocs\\apply like facebook\\pos6.12\\vendor\\laravel\\framework\\src\\Illuminate\\View\\Engines\\CompilerEngine.php(70): Illuminate\\View\\Engines\\PhpEngine->evaluatePath('C:\\\\xampp\\\\htdocs...', Array)
#3 C:\\xampp\\htdocs\\apply like facebook\\pos6.12\\vendor\\laravel\\framework\\src\\Illuminate\\View\\View.php(195): Illuminate\\View\\Engines\\CompilerEngine->get('C:\\\\xampp\\\\htdocs...', Array)
#4 C:\\xampp\\htdocs\\apply like facebook\\pos6.12\\vendor\\laravel\\framework\\src\\Illuminate\\View\\View.php(178): Illuminate\\View\\View->getContents()
#5 C:\\xampp\\htdocs\\apply like facebook\\pos6.12\\vendor\\laravel\\framework\\src\\Illuminate\\View\\View.php(147): Illuminate\\View\\View->renderContents()
#6 C:\\xampp\\htdocs\\apply like facebook\\pos6.12\\vendor\\laravel\\framework\\src\\Illuminate\\Http\\Response.php(69): Illuminate\\View\\View->render()
#7 C:\\xampp\\htdocs\\apply like facebook\\pos6.12\\vendor\\laravel\\framework\\src\\Illuminate\\Http\\Response.php(35): Illuminate\\Http\\Response->setContent(Object(Illuminate\\View\\View))
#8 C:\\xampp\\htdocs\\apply like facebook\\pos6.12\\vendor\\laravel\\framework\\src\\Illuminate\\Routing\\Router.php(906): Illuminate\\Http\\Response->__construct(Object(Illuminate\\View\\View), 200, Array)
#9 C:\\xampp\\htdocs\\apply like facebook\\pos6.12\\vendor\\laravel\\framework\\src\\Illuminate\\Routing\\Router.php(875): Illuminate\\Routing\\Router::toResponse(Object(Illuminate\\Http\\Request), Object(Illuminate\\View\\View))
#10 C:\\xampp\\htdocs\\apply like facebook\\pos6.12\\vendor\\laravel\\framework\\src\\Illuminate\\Routing\\Router.php(797): Illuminate\\Routing\\Router->prepareResponse(Object(Illuminate\\Http\\Request), Object(Illuminate\\View\\View))
#11 C:\\xampp\\htdocs\\apply like facebook\\pos6.12\\vendor\\laravel\\framework\\src\\Illuminate\\Pipeline\\Pipeline.php(141): Illuminate\\Routing\\Router->Illuminate\\Routing\\{closure}(Object(Illuminate\\Http\\Request))
#12 C:\\xampp\\htdocs\\apply like facebook\\pos6.12\\vendor\\laravel\\framework\\src\\Illuminate\\Auth\\Middleware\\Authorize.php(45): Illuminate\\Pipeline\\Pipeline->Illuminate\\Pipeline\\{closure}(Object(Illuminate\\Http\\Request))
#13 C:\\xampp\\htdocs\\apply like facebook\\pos6.12\\vendor\\laravel\\framework\\src\\Illuminate\\Pipeline\\Pipeline.php(180): Illuminate\\Auth\\Middleware\\Authorize->handle(Object(Illuminate\\Http\\Request), Object(Closure), 'loan_management...')
#14 C:\\xampp\\htdocs\\apply like facebook\\pos6.12\\app\\Http\\Middleware\\CheckUserLogin.php(22): Illuminate\\Pipeline\\Pipeline->Illuminate\\Pipeline\\{closure}(Object(Illuminate\\Http\\Request))
#15 C:\\xampp\\htdocs\\apply like facebook\\pos6.12\\vendor\\laravel\\framework\\src\\Illuminate\\Pipeline\\Pipeline.php(180): App\\Http\\Middleware\\CheckUserLogin->handle(Object(Illuminate\\Http\\Request), Object(Closure))
#16 C:\\xampp\\htdocs\\apply like facebook\\pos6.12\\app\\Http\\Middleware\\AdminSidebarMenu.php(901): Illuminate\\Pipeline\\Pipeline->Illuminate\\Pipeline\\{closure}(Object(Illuminate\\Http\\Request))
#17 C:\\xampp\\htdocs\\apply like facebook\\pos6.12\\vendor\\laravel\\framework\\src\\Illuminate\\Pipeline\\Pipeline.php(180): App\\Http\\Middleware\\AdminSidebarMenu->handle(Object(Illuminate\\Http\\Request), Object(Closure))
#18 C:\\xampp\\htdocs\\apply like facebook\\pos6.12\\app\\Http\\Middleware\\Timezone.php(30): Illuminate\\Pipeline\\Pipeline->Illuminate\\Pipeline\\{closure}(Object(Illuminate\\Http\\Request))
#19 C:\\xampp\\htdocs\\apply like facebook\\pos6.12\\vendor\\laravel\\framework\\src\\Illuminate\\Pipeline\\Pipeline.php(180): App\\Http\\Middleware\\Timezone->handle(Object(Illuminate\\Http\\Request), Object(Closure))
#20 C:\\xampp\\htdocs\\apply like facebook\\pos6.12\\app\\Http\\Middleware\\Language.php(25): Illuminate\\Pipeline\\Pipeline->Illuminate\\Pipeline\\{closure}(Object(Illuminate\\Http\\Request))
#21 C:\\xampp\\htdocs\\apply like facebook\\pos6.12\\vendor\\laravel\\framework\\src\\Illuminate\\Pipeline\\Pipeline.php(180): App\\Http\\Middleware\\Language->handle(Object(Illuminate\\Http\\Request), Object(Closure))
#22 C:\\xampp\\htdocs\\apply like facebook\\pos6.12\\app\\Http\\Middleware\\SetSessionData.php(52): Illuminate\\Pipeline\\Pipeline->Illuminate\\Pipeline\\{closure}(Object(Illuminate\\Http\\Request))
#23 C:\\xampp\\htdocs\\apply like facebook\\pos6.12\\vendor\\laravel\\framework\\src\\Illuminate\\Pipeline\\Pipeline.php(180): App\\Http\\Middleware\\SetSessionData->handle(Object(Illuminate\\Http\\Request), Object(Closure))
#24 C:\\xampp\\htdocs\\apply like facebook\\pos6.12\\vendor\\barryvdh\\laravel-debugbar\\src\\Middleware\\InjectDebugbar.php(59): Illuminate\\Pipeline\\Pipeline->Illuminate\\Pipeline\\{closure}(Object(Illuminate\\Http\\Request))
#25 C:\\xampp\\htdocs\\apply like facebook\\pos6.12\\vendor\\laravel\\framework\\src\\Illuminate\\Pipeline\\Pipeline.php(180): Barryvdh\\Debugbar\\Middleware\\InjectDebugbar->handle(Object(Illuminate\\Http\\Request), Object(Closure))
#26 C:\\xampp\\htdocs\\apply like facebook\\pos6.12\\vendor\\laravel\\framework\\src\\Illuminate\\Routing\\Middleware\\SubstituteBindings.php(50): Illuminate\\Pipeline\\Pipeline->Illuminate\\Pipeline\\{closure}(Object(Illuminate\\Http\\Request))
#27 C:\\xampp\\htdocs\\apply like facebook\\pos6.12\\vendor\\laravel\\framework\\src\\Illuminate\\Pipeline\\Pipeline.php(180): Illuminate\\Routing\\Middleware\\SubstituteBindings->handle(Object(Illuminate\\Http\\Request), Object(Closure))
#28 C:\\xampp\\htdocs\\apply like facebook\\pos6.12\\vendor\\laravel\\framework\\src\\Illuminate\\Auth\\Middleware\\Authenticate.php(44): Illuminate\\Pipeline\\Pipeline->Illuminate\\Pipeline\\{closure}(Object(Illuminate\\Http\\Request))
#29 C:\\xampp\\htdocs\\apply like facebook\\pos6.12\\vendor\\laravel\\framework\\src\\Illuminate\\Pipeline\\Pipeline.php(180): Illuminate\\Auth\\Middleware\\Authenticate->handle(Object(Illuminate\\Http\\Request), Object(Closure))
#30 C:\\xampp\\htdocs\\apply like facebook\\pos6.12\\vendor\\laravel\\framework\\src\\Illuminate\\Foundation\\Http\\Middleware\\VerifyCsrfToken.php(78): Illuminate\\Pipeline\\Pipeline->Illuminate\\Pipeline\\{closure}(Object(Illuminate\\Http\\Request))
#31 C:\\xampp\\htdocs\\apply like facebook\\pos6.12\\vendor\\laravel\\framework\\src\\Illuminate\\Pipeline\\Pipeline.php(180): Illuminate\\Foundation\\Http\\Middleware\\VerifyCsrfToken->handle(Object(Illuminate\\Http\\Request), Object(Closure))
#32 C:\\xampp\\htdocs\\apply like facebook\\pos6.12\\vendor\\laravel\\framework\\src\\Illuminate\\View\\Middleware\\ShareErrorsFromSession.php(49): Illuminate\\Pipeline\\Pipeline->Illuminate\\Pipeline\\{closure}(Object(Illuminate\\Http\\Request))
#33 C:\\xampp\\htdocs\\apply like facebook\\pos6.12\\vendor\\laravel\\framework\\src\\Illuminate\\Pipeline\\Pipeline.php(180): Illuminate\\View\\Middleware\\ShareErrorsFromSession->handle(Object(Illuminate\\Http\\Request), Object(Closure))
#34 C:\\xampp\\htdocs\\apply like facebook\\pos6.12\\vendor\\laravel\\framework\\src\\Illuminate\\Session\\Middleware\\StartSession.php(121): Illuminate\\Pipeline\\Pipeline->Illuminate\\Pipeline\\{closure}(Object(Illuminate\\Http\\Request))
#35 C:\\xampp\\htdocs\\apply like facebook\\pos6.12\\vendor\\laravel\\framework\\src\\Illuminate\\Session\\Middleware\\StartSession.php(64): Illuminate\\Session\\Middleware\\StartSession->handleStatefulRequest(Object(Illuminate\\Http\\Request), Object(Illuminate\\Session\\Store), Object(Closure))
#36 C:\\xampp\\htdocs\\apply like facebook\\pos6.12\\vendor\\laravel\\framework\\src\\Illuminate\\Pipeline\\Pipeline.php(180): Illuminate\\Session\\Middleware\\StartSession->handle(Object(Illuminate\\Http\\Request), Object(Closure))
#37 C:\\xampp\\htdocs\\apply like facebook\\pos6.12\\vendor\\laravel\\framework\\src\\Illuminate\\Cookie\\Middleware\\AddQueuedCookiesToResponse.php(37): Illuminate\\Pipeline\\Pipeline->Illuminate\\Pipeline\\{closure}(Object(Illuminate\\Http\\Request))
#38 C:\\xampp\\htdocs\\apply like facebook\\pos6.12\\vendor\\laravel\\framework\\src\\Illuminate\\Pipeline\\Pipeline.php(180): Illuminate\\Cookie\\Middleware\\AddQueuedCookiesToResponse->handle(Object(Illuminate\\Http\\Request), Object(Closure))
#39 C:\\xampp\\htdocs\\apply like facebook\\pos6.12\\vendor\\laravel\\framework\\src\\Illuminate\\Cookie\\Middleware\\EncryptCookies.php(67): Illuminate\\Pipeline\\Pipeline->Illuminate\\Pipeline\\{closure}(Object(Illuminate\\Http\\Request))
#40 C:\\xampp\\htdocs\\apply like facebook\\pos6.12\\vendor\\laravel\\framework\\src\\Illuminate\\Pipeline\\Pipeline.php(180): Illuminate\\Cookie\\Middleware\\EncryptCookies->handle(Object(Illuminate\\Http\\Request), Object(Closure))
#41 C:\\xampp\\htdocs\\apply like facebook\\pos6.12\\vendor\\laravel\\framework\\src\\Illuminate\\Pipeline\\Pipeline.php(116): Illuminate\\Pipeline\\Pipeline->Illuminate\\Pipeline\\{closure}(Object(Illuminate\\Http\\Request))
#42 C:\\xampp\\htdocs\\apply like facebook\\pos6.12\\vendor\\laravel\\framework\\src\\Illuminate\\Routing\\Router.php(797): Illuminate\\Pipeline\\Pipeline->then(Object(Closure))
#43 C:\\xampp\\htdocs\\apply like facebook\\pos6.12\\vendor\\laravel\\framework\\src\\Illuminate\\Routing\\Router.php(776): Illuminate\\Routing\\Router->runRouteWithinStack(Object(Illuminate\\Routing\\Route), Object(Illuminate\\Http\\Request))
#44 C:\\xampp\\htdocs\\apply like facebook\\pos6.12\\vendor\\laravel\\framework\\src\\Illuminate\\Routing\\Router.php(740): Illuminate\\Routing\\Router->runRoute(Object(Illuminate\\Http\\Request), Object(Illuminate\\Routing\\Route))
#45 C:\\xampp\\htdocs\\apply like facebook\\pos6.12\\vendor\\laravel\\framework\\src\\Illuminate\\Routing\\Router.php(729): Illuminate\\Routing\\Router->dispatchToRoute(Object(Illuminate\\Http\\Request))
#46 C:\\xampp\\htdocs\\apply like facebook\\pos6.12\\vendor\\laravel\\framework\\src\\Illuminate\\Foundation\\Http\\Kernel.php(190): Illuminate\\Routing\\Router->dispatch(Object(Illuminate\\Http\\Request))
#47 C:\\xampp\\htdocs\\apply like facebook\\pos6.12\\vendor\\laravel\\framework\\src\\Illuminate\\Pipeline\\Pipeline.php(141): Illuminate\\Foundation\\Http\\Kernel->Illuminate\\Foundation\\Http\\{closure}(Object(Illuminate\\Http\\Request))
#48 C:\\xampp\\htdocs\\apply like facebook\\pos6.12\\vendor\\barryvdh\\laravel-debugbar\\src\\Middleware\\InjectDebugbar.php(59): Illuminate\\Pipeline\\Pipeline->Illuminate\\Pipeline\\{closure}(Object(Illuminate\\Http\\Request))
#49 C:\\xampp\\htdocs\\apply like facebook\\pos6.12\\vendor\\laravel\\framework\\src\\Illuminate\\Pipeline\\Pipeline.php(180): Barryvdh\\Debugbar\\Middleware\\InjectDebugbar->handle(Object(Illuminate\\Http\\Request), Object(Closure))
#50 C:\\xampp\\htdocs\\apply like facebook\\pos6.12\\vendor\\laravel\\framework\\src\\Illuminate\\Foundation\\Http\\Middleware\\TransformsRequest.php(21): Illuminate\\Pipeline\\Pipeline->Illuminate\\Pipeline\\{closure}(Object(Illuminate\\Http\\Request))
#51 C:\\xampp\\htdocs\\apply like facebook\\pos6.12\\vendor\\laravel\\framework\\src\\Illuminate\\Foundation\\Http\\Middleware\\ConvertEmptyStringsToNull.php(31): Illuminate\\Foundation\\Http\\Middleware\\TransformsRequest->handle(Object(Illuminate\\Http\\Request), Object(Closure))
#52 C:\\xampp\\htdocs\\apply like facebook\\pos6.12\\vendor\\laravel\\framework\\src\\Illuminate\\Pipeline\\Pipeline.php(180): Illuminate\\Foundation\\Http\\Middleware\\ConvertEmptyStringsToNull->handle(Object(Illuminate\\Http\\Request), Object(Closure))
#53 C:\\xampp\\htdocs\\apply like facebook\\pos6.12\\vendor\\laravel\\framework\\src\\Illuminate\\Foundation\\Http\\Middleware\\TransformsRequest.php(21): Illuminate\\Pipeline\\Pipeline->Illuminate\\Pipeline\\{closure}(Object(Illuminate\\Http\\Request))
#54 C:\\xampp\\htdocs\\apply like facebook\\pos6.12\\vendor\\laravel\\framework\\src\\Illuminate\\Foundation\\Http\\Middleware\\TrimStrings.php(40): Illuminate\\Foundation\\Http\\Middleware\\TransformsRequest->handle(Object(Illuminate\\Http\\Request), Object(Closure))
#55 C:\\xampp\\htdocs\\apply like facebook\\pos6.12\\vendor\\laravel\\framework\\src\\Illuminate\\Pipeline\\Pipeline.php(180): Illuminate\\Foundation\\Http\\Middleware\\TrimStrings->handle(Object(Illuminate\\Http\\Request), Object(Closure))
#56 C:\\xampp\\htdocs\\apply like facebook\\pos6.12\\vendor\\laravel\\framework\\src\\Illuminate\\Foundation\\Http\\Middleware\\ValidatePostSize.php(27): Illuminate\\Pipeline\\Pipeline->Illuminate\\Pipeline\\{closure}(Object(Illuminate\\Http\\Request))
#57 C:\\xampp\\htdocs\\apply like facebook\\pos6.12\\vendor\\laravel\\framework\\src\\Illuminate\\Pipeline\\Pipeline.php(180): Illuminate\\Foundation\\Http\\Middleware\\ValidatePostSize->handle(Object(Illuminate\\Http\\Request), Object(Closure))
#58 C:\\xampp\\htdocs\\apply like facebook\\pos6.12\\vendor\\laravel\\framework\\src\\Illuminate\\Foundation\\Http\\Middleware\\PreventRequestsDuringMaintenance.php(86): Illuminate\\Pipeline\\Pipeline->Illuminate\\Pipeline\\{closure}(Object(Illuminate\\Http\\Request))
#59 C:\\xampp\\htdocs\\apply like facebook\\pos6.12\\vendor\\laravel\\framework\\src\\Illuminate\\Pipeline\\Pipeline.php(180): Illuminate\\Foundation\\Http\\Middleware\\PreventRequestsDuringMaintenance->handle(Object(Illuminate\\Http\\Request), Object(Closure))
#60 C:\\xampp\\htdocs\\apply like facebook\\pos6.12\\vendor\\laravel\\framework\\src\\Illuminate\\Http\\Middleware\\HandleCors.php(49): Illuminate\\Pipeline\\Pipeline->Illuminate\\Pipeline\\{closure}(Object(Illuminate\\Http\\Request))
#61 C:\\xampp\\htdocs\\apply like facebook\\pos6.12\\vendor\\laravel\\framework\\src\\Illuminate\\Pipeline\\Pipeline.php(180): Illuminate\\Http\\Middleware\\HandleCors->handle(Object(Illuminate\\Http\\Request), Object(Closure))
#62 C:\\xampp\\htdocs\\apply like facebook\\pos6.12\\vendor\\laravel\\framework\\src\\Illuminate\\Http\\Middleware\\TrustProxies.php(39): Illuminate\\Pipeline\\Pipeline->Illuminate\\Pipeline\\{closure}(Object(Illuminate\\Http\\Request))
#63 C:\\xampp\\htdocs\\apply like facebook\\pos6.12\\vendor\\laravel\\framework\\src\\Illuminate\\Pipeline\\Pipeline.php(180): Illuminate\\Http\\Middleware\\TrustProxies->handle(Object(Illuminate\\Http\\Request), Object(Closure))
#64 C:\\xampp\\htdocs\\apply like facebook\\pos6.12\\vendor\\laravel\\framework\\src\\Illuminate\\Pipeline\\Pipeline.php(116): Illuminate\\Pipeline\\Pipeline->Illuminate\\Pipeline\\{closure}(Object(Illuminate\\Http\\Request))
#65 C:\\xampp\\htdocs\\apply like facebook\\pos6.12\\vendor\\laravel\\framework\\src\\Illuminate\\Foundation\\Http\\Kernel.php(165): Illuminate\\Pipeline\\Pipeline->then(Object(Closure))
#66 C:\\xampp\\htdocs\\apply like facebook\\pos6.12\\vendor\\laravel\\framework\\src\\Illuminate\\Foundation\\Http\\Kernel.php(134): Illuminate\\Foundation\\Http\\Kernel->sendRequestThroughRouter(Object(Illuminate\\Http\\Request))
#67 C:\\xampp\\htdocs\\apply like facebook\\pos6.12\\public\\index.php(56): Illuminate\\Foundation\\Http\\Kernel->handle(Object(Illuminate\\Http\\Request))
#68 C:\\xampp\\htdocs\\apply like facebook\\pos6.12\\vendor\\laravel\\framework\\src\\Illuminate\\Foundation\\resources\\server.php(16): require_once('C:\\\\xampp\\\\htdocs...')
#69 {main}
"} 
[2026-05-24 09:43:46] local.ERROR: syntax error, unexpected token ";", expecting ")" {"userId":1,"exception":"[object] (Spatie\\LaravelIgnition\\Exceptions\\ViewException(code: 0): syntax error, unexpected token \";\", expecting \")\" at C:\\xampp\\htdocs\\apply like facebook\\pos6.12\\Modules\\LoanManagement\\Resources\\views\\loans\\print\\loan.blade.php:369)
[stacktrace]
#0 C:\\xampp\\htdocs\\apply like facebook\\pos6.12\\vendor\\laravel\\framework\\src\\Illuminate\\Filesystem\\Filesystem.php(110): Illuminate\\Filesystem\\Filesystem::Illuminate\\Filesystem\\{closure}()
#1 C:\\xampp\\htdocs\\apply like facebook\\pos6.12\\vendor\\laravel\\framework\\src\\Illuminate\\View\\Engines\\PhpEngine.php(58): Illuminate\\Filesystem\\Filesystem->getRequire('C:\\\\xampp\\\\htdocs...', Array)
#2 C:\\xampp\\htdocs\\apply like facebook\\pos6.12\\vendor\\laravel\\framework\\src\\Illuminate\\View\\Engines\\CompilerEngine.php(70): Illuminate\\View\\Engines\\PhpEngine->evaluatePath('C:\\\\xampp\\\\htdocs...', Array)
#3 C:\\xampp\\htdocs\\apply like facebook\\pos6.12\\vendor\\laravel\\framework\\src\\Illuminate\\View\\View.php(195): Illuminate\\View\\Engines\\CompilerEngine->get('C:\\\\xampp\\\\htdocs...', Array)
#4 C:\\xampp\\htdocs\\apply like facebook\\pos6.12\\vendor\\laravel\\framework\\src\\Illuminate\\View\\View.php(178): Illuminate\\View\\View->getContents()
#5 C:\\xampp\\htdocs\\apply like facebook\\pos6.12\\vendor\\laravel\\framework\\src\\Illuminate\\View\\View.php(147): Illuminate\\View\\View->renderContents()
#6 C:\\xampp\\htdocs\\apply like facebook\\pos6.12\\vendor\\laravel\\framework\\src\\Illuminate\\Http\\Response.php(69): Illuminate\\View\\View->render()
#7 C:\\xampp\\htdocs\\apply like facebook\\pos6.12\\vendor\\laravel\\framework\\src\\Illuminate\\Http\\Response.php(35): Illuminate\\Http\\Response->setContent(Object(Illuminate\\View\\View))
#8 C:\\xampp\\htdocs\\apply like facebook\\pos6.12\\vendor\\laravel\\framework\\src\\Illuminate\\Routing\\Router.php(906): Illuminate\\Http\\Response->__construct(Object(Illuminate\\View\\View), 200, Array)
#9 C:\\xampp\\htdocs\\apply like facebook\\pos6.12\\vendor\\laravel\\framework\\src\\Illuminate\\Routing\\Router.php(875): Illuminate\\Routing\\Router::toResponse(Object(Illuminate\\Http\\Request), Object(Illuminate\\View\\View))
#10 C:\\xampp\\htdocs\\apply like facebook\\pos6.12\\vendor\\laravel\\framework\\src\\Illuminate\\Routing\\Router.php(797): Illuminate\\Routing\\Router->prepareResponse(Object(Illuminate\\Http\\Request), Object(Illuminate\\View\\View))
#11 C:\\xampp\\htdocs\\apply like facebook\\pos6.12\\vendor\\laravel\\framework\\src\\Illuminate\\Pipeline\\Pipeline.php(141): Illuminate\\Routing\\Router->Illuminate\\Routing\\{closure}(Object(Illuminate\\Http\\Request))
#12 C:\\xampp\\htdocs\\apply like facebook\\pos6.12\\vendor\\laravel\\framework\\src\\Illuminate\\Auth\\Middleware\\Authorize.php(45): Illuminate\\Pipeline\\Pipeline->Illuminate\\Pipeline\\{closure}(Object(Illuminate\\Http\\Request))
#13 C:\\xampp\\htdocs\\apply like facebook\\pos6.12\\vendor\\laravel\\framework\\src\\Illuminate\\Pipeline\\Pipeline.php(180): Illuminate\\Auth\\Middleware\\Authorize->handle(Object(Illuminate\\Http\\Request), Object(Closure), 'loan_management...')
#14 C:\\xampp\\htdocs\\apply like facebook\\pos6.12\\app\\Http\\Middleware\\CheckUserLogin.php(22): Illuminate\\Pipeline\\Pipeline->Illuminate\\Pipeline\\{closure}(Object(Illuminate\\Http\\Request))
#15 C:\\xampp\\htdocs\\apply like facebook\\pos6.12\\vendor\\laravel\\framework\\src\\Illuminate\\Pipeline\\Pipeline.php(180): App\\Http\\Middleware\\CheckUserLogin->handle(Object(Illuminate\\Http\\Request), Object(Closure))
#16 C:\\xampp\\htdocs\\apply like facebook\\pos6.12\\app\\Http\\Middleware\\AdminSidebarMenu.php(901): Illuminate\\Pipeline\\Pipeline->Illuminate\\Pipeline\\{closure}(Object(Illuminate\\Http\\Request))
#17 C:\\xampp\\htdocs\\apply like facebook\\pos6.12\\vendor\\laravel\\framework\\src\\Illuminate\\Pipeline\\Pipeline.php(180): App\\Http\\Middleware\\AdminSidebarMenu->handle(Object(Illuminate\\Http\\Request), Object(Closure))
#18 C:\\xampp\\htdocs\\apply like facebook\\pos6.12\\app\\Http\\Middleware\\Timezone.php(30): Illuminate\\Pipeline\\Pipeline->Illuminate\\Pipeline\\{closure}(Object(Illuminate\\Http\\Request))
#19 C:\\xampp\\htdocs\\apply like facebook\\pos6.12\\vendor\\laravel\\framework\\src\\Illuminate\\Pipeline\\Pipeline.php(180): App\\Http\\Middleware\\Timezone->handle(Object(Illuminate\\Http\\Request), Object(Closure))
#20 C:\\xampp\\htdocs\\apply like facebook\\pos6.12\\app\\Http\\Middleware\\Language.php(25): Illuminate\\Pipeline\\Pipeline->Illuminate\\Pipeline\\{closure}(Object(Illuminate\\Http\\Request))
#21 C:\\xampp\\htdocs\\apply like facebook\\pos6.12\\vendor\\laravel\\framework\\src\\Illuminate\\Pipeline\\Pipeline.php(180): App\\Http\\Middleware\\Language->handle(Object(Illuminate\\Http\\Request), Object(Closure))
#22 C:\\xampp\\htdocs\\apply like facebook\\pos6.12\\app\\Http\\Middleware\\SetSessionData.php(52): Illuminate\\Pipeline\\Pipeline->Illuminate\\Pipeline\\{closure}(Object(Illuminate\\Http\\Request))
#23 C:\\xampp\\htdocs\\apply like facebook\\pos6.12\\vendor\\laravel\\framework\\src\\Illuminate\\Pipeline\\Pipeline.php(180): App\\Http\\Middleware\\SetSessionData->handle(Object(Illuminate\\Http\\Request), Object(Closure))
#24 C:\\xampp\\htdocs\\apply like facebook\\pos6.12\\vendor\\barryvdh\\laravel-debugbar\\src\\Middleware\\InjectDebugbar.php(59): Illuminate\\Pipeline\\Pipeline->Illuminate\\Pipeline\\{closure}(Object(Illuminate\\Http\\Request))
#25 C:\\xampp\\htdocs\\apply like facebook\\pos6.12\\vendor\\laravel\\framework\\src\\Illuminate\\Pipeline\\Pipeline.php(180): Barryvdh\\Debugbar\\Middleware\\InjectDebugbar->handle(Object(Illuminate\\Http\\Request), Object(Closure))
#26 C:\\xampp\\htdocs\\apply like facebook\\pos6.12\\vendor\\laravel\\framework\\src\\Illuminate\\Routing\\Middleware\\SubstituteBindings.php(50): Illuminate\\Pipeline\\Pipeline->Illuminate\\Pipeline\\{closure}(Object(Illuminate\\Http\\Request))
#27 C:\\xampp\\htdocs\\apply like facebook\\pos6.12\\vendor\\laravel\\framework\\src\\Illuminate\\Pipeline\\Pipeline.php(180): Illuminate\\Routing\\Middleware\\SubstituteBindings->handle(Object(Illuminate\\Http\\Request), Object(Closure))
#28 C:\\xampp\\htdocs\\apply like facebook\\pos6.12\\vendor\\laravel\\framework\\src\\Illuminate\\Auth\\Middleware\\Authenticate.php(44): Illuminate\\Pipeline\\Pipeline->Illuminate\\Pipeline\\{closure}(Object(Illuminate\\Http\\Request))
#29 C:\\xampp\\htdocs\\apply like facebook\\pos6.12\\vendor\\laravel\\framework\\src\\Illuminate\\Pipeline\\Pipeline.php(180): Illuminate\\Auth\\Middleware\\Authenticate->handle(Object(Illuminate\\Http\\Request), Object(Closure))
#30 C:\\xampp\\htdocs\\apply like facebook\\pos6.12\\vendor\\laravel\\framework\\src\\Illuminate\\Foundation\\Http\\Middleware\\VerifyCsrfToken.php(78): Illuminate\\Pipeline\\Pipeline->Illuminate\\Pipeline\\{closure}(Object(Illuminate\\Http\\Request))
#31 C:\\xampp\\htdocs\\apply like facebook\\pos6.12\\vendor\\laravel\\framework\\src\\Illuminate\\Pipeline\\Pipeline.php(180): Illuminate\\Foundation\\Http\\Middleware\\VerifyCsrfToken->handle(Object(Illuminate\\Http\\Request), Object(Closure))
#32 C:\\xampp\\htdocs\\apply like facebook\\pos6.12\\vendor\\laravel\\framework\\src\\Illuminate\\View\\Middleware\\ShareErrorsFromSession.php(49): Illuminate\\Pipeline\\Pipeline->Illuminate\\Pipeline\\{closure}(Object(Illuminate\\Http\\Request))
#33 C:\\xampp\\htdocs\\apply like facebook\\pos6.12\\vendor\\laravel\\framework\\src\\Illuminate\\Pipeline\\Pipeline.php(180): Illuminate\\View\\Middleware\\ShareErrorsFromSession->handle(Object(Illuminate\\Http\\Request), Object(Closure))
#34 C:\\xampp\\htdocs\\apply like facebook\\pos6.12\\vendor\\laravel\\framework\\src\\Illuminate\\Session\\Middleware\\StartSession.php(121): Illuminate\\Pipeline\\Pipeline->Illuminate\\Pipeline\\{closure}(Object(Illuminate\\Http\\Request))
#35 C:\\xampp\\htdocs\\apply like facebook\\pos6.12\\vendor\\laravel\\framework\\src\\Illuminate\\Session\\Middleware\\StartSession.php(64): Illuminate\\Session\\Middleware\\StartSession->handleStatefulRequest(Object(Illuminate\\Http\\Request), Object(Illuminate\\Session\\Store), Object(Closure))
#36 C:\\xampp\\htdocs\\apply like facebook\\pos6.12\\vendor\\laravel\\framework\\src\\Illuminate\\Pipeline\\Pipeline.php(180): Illuminate\\Session\\Middleware\\StartSession->handle(Object(Illuminate\\Http\\Request), Object(Closure))
#37 C:\\xampp\\htdocs\\apply like facebook\\pos6.12\\vendor\\laravel\\framework\\src\\Illuminate\\Cookie\\Middleware\\AddQueuedCookiesToResponse.php(37): Illuminate\\Pipeline\\Pipeline->Illuminate\\Pipeline\\{closure}(Object(Illuminate\\Http\\Request))
#38 C:\\xampp\\htdocs\\apply like facebook\\pos6.12\\vendor\\laravel\\framework\\src\\Illuminate\\Pipeline\\Pipeline.php(180): Illuminate\\Cookie\\Middleware\\AddQueuedCookiesToResponse->handle(Object(Illuminate\\Http\\Request), Object(Closure))
#39 C:\\xampp\\htdocs\\apply like facebook\\pos6.12\\vendor\\laravel\\framework\\src\\Illuminate\\Cookie\\Middleware\\EncryptCookies.php(67): Illuminate\\Pipeline\\Pipeline->Illuminate\\Pipeline\\{closure}(Object(Illuminate\\Http\\Request))
#40 C:\\xampp\\htdocs\\apply like facebook\\pos6.12\\vendor\\laravel\\framework\\src\\Illuminate\\Pipeline\\Pipeline.php(180): Illuminate\\Cookie\\Middleware\\EncryptCookies->handle(Object(Illuminate\\Http\\Request), Object(Closure))
#41 C:\\xampp\\htdocs\\apply like facebook\\pos6.12\\vendor\\laravel\\framework\\src\\Illuminate\\Pipeline\\Pipeline.php(116): Illuminate\\Pipeline\\Pipeline->Illuminate\\Pipeline\\{closure}(Object(Illuminate\\Http\\Request))
#42 C:\\xampp\\htdocs\\apply like facebook\\pos6.12\\vendor\\laravel\\framework\\src\\Illuminate\\Routing\\Router.php(797): Illuminate\\Pipeline\\Pipeline->then(Object(Closure))
#43 C:\\xampp\\htdocs\\apply like facebook\\pos6.12\\vendor\\laravel\\framework\\src\\Illuminate\\Routing\\Router.php(776): Illuminate\\Routing\\Router->runRouteWithinStack(Object(Illuminate\\Routing\\Route), Object(Illuminate\\Http\\Request))
#44 C:\\xampp\\htdocs\\apply like facebook\\pos6.12\\vendor\\laravel\\framework\\src\\Illuminate\\Routing\\Router.php(740): Illuminate\\Routing\\Router->runRoute(Object(Illuminate\\Http\\Request), Object(Illuminate\\Routing\\Route))
#45 C:\\xampp\\htdocs\\apply like facebook\\pos6.12\\vendor\\laravel\\framework\\src\\Illuminate\\Routing\\Router.php(729): Illuminate\\Routing\\Router->dispatchToRoute(Object(Illuminate\\Http\\Request))
#46 C:\\xampp\\htdocs\\apply like facebook\\pos6.12\\vendor\\laravel\\framework\\src\\Illuminate\\Foundation\\Http\\Kernel.php(190): Illuminate\\Routing\\Router->dispatch(Object(Illuminate\\Http\\Request))
#47 C:\\xampp\\htdocs\\apply like facebook\\pos6.12\\vendor\\laravel\\framework\\src\\Illuminate\\Pipeline\\Pipeline.php(141): Illuminate\\Foundation\\Http\\Kernel->Illuminate\\Foundation\\Http\\{closure}(Object(Illuminate\\Http\\Request))
#48 C:\\xampp\\htdocs\\apply like facebook\\pos6.12\\vendor\\barryvdh\\laravel-debugbar\\src\\Middleware\\InjectDebugbar.php(59): Illuminate\\Pipeline\\Pipeline->Illuminate\\Pipeline\\{closure}(Object(Illuminate\\Http\\Request))
#49 C:\\xampp\\htdocs\\apply like facebook\\pos6.12\\vendor\\laravel\\framework\\src\\Illuminate\\Pipeline\\Pipeline.php(180): Barryvdh\\Debugbar\\Middleware\\InjectDebugbar->handle(Object(Illuminate\\Http\\Request), Object(Closure))
#50 C:\\xampp\\htdocs\\apply like facebook\\pos6.12\\vendor\\laravel\\framework\\src\\Illuminate\\Foundation\\Http\\Middleware\\TransformsRequest.php(21): Illuminate\\Pipeline\\Pipeline->Illuminate\\Pipeline\\{closure}(Object(Illuminate\\Http\\Request))
#51 C:\\xampp\\htdocs\\apply like facebook\\pos6.12\\vendor\\laravel\\framework\\src\\Illuminate\\Foundation\\Http\\Middleware\\ConvertEmptyStringsToNull.php(31): Illuminate\\Foundation\\Http\\Middleware\\TransformsRequest->handle(Object(Illuminate\\Http\\Request), Object(Closure))
#52 C:\\xampp\\htdocs\\apply like facebook\\pos6.12\\vendor\\laravel\\framework\\src\\Illuminate\\Pipeline\\Pipeline.php(180): Illuminate\\Foundation\\Http\\Middleware\\ConvertEmptyStringsToNull->handle(Object(Illuminate\\Http\\Request), Object(Closure))
#53 C:\\xampp\\htdocs\\apply like facebook\\pos6.12\\vendor\\laravel\\framework\\src\\Illuminate\\Foundation\\Http\\Middleware\\TransformsRequest.php(21): Illuminate\\Pipeline\\Pipeline->Illuminate\\Pipeline\\{closure}(Object(Illuminate\\Http\\Request))
#54 C:\\xampp\\htdocs\\apply like facebook\\pos6.12\\vendor\\laravel\\framework\\src\\Illuminate\\Foundation\\Http\\Middleware\\TrimStrings.php(40): Illuminate\\Foundation\\Http\\Middleware\\TransformsRequest->handle(Object(Illuminate\\Http\\Request), Object(Closure))
#55 C:\\xampp\\htdocs\\apply like facebook\\pos6.12\\vendor\\laravel\\framework\\src\\Illuminate\\Pipeline\\Pipeline.php(180): Illuminate\\Foundation\\Http\\Middleware\\TrimStrings->handle(Object(Illuminate\\Http\\Request), Object(Closure))
#56 C:\\xampp\\htdocs\\apply like facebook\\pos6.12\\vendor\\laravel\\framework\\src\\Illuminate\\Foundation\\Http\\Middleware\\ValidatePostSize.php(27): Illuminate\\Pipeline\\Pipeline->Illuminate\\Pipeline\\{closure}(Object(Illuminate\\Http\\Request))
#57 C:\\xampp\\htdocs\\apply like facebook\\pos6.12\\vendor\\laravel\\framework\\src\\Illuminate\\Pipeline\\Pipeline.php(180): Illuminate\\Foundation\\Http\\Middleware\\ValidatePostSize->handle(Object(Illuminate\\Http\\Request), Object(Closure))
#58 C:\\xampp\\htdocs\\apply like facebook\\pos6.12\\vendor\\laravel\\framework\\src\\Illuminate\\Foundation\\Http\\Middleware\\PreventRequestsDuringMaintenance.php(86): Illuminate\\Pipeline\\Pipeline->Illuminate\\Pipeline\\{closure}(Object(Illuminate\\Http\\Request))
#59 C:\\xampp\\htdocs\\apply like facebook\\pos6.12\\vendor\\laravel\\framework\\src\\Illuminate\\Pipeline\\Pipeline.php(180): Illuminate\\Foundation\\Http\\Middleware\\PreventRequestsDuringMaintenance->handle(Object(Illuminate\\Http\\Request), Object(Closure))
#60 C:\\xampp\\htdocs\\apply like facebook\\pos6.12\\vendor\\laravel\\framework\\src\\Illuminate\\Http\\Middleware\\HandleCors.php(49): Illuminate\\Pipeline\\Pipeline->Illuminate\\Pipeline\\{closure}(Object(Illuminate\\Http\\Request))
#61 C:\\xampp\\htdocs\\apply like facebook\\pos6.12\\vendor\\laravel\\framework\\src\\Illuminate\\Pipeline\\Pipeline.php(180): Illuminate\\Http\\Middleware\\HandleCors->handle(Object(Illuminate\\Http\\Request), Object(Closure))
#62 C:\\xampp\\htdocs\\apply like facebook\\pos6.12\\vendor\\laravel\\framework\\src\\Illuminate\\Http\\Middleware\\TrustProxies.php(39): Illuminate\\Pipeline\\Pipeline->Illuminate\\Pipeline\\{closure}(Object(Illuminate\\Http\\Request))
#63 C:\\xampp\\htdocs\\apply like facebook\\pos6.12\\vendor\\laravel\\framework\\src\\Illuminate\\Pipeline\\Pipeline.php(180): Illuminate\\Http\\Middleware\\TrustProxies->handle(Object(Illuminate\\Http\\Request), Object(Closure))
#64 C:\\xampp\\htdocs\\apply like facebook\\pos6.12\\vendor\\laravel\\framework\\src\\Illuminate\\Pipeline\\Pipeline.php(116): Illuminate\\Pipeline\\Pipeline->Illuminate\\Pipeline\\{closure}(Object(Illuminate\\Http\\Request))
#65 C:\\xampp\\htdocs\\apply like facebook\\pos6.12\\vendor\\laravel\\framework\\src\\Illuminate\\Foundation\\Http\\Kernel.php(165): Illuminate\\Pipeline\\Pipeline->then(Object(Closure))
#66 C:\\xampp\\htdocs\\apply like facebook\\pos6.12\\vendor\\laravel\\framework\\src\\Illuminate\\Foundation\\Http\\Kernel.php(134): Illuminate\\Foundation\\Http\\Kernel->sendRequestThroughRouter(Object(Illuminate\\Http\\Request))
#67 C:\\xampp\\htdocs\\apply like facebook\\pos6.12\\public\\index.php(56): Illuminate\\Foundation\\Http\\Kernel->handle(Object(Illuminate\\Http\\Request))
#68 C:\\xampp\\htdocs\\apply like facebook\\pos6.12\\vendor\\laravel\\framework\\src\\Illuminate\\Foundation\\resources\\server.php(16): require_once('C:\\\\xampp\\\\htdocs...')
#69 {main}

[previous exception] [object] (ParseError(code: 0): syntax error, unexpected token \";\", expecting \")\" at C:\\xampp\\htdocs\\apply like facebook\\pos6.12\\storage\\framework\\views\\85f2fa1d40d45c871f4e5e43190aa2d672eb2a6a.php:372)
[stacktrace]
#0 C:\\xampp\\htdocs\\apply like facebook\\pos6.12\\vendor\\laravel\\framework\\src\\Illuminate\\Filesystem\\Filesystem.php(110): Illuminate\\Filesystem\\Filesystem::Illuminate\\Filesystem\\{closure}()
#1 C:\\xampp\\htdocs\\apply like facebook\\pos6.12\\vendor\\laravel\\framework\\src\\Illuminate\\View\\Engines\\PhpEngine.php(58): Illuminate\\Filesystem\\Filesystem->getRequire('C:\\\\xampp\\\\htdocs...', Array)
#2 C:\\xampp\\htdocs\\apply like facebook\\pos6.12\\vendor\\laravel\\framework\\src\\Illuminate\\View\\Engines\\CompilerEngine.php(70): Illuminate\\View\\Engines\\PhpEngine->evaluatePath('C:\\\\xampp\\\\htdocs...', Array)
#3 C:\\xampp\\htdocs\\apply like facebook\\pos6.12\\vendor\\laravel\\framework\\src\\Illuminate\\View\\View.php(195): Illuminate\\View\\Engines\\CompilerEngine->get('C:\\\\xampp\\\\htdocs...', Array)
#4 C:\\xampp\\htdocs\\apply like facebook\\pos6.12\\vendor\\laravel\\framework\\src\\Illuminate\\View\\View.php(178): Illuminate\\View\\View->getContents()
#5 C:\\xampp\\htdocs\\apply like facebook\\pos6.12\\vendor\\laravel\\framework\\src\\Illuminate\\View\\View.php(147): Illuminate\\View\\View->renderContents()
#6 C:\\xampp\\htdocs\\apply like facebook\\pos6.12\\vendor\\laravel\\framework\\src\\Illuminate\\Http\\Response.php(69): Illuminate\\View\\View->render()
#7 C:\\xampp\\htdocs\\apply like facebook\\pos6.12\\vendor\\laravel\\framework\\src\\Illuminate\\Http\\Response.php(35): Illuminate\\Http\\Response->setContent(Object(Illuminate\\View\\View))
#8 C:\\xampp\\htdocs\\apply like facebook\\pos6.12\\vendor\\laravel\\framework\\src\\Illuminate\\Routing\\Router.php(906): Illuminate\\Http\\Response->__construct(Object(Illuminate\\View\\View), 200, Array)
#9 C:\\xampp\\htdocs\\apply like facebook\\pos6.12\\vendor\\laravel\\framework\\src\\Illuminate\\Routing\\Router.php(875): Illuminate\\Routing\\Router::toResponse(Object(Illuminate\\Http\\Request), Object(Illuminate\\View\\View))
#10 C:\\xampp\\htdocs\\apply like facebook\\pos6.12\\vendor\\laravel\\framework\\src\\Illuminate\\Routing\\Router.php(797): Illuminate\\Routing\\Router->prepareResponse(Object(Illuminate\\Http\\Request), Object(Illuminate\\View\\View))
#11 C:\\xampp\\htdocs\\apply like facebook\\pos6.12\\vendor\\laravel\\framework\\src\\Illuminate\\Pipeline\\Pipeline.php(141): Illuminate\\Routing\\Router->Illuminate\\Routing\\{closure}(Object(Illuminate\\Http\\Request))
#12 C:\\xampp\\htdocs\\apply like facebook\\pos6.12\\vendor\\laravel\\framework\\src\\Illuminate\\Auth\\Middleware\\Authorize.php(45): Illuminate\\Pipeline\\Pipeline->Illuminate\\Pipeline\\{closure}(Object(Illuminate\\Http\\Request))
#13 C:\\xampp\\htdocs\\apply like facebook\\pos6.12\\vendor\\laravel\\framework\\src\\Illuminate\\Pipeline\\Pipeline.php(180): Illuminate\\Auth\\Middleware\\Authorize->handle(Object(Illuminate\\Http\\Request), Object(Closure), 'loan_management...')
#14 C:\\xampp\\htdocs\\apply like facebook\\pos6.12\\app\\Http\\Middleware\\CheckUserLogin.php(22): Illuminate\\Pipeline\\Pipeline->Illuminate\\Pipeline\\{closure}(Object(Illuminate\\Http\\Request))
#15 C:\\xampp\\htdocs\\apply like facebook\\pos6.12\\vendor\\laravel\\framework\\src\\Illuminate\\Pipeline\\Pipeline.php(180): App\\Http\\Middleware\\CheckUserLogin->handle(Object(Illuminate\\Http\\Request), Object(Closure))
#16 C:\\xampp\\htdocs\\apply like facebook\\pos6.12\\app\\Http\\Middleware\\AdminSidebarMenu.php(901): Illuminate\\Pipeline\\Pipeline->Illuminate\\Pipeline\\{closure}(Object(Illuminate\\Http\\Request))
#17 C:\\xampp\\htdocs\\apply like facebook\\pos6.12\\vendor\\laravel\\framework\\src\\Illuminate\\Pipeline\\Pipeline.php(180): App\\Http\\Middleware\\AdminSidebarMenu->handle(Object(Illuminate\\Http\\Request), Object(Closure))
#18 C:\\xampp\\htdocs\\apply like facebook\\pos6.12\\app\\Http\\Middleware\\Timezone.php(30): Illuminate\\Pipeline\\Pipeline->Illuminate\\Pipeline\\{closure}(Object(Illuminate\\Http\\Request))
#19 C:\\xampp\\htdocs\\apply like facebook\\pos6.12\\vendor\\laravel\\framework\\src\\Illuminate\\Pipeline\\Pipeline.php(180): App\\Http\\Middleware\\Timezone->handle(Object(Illuminate\\Http\\Request), Object(Closure))
#20 C:\\xampp\\htdocs\\apply like facebook\\pos6.12\\app\\Http\\Middleware\\Language.php(25): Illuminate\\Pipeline\\Pipeline->Illuminate\\Pipeline\\{closure}(Object(Illuminate\\Http\\Request))
#21 C:\\xampp\\htdocs\\apply like facebook\\pos6.12\\vendor\\laravel\\framework\\src\\Illuminate\\Pipeline\\Pipeline.php(180): App\\Http\\Middleware\\Language->handle(Object(Illuminate\\Http\\Request), Object(Closure))
#22 C:\\xampp\\htdocs\\apply like facebook\\pos6.12\\app\\Http\\Middleware\\SetSessionData.php(52): Illuminate\\Pipeline\\Pipeline->Illuminate\\Pipeline\\{closure}(Object(Illuminate\\Http\\Request))
#23 C:\\xampp\\htdocs\\apply like facebook\\pos6.12\\vendor\\laravel\\framework\\src\\Illuminate\\Pipeline\\Pipeline.php(180): App\\Http\\Middleware\\SetSessionData->handle(Object(Illuminate\\Http\\Request), Object(Closure))
#24 C:\\xampp\\htdocs\\apply like facebook\\pos6.12\\vendor\\barryvdh\\laravel-debugbar\\src\\Middleware\\InjectDebugbar.php(59): Illuminate\\Pipeline\\Pipeline->Illuminate\\Pipeline\\{closure}(Object(Illuminate\\Http\\Request))
#25 C:\\xampp\\htdocs\\apply like facebook\\pos6.12\\vendor\\laravel\\framework\\src\\Illuminate\\Pipeline\\Pipeline.php(180): Barryvdh\\Debugbar\\Middleware\\InjectDebugbar->handle(Object(Illuminate\\Http\\Request), Object(Closure))
#26 C:\\xampp\\htdocs\\apply like facebook\\pos6.12\\vendor\\laravel\\framework\\src\\Illuminate\\Routing\\Middleware\\SubstituteBindings.php(50): Illuminate\\Pipeline\\Pipeline->Illuminate\\Pipeline\\{closure}(Object(Illuminate\\Http\\Request))
#27 C:\\xampp\\htdocs\\apply like facebook\\pos6.12\\vendor\\laravel\\framework\\src\\Illuminate\\Pipeline\\Pipeline.php(180): Illuminate\\Routing\\Middleware\\SubstituteBindings->handle(Object(Illuminate\\Http\\Request), Object(Closure))
#28 C:\\xampp\\htdocs\\apply like facebook\\pos6.12\\vendor\\laravel\\framework\\src\\Illuminate\\Auth\\Middleware\\Authenticate.php(44): Illuminate\\Pipeline\\Pipeline->Illuminate\\Pipeline\\{closure}(Object(Illuminate\\Http\\Request))
#29 C:\\xampp\\htdocs\\apply like facebook\\pos6.12\\vendor\\laravel\\framework\\src\\Illuminate\\Pipeline\\Pipeline.php(180): Illuminate\\Auth\\Middleware\\Authenticate->handle(Object(Illuminate\\Http\\Request), Object(Closure))
#30 C:\\xampp\\htdocs\\apply like facebook\\pos6.12\\vendor\\laravel\\framework\\src\\Illuminate\\Foundation\\Http\\Middleware\\VerifyCsrfToken.php(78): Illuminate\\Pipeline\\Pipeline->Illuminate\\Pipeline\\{closure}(Object(Illuminate\\Http\\Request))
#31 C:\\xampp\\htdocs\\apply like facebook\\pos6.12\\vendor\\laravel\\framework\\src\\Illuminate\\Pipeline\\Pipeline.php(180): Illuminate\\Foundation\\Http\\Middleware\\VerifyCsrfToken->handle(Object(Illuminate\\Http\\Request), Object(Closure))
#32 C:\\xampp\\htdocs\\apply like facebook\\pos6.12\\vendor\\laravel\\framework\\src\\Illuminate\\View\\Middleware\\ShareErrorsFromSession.php(49): Illuminate\\Pipeline\\Pipeline->Illuminate\\Pipeline\\{closure}(Object(Illuminate\\Http\\Request))
#33 C:\\xampp\\htdocs\\apply like facebook\\pos6.12\\vendor\\laravel\\framework\\src\\Illuminate\\Pipeline\\Pipeline.php(180): Illuminate\\View\\Middleware\\ShareErrorsFromSession->handle(Object(Illuminate\\Http\\Request), Object(Closure))
#34 C:\\xampp\\htdocs\\apply like facebook\\pos6.12\\vendor\\laravel\\framework\\src\\Illuminate\\Session\\Middleware\\StartSession.php(121): Illuminate\\Pipeline\\Pipeline->Illuminate\\Pipeline\\{closure}(Object(Illuminate\\Http\\Request))
#35 C:\\xampp\\htdocs\\apply like facebook\\pos6.12\\vendor\\laravel\\framework\\src\\Illuminate\\Session\\Middleware\\StartSession.php(64): Illuminate\\Session\\Middleware\\StartSession->handleStatefulRequest(Object(Illuminate\\Http\\Request), Object(Illuminate\\Session\\Store), Object(Closure))
#36 C:\\xampp\\htdocs\\apply like facebook\\pos6.12\\vendor\\laravel\\framework\\src\\Illuminate\\Pipeline\\Pipeline.php(180): Illuminate\\Session\\Middleware\\StartSession->handle(Object(Illuminate\\Http\\Request), Object(Closure))
#37 C:\\xampp\\htdocs\\apply like facebook\\pos6.12\\vendor\\laravel\\framework\\src\\Illuminate\\Cookie\\Middleware\\AddQueuedCookiesToResponse.php(37): Illuminate\\Pipeline\\Pipeline->Illuminate\\Pipeline\\{closure}(Object(Illuminate\\Http\\Request))
#38 C:\\xampp\\htdocs\\apply like facebook\\pos6.12\\vendor\\laravel\\framework\\src\\Illuminate\\Pipeline\\Pipeline.php(180): Illuminate\\Cookie\\Middleware\\AddQueuedCookiesToResponse->handle(Object(Illuminate\\Http\\Request), Object(Closure))
#39 C:\\xampp\\htdocs\\apply like facebook\\pos6.12\\vendor\\laravel\\framework\\src\\Illuminate\\Cookie\\Middleware\\EncryptCookies.php(67): Illuminate\\Pipeline\\Pipeline->Illuminate\\Pipeline\\{closure}(Object(Illuminate\\Http\\Request))
#40 C:\\xampp\\htdocs\\apply like facebook\\pos6.12\\vendor\\laravel\\framework\\src\\Illuminate\\Pipeline\\Pipeline.php(180): Illuminate\\Cookie\\Middleware\\EncryptCookies->handle(Object(Illuminate\\Http\\Request), Object(Closure))
#41 C:\\xampp\\htdocs\\apply like facebook\\pos6.12\\vendor\\laravel\\framework\\src\\Illuminate\\Pipeline\\Pipeline.php(116): Illuminate\\Pipeline\\Pipeline->Illuminate\\Pipeline\\{closure}(Object(Illuminate\\Http\\Request))
#42 C:\\xampp\\htdocs\\apply like facebook\\pos6.12\\vendor\\laravel\\framework\\src\\Illuminate\\Routing\\Router.php(797): Illuminate\\Pipeline\\Pipeline->then(Object(Closure))
#43 C:\\xampp\\htdocs\\apply like facebook\\pos6.12\\vendor\\laravel\\framework\\src\\Illuminate\\Routing\\Router.php(776): Illuminate\\Routing\\Router->runRouteWithinStack(Object(Illuminate\\Routing\\Route), Object(Illuminate\\Http\\Request))
#44 C:\\xampp\\htdocs\\apply like facebook\\pos6.12\\vendor\\laravel\\framework\\src\\Illuminate\\Routing\\Router.php(740): Illuminate\\Routing\\Router->runRoute(Object(Illuminate\\Http\\Request), Object(Illuminate\\Routing\\Route))
#45 C:\\xampp\\htdocs\\apply like facebook\\pos6.12\\vendor\\laravel\\framework\\src\\Illuminate\\Routing\\Router.php(729): Illuminate\\Routing\\Router->dispatchToRoute(Object(Illuminate\\Http\\Request))
#46 C:\\xampp\\htdocs\\apply like facebook\\pos6.12\\vendor\\laravel\\framework\\src\\Illuminate\\Foundation\\Http\\Kernel.php(190): Illuminate\\Routing\\Router->dispatch(Object(Illuminate\\Http\\Request))
#47 C:\\xampp\\htdocs\\apply like facebook\\pos6.12\\vendor\\laravel\\framework\\src\\Illuminate\\Pipeline\\Pipeline.php(141): Illuminate\\Foundation\\Http\\Kernel->Illuminate\\Foundation\\Http\\{closure}(Object(Illuminate\\Http\\Request))
#48 C:\\xampp\\htdocs\\apply like facebook\\pos6.12\\vendor\\barryvdh\\laravel-debugbar\\src\\Middleware\\InjectDebugbar.php(59): Illuminate\\Pipeline\\Pipeline->Illuminate\\Pipeline\\{closure}(Object(Illuminate\\Http\\Request))
#49 C:\\xampp\\htdocs\\apply like facebook\\pos6.12\\vendor\\laravel\\framework\\src\\Illuminate\\Pipeline\\Pipeline.php(180): Barryvdh\\Debugbar\\Middleware\\InjectDebugbar->handle(Object(Illuminate\\Http\\Request), Object(Closure))
#50 C:\\xampp\\htdocs\\apply like facebook\\pos6.12\\vendor\\laravel\\framework\\src\\Illuminate\\Foundation\\Http\\Middleware\\TransformsRequest.php(21): Illuminate\\Pipeline\\Pipeline->Illuminate\\Pipeline\\{closure}(Object(Illuminate\\Http\\Request))
#51 C:\\xampp\\htdocs\\apply like facebook\\pos6.12\\vendor\\laravel\\framework\\src\\Illuminate\\Foundation\\Http\\Middleware\\ConvertEmptyStringsToNull.php(31): Illuminate\\Foundation\\Http\\Middleware\\TransformsRequest->handle(Object(Illuminate\\Http\\Request), Object(Closure))
#52 C:\\xampp\\htdocs\\apply like facebook\\pos6.12\\vendor\\laravel\\framework\\src\\Illuminate\\Pipeline\\Pipeline.php(180): Illuminate\\Foundation\\Http\\Middleware\\ConvertEmptyStringsToNull->handle(Object(Illuminate\\Http\\Request), Object(Closure))
#53 C:\\xampp\\htdocs\\apply like facebook\\pos6.12\\vendor\\laravel\\framework\\src\\Illuminate\\Foundation\\Http\\Middleware\\TransformsRequest.php(21): Illuminate\\Pipeline\\Pipeline->Illuminate\\Pipeline\\{closure}(Object(Illuminate\\Http\\Request))
#54 C:\\xampp\\htdocs\\apply like facebook\\pos6.12\\vendor\\laravel\\framework\\src\\Illuminate\\Foundation\\Http\\Middleware\\TrimStrings.php(40): Illuminate\\Foundation\\Http\\Middleware\\TransformsRequest->handle(Object(Illuminate\\Http\\Request), Object(Closure))
#55 C:\\xampp\\htdocs\\apply like facebook\\pos6.12\\vendor\\laravel\\framework\\src\\Illuminate\\Pipeline\\Pipeline.php(180): Illuminate\\Foundation\\Http\\Middleware\\TrimStrings->handle(Object(Illuminate\\Http\\Request), Object(Closure))
#56 C:\\xampp\\htdocs\\apply like facebook\\pos6.12\\vendor\\laravel\\framework\\src\\Illuminate\\Foundation\\Http\\Middleware\\ValidatePostSize.php(27): Illuminate\\Pipeline\\Pipeline->Illuminate\\Pipeline\\{closure}(Object(Illuminate\\Http\\Request))
#57 C:\\xampp\\htdocs\\apply like facebook\\pos6.12\\vendor\\laravel\\framework\\src\\Illuminate\\Pipeline\\Pipeline.php(180): Illuminate\\Foundation\\Http\\Middleware\\ValidatePostSize->handle(Object(Illuminate\\Http\\Request), Object(Closure))
#58 C:\\xampp\\htdocs\\apply like facebook\\pos6.12\\vendor\\laravel\\framework\\src\\Illuminate\\Foundation\\Http\\Middleware\\PreventRequestsDuringMaintenance.php(86): Illuminate\\Pipeline\\Pipeline->Illuminate\\Pipeline\\{closure}(Object(Illuminate\\Http\\Request))
#59 C:\\xampp\\htdocs\\apply like facebook\\pos6.12\\vendor\\laravel\\framework\\src\\Illuminate\\Pipeline\\Pipeline.php(180): Illuminate\\Foundation\\Http\\Middleware\\PreventRequestsDuringMaintenance->handle(Object(Illuminate\\Http\\Request), Object(Closure))
#60 C:\\xampp\\htdocs\\apply like facebook\\pos6.12\\vendor\\laravel\\framework\\src\\Illuminate\\Http\\Middleware\\HandleCors.php(49): Illuminate\\Pipeline\\Pipeline->Illuminate\\Pipeline\\{closure}(Object(Illuminate\\Http\\Request))
#61 C:\\xampp\\htdocs\\apply like facebook\\pos6.12\\vendor\\laravel\\framework\\src\\Illuminate\\Pipeline\\Pipeline.php(180): Illuminate\\Http\\Middleware\\HandleCors->handle(Object(Illuminate\\Http\\Request), Object(Closure))
#62 C:\\xampp\\htdocs\\apply like facebook\\pos6.12\\vendor\\laravel\\framework\\src\\Illuminate\\Http\\Middleware\\TrustProxies.php(39): Illuminate\\Pipeline\\Pipeline->Illuminate\\Pipeline\\{closure}(Object(Illuminate\\Http\\Request))
#63 C:\\xampp\\htdocs\\apply like facebook\\pos6.12\\vendor\\laravel\\framework\\src\\Illuminate\\Pipeline\\Pipeline.php(180): Illuminate\\Http\\Middleware\\TrustProxies->handle(Object(Illuminate\\Http\\Request), Object(Closure))
#64 C:\\xampp\\htdocs\\apply like facebook\\pos6.12\\vendor\\laravel\\framework\\src\\Illuminate\\Pipeline\\Pipeline.php(116): Illuminate\\Pipeline\\Pipeline->Illuminate\\Pipeline\\{closure}(Object(Illuminate\\Http\\Request))
#65 C:\\xampp\\htdocs\\apply like facebook\\pos6.12\\vendor\\laravel\\framework\\src\\Illuminate\\Foundation\\Http\\Kernel.php(165): Illuminate\\Pipeline\\Pipeline->then(Object(Closure))
#66 C:\\xampp\\htdocs\\apply like facebook\\pos6.12\\vendor\\laravel\\framework\\src\\Illuminate\\Foundation\\Http\\Kernel.php(134): Illuminate\\Foundation\\Http\\Kernel->sendRequestThroughRouter(Object(Illuminate\\Http\\Request))
#67 C:\\xampp\\htdocs\\apply like facebook\\pos6.12\\public\\index.php(56): Illuminate\\Foundation\\Http\\Kernel->handle(Object(Illuminate\\Http\\Request))
#68 C:\\xampp\\htdocs\\apply like facebook\\pos6.12\\vendor\\laravel\\framework\\src\\Illuminate\\Foundation\\resources\\server.php(16): require_once('C:\\\\xampp\\\\htdocs...')
#69 {main}
"} 
[2026-05-24 09:49:31] local.ERROR: syntax error, unexpected token ";", expecting ")" {"userId":1,"exception":"[object] (Spatie\\LaravelIgnition\\Exceptions\\ViewException(code: 0): syntax error, unexpected token \";\", expecting \")\" at C:\\xampp\\htdocs\\apply like facebook\\pos6.12\\Modules\\LoanManagement\\Resources\\views\\loans\\print\\loan.blade.php:369)
[stacktrace]
#0 C:\\xampp\\htdocs\\apply like facebook\\pos6.12\\vendor\\laravel\\framework\\src\\Illuminate\\Filesystem\\Filesystem.php(110): Illuminate\\Filesystem\\Filesystem::Illuminate\\Filesystem\\{closure}()
#1 C:\\xampp\\htdocs\\apply like facebook\\pos6.12\\vendor\\laravel\\framework\\src\\Illuminate\\View\\Engines\\PhpEngine.php(58): Illuminate\\Filesystem\\Filesystem->getRequire('C:\\\\xampp\\\\htdocs...', Array)
#2 C:\\xampp\\htdocs\\apply like facebook\\pos6.12\\vendor\\laravel\\framework\\src\\Illuminate\\View\\Engines\\CompilerEngine.php(70): Illuminate\\View\\Engines\\PhpEngine->evaluatePath('C:\\\\xampp\\\\htdocs...', Array)
#3 C:\\xampp\\htdocs\\apply like facebook\\pos6.12\\vendor\\laravel\\framework\\src\\Illuminate\\View\\View.php(195): Illuminate\\View\\Engines\\CompilerEngine->get('C:\\\\xampp\\\\htdocs...', Array)
#4 C:\\xampp\\htdocs\\apply like facebook\\pos6.12\\vendor\\laravel\\framework\\src\\Illuminate\\View\\View.php(178): Illuminate\\View\\View->getContents()
#5 C:\\xampp\\htdocs\\apply like facebook\\pos6.12\\vendor\\laravel\\framework\\src\\Illuminate\\View\\View.php(147): Illuminate\\View\\View->renderContents()
#6 C:\\xampp\\htdocs\\apply like facebook\\pos6.12\\vendor\\laravel\\framework\\src\\Illuminate\\Http\\Response.php(69): Illuminate\\View\\View->render()
#7 C:\\xampp\\htdocs\\apply like facebook\\pos6.12\\vendor\\laravel\\framework\\src\\Illuminate\\Http\\Response.php(35): Illuminate\\Http\\Response->setContent(Object(Illuminate\\View\\View))
#8 C:\\xampp\\htdocs\\apply like facebook\\pos6.12\\vendor\\laravel\\framework\\src\\Illuminate\\Routing\\Router.php(906): Illuminate\\Http\\Response->__construct(Object(Illuminate\\View\\View), 200, Array)
#9 C:\\xampp\\htdocs\\apply like facebook\\pos6.12\\vendor\\laravel\\framework\\src\\Illuminate\\Routing\\Router.php(875): Illuminate\\Routing\\Router::toResponse(Object(Illuminate\\Http\\Request), Object(Illuminate\\View\\View))
#10 C:\\xampp\\htdocs\\apply like facebook\\pos6.12\\vendor\\laravel\\framework\\src\\Illuminate\\Routing\\Router.php(797): Illuminate\\Routing\\Router->prepareResponse(Object(Illuminate\\Http\\Request), Object(Illuminate\\View\\View))
#11 C:\\xampp\\htdocs\\apply like facebook\\pos6.12\\vendor\\laravel\\framework\\src\\Illuminate\\Pipeline\\Pipeline.php(141): Illuminate\\Routing\\Router->Illuminate\\Routing\\{closure}(Object(Illuminate\\Http\\Request))
#12 C:\\xampp\\htdocs\\apply like facebook\\pos6.12\\vendor\\laravel\\framework\\src\\Illuminate\\Auth\\Middleware\\Authorize.php(45): Illuminate\\Pipeline\\Pipeline->Illuminate\\Pipeline\\{closure}(Object(Illuminate\\Http\\Request))
#13 C:\\xampp\\htdocs\\apply like facebook\\pos6.12\\vendor\\laravel\\framework\\src\\Illuminate\\Pipeline\\Pipeline.php(180): Illuminate\\Auth\\Middleware\\Authorize->handle(Object(Illuminate\\Http\\Request), Object(Closure), 'loan_management...')
#14 C:\\xampp\\htdocs\\apply like facebook\\pos6.12\\app\\Http\\Middleware\\CheckUserLogin.php(22): Illuminate\\Pipeline\\Pipeline->Illuminate\\Pipeline\\{closure}(Object(Illuminate\\Http\\Request))
#15 C:\\xampp\\htdocs\\apply like facebook\\pos6.12\\vendor\\laravel\\framework\\src\\Illuminate\\Pipeline\\Pipeline.php(180): App\\Http\\Middleware\\CheckUserLogin->handle(Object(Illuminate\\Http\\Request), Object(Closure))
#16 C:\\xampp\\htdocs\\apply like facebook\\pos6.12\\app\\Http\\Middleware\\AdminSidebarMenu.php(901): Illuminate\\Pipeline\\Pipeline->Illuminate\\Pipeline\\{closure}(Object(Illuminate\\Http\\Request))
#17 C:\\xampp\\htdocs\\apply like facebook\\pos6.12\\vendor\\laravel\\framework\\src\\Illuminate\\Pipeline\\Pipeline.php(180): App\\Http\\Middleware\\AdminSidebarMenu->handle(Object(Illuminate\\Http\\Request), Object(Closure))
#18 C:\\xampp\\htdocs\\apply like facebook\\pos6.12\\app\\Http\\Middleware\\Timezone.php(30): Illuminate\\Pipeline\\Pipeline->Illuminate\\Pipeline\\{closure}(Object(Illuminate\\Http\\Request))
#19 C:\\xampp\\htdocs\\apply like facebook\\pos6.12\\vendor\\laravel\\framework\\src\\Illuminate\\Pipeline\\Pipeline.php(180): App\\Http\\Middleware\\Timezone->handle(Object(Illuminate\\Http\\Request), Object(Closure))
#20 C:\\xampp\\htdocs\\apply like facebook\\pos6.12\\app\\Http\\Middleware\\Language.php(25): Illuminate\\Pipeline\\Pipeline->Illuminate\\Pipeline\\{closure}(Object(Illuminate\\Http\\Request))
#21 C:\\xampp\\htdocs\\apply like facebook\\pos6.12\\vendor\\laravel\\framework\\src\\Illuminate\\Pipeline\\Pipeline.php(180): App\\Http\\Middleware\\Language->handle(Object(Illuminate\\Http\\Request), Object(Closure))
#22 C:\\xampp\\htdocs\\apply like facebook\\pos6.12\\app\\Http\\Middleware\\SetSessionData.php(52): Illuminate\\Pipeline\\Pipeline->Illuminate\\Pipeline\\{closure}(Object(Illuminate\\Http\\Request))
#23 C:\\xampp\\htdocs\\apply like facebook\\pos6.12\\vendor\\laravel\\framework\\src\\Illuminate\\Pipeline\\Pipeline.php(180): App\\Http\\Middleware\\SetSessionData->handle(Object(Illuminate\\Http\\Request), Object(Closure))
#24 C:\\xampp\\htdocs\\apply like facebook\\pos6.12\\vendor\\barryvdh\\laravel-debugbar\\src\\Middleware\\InjectDebugbar.php(59): Illuminate\\Pipeline\\Pipeline->Illuminate\\Pipeline\\{closure}(Object(Illuminate\\Http\\Request))
#25 C:\\xampp\\htdocs\\apply like facebook\\pos6.12\\vendor\\laravel\\framework\\src\\Illuminate\\Pipeline\\Pipeline.php(180): Barryvdh\\Debugbar\\Middleware\\InjectDebugbar->handle(Object(Illuminate\\Http\\Request), Object(Closure))
#26 C:\\xampp\\htdocs\\apply like facebook\\pos6.12\\vendor\\laravel\\framework\\src\\Illuminate\\Routing\\Middleware\\SubstituteBindings.php(50): Illuminate\\Pipeline\\Pipeline->Illuminate\\Pipeline\\{closure}(Object(Illuminate\\Http\\Request))
#27 C:\\xampp\\htdocs\\apply like facebook\\pos6.12\\vendor\\laravel\\framework\\src\\Illuminate\\Pipeline\\Pipeline.php(180): Illuminate\\Routing\\Middleware\\SubstituteBindings->handle(Object(Illuminate\\Http\\Request), Object(Closure))
#28 C:\\xampp\\htdocs\\apply like facebook\\pos6.12\\vendor\\laravel\\framework\\src\\Illuminate\\Auth\\Middleware\\Authenticate.php(44): Illuminate\\Pipeline\\Pipeline->Illuminate\\Pipeline\\{closure}(Object(Illuminate\\Http\\Request))
#29 C:\\xampp\\htdocs\\apply like facebook\\pos6.12\\vendor\\laravel\\framework\\src\\Illuminate\\Pipeline\\Pipeline.php(180): Illuminate\\Auth\\Middleware\\Authenticate->handle(Object(Illuminate\\Http\\Request), Object(Closure))
#30 C:\\xampp\\htdocs\\apply like facebook\\pos6.12\\vendor\\laravel\\framework\\src\\Illuminate\\Foundation\\Http\\Middleware\\VerifyCsrfToken.php(78): Illuminate\\Pipeline\\Pipeline->Illuminate\\Pipeline\\{closure}(Object(Illuminate\\Http\\Request))
#31 C:\\xampp\\htdocs\\apply like facebook\\pos6.12\\vendor\\laravel\\framework\\src\\Illuminate\\Pipeline\\Pipeline.php(180): Illuminate\\Foundation\\Http\\Middleware\\VerifyCsrfToken->handle(Object(Illuminate\\Http\\Request), Object(Closure))
#32 C:\\xampp\\htdocs\\apply like facebook\\pos6.12\\vendor\\laravel\\framework\\src\\Illuminate\\View\\Middleware\\ShareErrorsFromSession.php(49): Illuminate\\Pipeline\\Pipeline->Illuminate\\Pipeline\\{closure}(Object(Illuminate\\Http\\Request))
#33 C:\\xampp\\htdocs\\apply like facebook\\pos6.12\\vendor\\laravel\\framework\\src\\Illuminate\\Pipeline\\Pipeline.php(180): Illuminate\\View\\Middleware\\ShareErrorsFromSession->handle(Object(Illuminate\\Http\\Request), Object(Closure))
#34 C:\\xampp\\htdocs\\apply like facebook\\pos6.12\\vendor\\laravel\\framework\\src\\Illuminate\\Session\\Middleware\\StartSession.php(121): Illuminate\\Pipeline\\Pipeline->Illuminate\\Pipeline\\{closure}(Object(Illuminate\\Http\\Request))
#35 C:\\xampp\\htdocs\\apply like facebook\\pos6.12\\vendor\\laravel\\framework\\src\\Illuminate\\Session\\Middleware\\StartSession.php(64): Illuminate\\Session\\Middleware\\StartSession->handleStatefulRequest(Object(Illuminate\\Http\\Request), Object(Illuminate\\Session\\Store), Object(Closure))
#36 C:\\xampp\\htdocs\\apply like facebook\\pos6.12\\vendor\\laravel\\framework\\src\\Illuminate\\Pipeline\\Pipeline.php(180): Illuminate\\Session\\Middleware\\StartSession->handle(Object(Illuminate\\Http\\Request), Object(Closure))
#37 C:\\xampp\\htdocs\\apply like facebook\\pos6.12\\vendor\\laravel\\framework\\src\\Illuminate\\Cookie\\Middleware\\AddQueuedCookiesToResponse.php(37): Illuminate\\Pipeline\\Pipeline->Illuminate\\Pipeline\\{closure}(Object(Illuminate\\Http\\Request))
#38 C:\\xampp\\htdocs\\apply like facebook\\pos6.12\\vendor\\laravel\\framework\\src\\Illuminate\\Pipeline\\Pipeline.php(180): Illuminate\\Cookie\\Middleware\\AddQueuedCookiesToResponse->handle(Object(Illuminate\\Http\\Request), Object(Closure))
#39 C:\\xampp\\htdocs\\apply like facebook\\pos6.12\\vendor\\laravel\\framework\\src\\Illuminate\\Cookie\\Middleware\\EncryptCookies.php(67): Illuminate\\Pipeline\\Pipeline->Illuminate\\Pipeline\\{closure}(Object(Illuminate\\Http\\Request))
#40 C:\\xampp\\htdocs\\apply like facebook\\pos6.12\\vendor\\laravel\\framework\\src\\Illuminate\\Pipeline\\Pipeline.php(180): Illuminate\\Cookie\\Middleware\\EncryptCookies->handle(Object(Illuminate\\Http\\Request), Object(Closure))
#41 C:\\xampp\\htdocs\\apply like facebook\\pos6.12\\vendor\\laravel\\framework\\src\\Illuminate\\Pipeline\\Pipeline.php(116): Illuminate\\Pipeline\\Pipeline->Illuminate\\Pipeline\\{closure}(Object(Illuminate\\Http\\Request))
#42 C:\\xampp\\htdocs\\apply like facebook\\pos6.12\\vendor\\laravel\\framework\\src\\Illuminate\\Routing\\Router.php(797): Illuminate\\Pipeline\\Pipeline->then(Object(Closure))
#43 C:\\xampp\\htdocs\\apply like facebook\\pos6.12\\vendor\\laravel\\framework\\src\\Illuminate\\Routing\\Router.php(776): Illuminate\\Routing\\Router->runRouteWithinStack(Object(Illuminate\\Routing\\Route), Object(Illuminate\\Http\\Request))
#44 C:\\xampp\\htdocs\\apply like facebook\\pos6.12\\vendor\\laravel\\framework\\src\\Illuminate\\Routing\\Router.php(740): Illuminate\\Routing\\Router->runRoute(Object(Illuminate\\Http\\Request), Object(Illuminate\\Routing\\Route))
#45 C:\\xampp\\htdocs\\apply like facebook\\pos6.12\\vendor\\laravel\\framework\\src\\Illuminate\\Routing\\Router.php(729): Illuminate\\Routing\\Router->dispatchToRoute(Object(Illuminate\\Http\\Request))
#46 C:\\xampp\\htdocs\\apply like facebook\\pos6.12\\vendor\\laravel\\framework\\src\\Illuminate\\Foundation\\Http\\Kernel.php(190): Illuminate\\Routing\\Router->dispatch(Object(Illuminate\\Http\\Request))
#47 C:\\xampp\\htdocs\\apply like facebook\\pos6.12\\vendor\\laravel\\framework\\src\\Illuminate\\Pipeline\\Pipeline.php(141): Illuminate\\Foundation\\Http\\Kernel->Illuminate\\Foundation\\Http\\{closure}(Object(Illuminate\\Http\\Request))
#48 C:\\xampp\\htdocs\\apply like facebook\\pos6.12\\vendor\\barryvdh\\laravel-debugbar\\src\\Middleware\\InjectDebugbar.php(59): Illuminate\\Pipeline\\Pipeline->Illuminate\\Pipeline\\{closure}(Object(Illuminate\\Http\\Request))
#49 C:\\xampp\\htdocs\\apply like facebook\\pos6.12\\vendor\\laravel\\framework\\src\\Illuminate\\Pipeline\\Pipeline.php(180): Barryvdh\\Debugbar\\Middleware\\InjectDebugbar->handle(Object(Illuminate\\Http\\Request), Object(Closure))
#50 C:\\xampp\\htdocs\\apply like facebook\\pos6.12\\vendor\\laravel\\framework\\src\\Illuminate\\Foundation\\Http\\Middleware\\TransformsRequest.php(21): Illuminate\\Pipeline\\Pipeline->Illuminate\\Pipeline\\{closure}(Object(Illuminate\\Http\\Request))
#51 C:\\xampp\\htdocs\\apply like facebook\\pos6.12\\vendor\\laravel\\framework\\src\\Illuminate\\Foundation\\Http\\Middleware\\ConvertEmptyStringsToNull.php(31): Illuminate\\Foundation\\Http\\Middleware\\TransformsRequest->handle(Object(Illuminate\\Http\\Request), Object(Closure))
#52 C:\\xampp\\htdocs\\apply like facebook\\pos6.12\\vendor\\laravel\\framework\\src\\Illuminate\\Pipeline\\Pipeline.php(180): Illuminate\\Foundation\\Http\\Middleware\\ConvertEmptyStringsToNull->handle(Object(Illuminate\\Http\\Request), Object(Closure))
#53 C:\\xampp\\htdocs\\apply like facebook\\pos6.12\\vendor\\laravel\\framework\\src\\Illuminate\\Foundation\\Http\\Middleware\\TransformsRequest.php(21): Illuminate\\Pipeline\\Pipeline->Illuminate\\Pipeline\\{closure}(Object(Illuminate\\Http\\Request))
#54 C:\\xampp\\htdocs\\apply like facebook\\pos6.12\\vendor\\laravel\\framework\\src\\Illuminate\\Foundation\\Http\\Middleware\\TrimStrings.php(40): Illuminate\\Foundation\\Http\\Middleware\\TransformsRequest->handle(Object(Illuminate\\Http\\Request), Object(Closure))
#55 C:\\xampp\\htdocs\\apply like facebook\\pos6.12\\vendor\\laravel\\framework\\src\\Illuminate\\Pipeline\\Pipeline.php(180): Illuminate\\Foundation\\Http\\Middleware\\TrimStrings->handle(Object(Illuminate\\Http\\Request), Object(Closure))
#56 C:\\xampp\\htdocs\\apply like facebook\\pos6.12\\vendor\\laravel\\framework\\src\\Illuminate\\Foundation\\Http\\Middleware\\ValidatePostSize.php(27): Illuminate\\Pipeline\\Pipeline->Illuminate\\Pipeline\\{closure}(Object(Illuminate\\Http\\Request))
#57 C:\\xampp\\htdocs\\apply like facebook\\pos6.12\\vendor\\laravel\\framework\\src\\Illuminate\\Pipeline\\Pipeline.php(180): Illuminate\\Foundation\\Http\\Middleware\\ValidatePostSize->handle(Object(Illuminate\\Http\\Request), Object(Closure))
#58 C:\\xampp\\htdocs\\apply like facebook\\pos6.12\\vendor\\laravel\\framework\\src\\Illuminate\\Foundation\\Http\\Middleware\\PreventRequestsDuringMaintenance.php(86): Illuminate\\Pipeline\\Pipeline->Illuminate\\Pipeline\\{closure}(Object(Illuminate\\Http\\Request))
#59 C:\\xampp\\htdocs\\apply like facebook\\pos6.12\\vendor\\laravel\\framework\\src\\Illuminate\\Pipeline\\Pipeline.php(180): Illuminate\\Foundation\\Http\\Middleware\\PreventRequestsDuringMaintenance->handle(Object(Illuminate\\Http\\Request), Object(Closure))
#60 C:\\xampp\\htdocs\\apply like facebook\\pos6.12\\vendor\\laravel\\framework\\src\\Illuminate\\Http\\Middleware\\HandleCors.php(49): Illuminate\\Pipeline\\Pipeline->Illuminate\\Pipeline\\{closure}(Object(Illuminate\\Http\\Request))
#61 C:\\xampp\\htdocs\\apply like facebook\\pos6.12\\vendor\\laravel\\framework\\src\\Illuminate\\Pipeline\\Pipeline.php(180): Illuminate\\Http\\Middleware\\HandleCors->handle(Object(Illuminate\\Http\\Request), Object(Closure))
#62 C:\\xampp\\htdocs\\apply like facebook\\pos6.12\\vendor\\laravel\\framework\\src\\Illuminate\\Http\\Middleware\\TrustProxies.php(39): Illuminate\\Pipeline\\Pipeline->Illuminate\\Pipeline\\{closure}(Object(Illuminate\\Http\\Request))
#63 C:\\xampp\\htdocs\\apply like facebook\\pos6.12\\vendor\\laravel\\framework\\src\\Illuminate\\Pipeline\\Pipeline.php(180): Illuminate\\Http\\Middleware\\TrustProxies->handle(Object(Illuminate\\Http\\Request), Object(Closure))
#64 C:\\xampp\\htdocs\\apply like facebook\\pos6.12\\vendor\\laravel\\framework\\src\\Illuminate\\Pipeline\\Pipeline.php(116): Illuminate\\Pipeline\\Pipeline->Illuminate\\Pipeline\\{closure}(Object(Illuminate\\Http\\Request))
#65 C:\\xampp\\htdocs\\apply like facebook\\pos6.12\\vendor\\laravel\\framework\\src\\Illuminate\\Foundation\\Http\\Kernel.php(165): Illuminate\\Pipeline\\Pipeline->then(Object(Closure))
#66 C:\\xampp\\htdocs\\apply like facebook\\pos6.12\\vendor\\laravel\\framework\\src\\Illuminate\\Foundation\\Http\\Kernel.php(134): Illuminate\\Foundation\\Http\\Kernel->sendRequestThroughRouter(Object(Illuminate\\Http\\Request))
#67 C:\\xampp\\htdocs\\apply like facebook\\pos6.12\\public\\index.php(56): Illuminate\\Foundation\\Http\\Kernel->handle(Object(Illuminate\\Http\\Request))
#68 C:\\xampp\\htdocs\\apply like facebook\\pos6.12\\vendor\\laravel\\framework\\src\\Illuminate\\Foundation\\resources\\server.php(16): require_once('C:\\\\xampp\\\\htdocs...')
#69 {main}

[previous exception] [object] (ParseError(code: 0): syntax error, unexpected token \";\", expecting \")\" at C:\\xampp\\htdocs\\apply like facebook\\pos6.12\\storage\\framework\\views\\85f2fa1d40d45c871f4e5e43190aa2d672eb2a6a.php:372)
[stacktrace]
#0 C:\\xampp\\htdocs\\apply like facebook\\pos6.12\\vendor\\laravel\\framework\\src\\Illuminate\\Filesystem\\Filesystem.php(110): Illuminate\\Filesystem\\Filesystem::Illuminate\\Filesystem\\{closure}()
#1 C:\\xampp\\htdocs\\apply like facebook\\pos6.12\\vendor\\laravel\\framework\\src\\Illuminate\\View\\Engines\\PhpEngine.php(58): Illuminate\\Filesystem\\Filesystem->getRequire('C:\\\\xampp\\\\htdocs...', Array)
#2 C:\\xampp\\htdocs\\apply like facebook\\pos6.12\\vendor\\laravel\\framework\\src\\Illuminate\\View\\Engines\\CompilerEngine.php(70): Illuminate\\View\\Engines\\PhpEngine->evaluatePath('C:\\\\xampp\\\\htdocs...', Array)
#3 C:\\xampp\\htdocs\\apply like facebook\\pos6.12\\vendor\\laravel\\framework\\src\\Illuminate\\View\\View.php(195): Illuminate\\View\\Engines\\CompilerEngine->get('C:\\\\xampp\\\\htdocs...', Array)
#4 C:\\xampp\\htdocs\\apply like facebook\\pos6.12\\vendor\\laravel\\framework\\src\\Illuminate\\View\\View.php(178): Illuminate\\View\\View->getContents()
#5 C:\\xampp\\htdocs\\apply like facebook\\pos6.12\\vendor\\laravel\\framework\\src\\Illuminate\\View\\View.php(147): Illuminate\\View\\View->renderContents()
#6 C:\\xampp\\htdocs\\apply like facebook\\pos6.12\\vendor\\laravel\\framework\\src\\Illuminate\\Http\\Response.php(69): Illuminate\\View\\View->render()
#7 C:\\xampp\\htdocs\\apply like facebook\\pos6.12\\vendor\\laravel\\framework\\src\\Illuminate\\Http\\Response.php(35): Illuminate\\Http\\Response->setContent(Object(Illuminate\\View\\View))
#8 C:\\xampp\\htdocs\\apply like facebook\\pos6.12\\vendor\\laravel\\framework\\src\\Illuminate\\Routing\\Router.php(906): Illuminate\\Http\\Response->__construct(Object(Illuminate\\View\\View), 200, Array)
#9 C:\\xampp\\htdocs\\apply like facebook\\pos6.12\\vendor\\laravel\\framework\\src\\Illuminate\\Routing\\Router.php(875): Illuminate\\Routing\\Router::toResponse(Object(Illuminate\\Http\\Request), Object(Illuminate\\View\\View))
#10 C:\\xampp\\htdocs\\apply like facebook\\pos6.12\\vendor\\laravel\\framework\\src\\Illuminate\\Routing\\Router.php(797): Illuminate\\Routing\\Router->prepareResponse(Object(Illuminate\\Http\\Request), Object(Illuminate\\View\\View))
#11 C:\\xampp\\htdocs\\apply like facebook\\pos6.12\\vendor\\laravel\\framework\\src\\Illuminate\\Pipeline\\Pipeline.php(141): Illuminate\\Routing\\Router->Illuminate\\Routing\\{closure}(Object(Illuminate\\Http\\Request))
#12 C:\\xampp\\htdocs\\apply like facebook\\pos6.12\\vendor\\laravel\\framework\\src\\Illuminate\\Auth\\Middleware\\Authorize.php(45): Illuminate\\Pipeline\\Pipeline->Illuminate\\Pipeline\\{closure}(Object(Illuminate\\Http\\Request))
#13 C:\\xampp\\htdocs\\apply like facebook\\pos6.12\\vendor\\laravel\\framework\\src\\Illuminate\\Pipeline\\Pipeline.php(180): Illuminate\\Auth\\Middleware\\Authorize->handle(Object(Illuminate\\Http\\Request), Object(Closure), 'loan_management...')
#14 C:\\xampp\\htdocs\\apply like facebook\\pos6.12\\app\\Http\\Middleware\\CheckUserLogin.php(22): Illuminate\\Pipeline\\Pipeline->Illuminate\\Pipeline\\{closure}(Object(Illuminate\\Http\\Request))
#15 C:\\xampp\\htdocs\\apply like facebook\\pos6.12\\vendor\\laravel\\framework\\src\\Illuminate\\Pipeline\\Pipeline.php(180): App\\Http\\Middleware\\CheckUserLogin->handle(Object(Illuminate\\Http\\Request), Object(Closure))
#16 C:\\xampp\\htdocs\\apply like facebook\\pos6.12\\app\\Http\\Middleware\\AdminSidebarMenu.php(901): Illuminate\\Pipeline\\Pipeline->Illuminate\\Pipeline\\{closure}(Object(Illuminate\\Http\\Request))
#17 C:\\xampp\\htdocs\\apply like facebook\\pos6.12\\vendor\\laravel\\framework\\src\\Illuminate\\Pipeline\\Pipeline.php(180): App\\Http\\Middleware\\AdminSidebarMenu->handle(Object(Illuminate\\Http\\Request), Object(Closure))
#18 C:\\xampp\\htdocs\\apply like facebook\\pos6.12\\app\\Http\\Middleware\\Timezone.php(30): Illuminate\\Pipeline\\Pipeline->Illuminate\\Pipeline\\{closure}(Object(Illuminate\\Http\\Request))
#19 C:\\xampp\\htdocs\\apply like facebook\\pos6.12\\vendor\\laravel\\framework\\src\\Illuminate\\Pipeline\\Pipeline.php(180): App\\Http\\Middleware\\Timezone->handle(Object(Illuminate\\Http\\Request), Object(Closure))
#20 C:\\xampp\\htdocs\\apply like facebook\\pos6.12\\app\\Http\\Middleware\\Language.php(25): Illuminate\\Pipeline\\Pipeline->Illuminate\\Pipeline\\{closure}(Object(Illuminate\\Http\\Request))
#21 C:\\xampp\\htdocs\\apply like facebook\\pos6.12\\vendor\\laravel\\framework\\src\\Illuminate\\Pipeline\\Pipeline.php(180): App\\Http\\Middleware\\Language->handle(Object(Illuminate\\Http\\Request), Object(Closure))
#22 C:\\xampp\\htdocs\\apply like facebook\\pos6.12\\app\\Http\\Middleware\\SetSessionData.php(52): Illuminate\\Pipeline\\Pipeline->Illuminate\\Pipeline\\{closure}(Object(Illuminate\\Http\\Request))
#23 C:\\xampp\\htdocs\\apply like facebook\\pos6.12\\vendor\\laravel\\framework\\src\\Illuminate\\Pipeline\\Pipeline.php(180): App\\Http\\Middleware\\SetSessionData->handle(Object(Illuminate\\Http\\Request), Object(Closure))
#24 C:\\xampp\\htdocs\\apply like facebook\\pos6.12\\vendor\\barryvdh\\laravel-debugbar\\src\\Middleware\\InjectDebugbar.php(59): Illuminate\\Pipeline\\Pipeline->Illuminate\\Pipeline\\{closure}(Object(Illuminate\\Http\\Request))
#25 C:\\xampp\\htdocs\\apply like facebook\\pos6.12\\vendor\\laravel\\framework\\src\\Illuminate\\Pipeline\\Pipeline.php(180): Barryvdh\\Debugbar\\Middleware\\InjectDebugbar->handle(Object(Illuminate\\Http\\Request), Object(Closure))
#26 C:\\xampp\\htdocs\\apply like facebook\\pos6.12\\vendor\\laravel\\framework\\src\\Illuminate\\Routing\\Middleware\\SubstituteBindings.php(50): Illuminate\\Pipeline\\Pipeline->Illuminate\\Pipeline\\{closure}(Object(Illuminate\\Http\\Request))
#27 C:\\xampp\\htdocs\\apply like facebook\\pos6.12\\vendor\\laravel\\framework\\src\\Illuminate\\Pipeline\\Pipeline.php(180): Illuminate\\Routing\\Middleware\\SubstituteBindings->handle(Object(Illuminate\\Http\\Request), Object(Closure))
#28 C:\\xampp\\htdocs\\apply like facebook\\pos6.12\\vendor\\laravel\\framework\\src\\Illuminate\\Auth\\Middleware\\Authenticate.php(44): Illuminate\\Pipeline\\Pipeline->Illuminate\\Pipeline\\{closure}(Object(Illuminate\\Http\\Request))
#29 C:\\xampp\\htdocs\\apply like facebook\\pos6.12\\vendor\\laravel\\framework\\src\\Illuminate\\Pipeline\\Pipeline.php(180): Illuminate\\Auth\\Middleware\\Authenticate->handle(Object(Illuminate\\Http\\Request), Object(Closure))
#30 C:\\xampp\\htdocs\\apply like facebook\\pos6.12\\vendor\\laravel\\framework\\src\\Illuminate\\Foundation\\Http\\Middleware\\VerifyCsrfToken.php(78): Illuminate\\Pipeline\\Pipeline->Illuminate\\Pipeline\\{closure}(Object(Illuminate\\Http\\Request))
#31 C:\\xampp\\htdocs\\apply like facebook\\pos6.12\\vendor\\laravel\\framework\\src\\Illuminate\\Pipeline\\Pipeline.php(180): Illuminate\\Foundation\\Http\\Middleware\\VerifyCsrfToken->handle(Object(Illuminate\\Http\\Request), Object(Closure))
#32 C:\\xampp\\htdocs\\apply like facebook\\pos6.12\\vendor\\laravel\\framework\\src\\Illuminate\\View\\Middleware\\ShareErrorsFromSession.php(49): Illuminate\\Pipeline\\Pipeline->Illuminate\\Pipeline\\{closure}(Object(Illuminate\\Http\\Request))
#33 C:\\xampp\\htdocs\\apply like facebook\\pos6.12\\vendor\\laravel\\framework\\src\\Illuminate\\Pipeline\\Pipeline.php(180): Illuminate\\View\\Middleware\\ShareErrorsFromSession->handle(Object(Illuminate\\Http\\Request), Object(Closure))
#34 C:\\xampp\\htdocs\\apply like facebook\\pos6.12\\vendor\\laravel\\framework\\src\\Illuminate\\Session\\Middleware\\StartSession.php(121): Illuminate\\Pipeline\\Pipeline->Illuminate\\Pipeline\\{closure}(Object(Illuminate\\Http\\Request))
#35 C:\\xampp\\htdocs\\apply like facebook\\pos6.12\\vendor\\laravel\\framework\\src\\Illuminate\\Session\\Middleware\\StartSession.php(64): Illuminate\\Session\\Middleware\\StartSession->handleStatefulRequest(Object(Illuminate\\Http\\Request), Object(Illuminate\\Session\\Store), Object(Closure))
#36 C:\\xampp\\htdocs\\apply like facebook\\pos6.12\\vendor\\laravel\\framework\\src\\Illuminate\\Pipeline\\Pipeline.php(180): Illuminate\\Session\\Middleware\\StartSession->handle(Object(Illuminate\\Http\\Request), Object(Closure))
#37 C:\\xampp\\htdocs\\apply like facebook\\pos6.12\\vendor\\laravel\\framework\\src\\Illuminate\\Cookie\\Middleware\\AddQueuedCookiesToResponse.php(37): Illuminate\\Pipeline\\Pipeline->Illuminate\\Pipeline\\{closure}(Object(Illuminate\\Http\\Request))
#38 C:\\xampp\\htdocs\\apply like facebook\\pos6.12\\vendor\\laravel\\framework\\src\\Illuminate\\Pipeline\\Pipeline.php(180): Illuminate\\Cookie\\Middleware\\AddQueuedCookiesToResponse->handle(Object(Illuminate\\Http\\Request), Object(Closure))
#39 C:\\xampp\\htdocs\\apply like facebook\\pos6.12\\vendor\\laravel\\framework\\src\\Illuminate\\Cookie\\Middleware\\EncryptCookies.php(67): Illuminate\\Pipeline\\Pipeline->Illuminate\\Pipeline\\{closure}(Object(Illuminate\\Http\\Request))
#40 C:\\xampp\\htdocs\\apply like facebook\\pos6.12\\vendor\\laravel\\framework\\src\\Illuminate\\Pipeline\\Pipeline.php(180): Illuminate\\Cookie\\Middleware\\EncryptCookies->handle(Object(Illuminate\\Http\\Request), Object(Closure))
#41 C:\\xampp\\htdocs\\apply like facebook\\pos6.12\\vendor\\laravel\\framework\\src\\Illuminate\\Pipeline\\Pipeline.php(116): Illuminate\\Pipeline\\Pipeline->Illuminate\\Pipeline\\{closure}(Object(Illuminate\\Http\\Request))
#42 C:\\xampp\\htdocs\\apply like facebook\\pos6.12\\vendor\\laravel\\framework\\src\\Illuminate\\Routing\\Router.php(797): Illuminate\\Pipeline\\Pipeline->then(Object(Closure))
#43 C:\\xampp\\htdocs\\apply like facebook\\pos6.12\\vendor\\laravel\\framework\\src\\Illuminate\\Routing\\Router.php(776): Illuminate\\Routing\\Router->runRouteWithinStack(Object(Illuminate\\Routing\\Route), Object(Illuminate\\Http\\Request))
#44 C:\\xampp\\htdocs\\apply like facebook\\pos6.12\\vendor\\laravel\\framework\\src\\Illuminate\\Routing\\Router.php(740): Illuminate\\Routing\\Router->runRoute(Object(Illuminate\\Http\\Request), Object(Illuminate\\Routing\\Route))
#45 C:\\xampp\\htdocs\\apply like facebook\\pos6.12\\vendor\\laravel\\framework\\src\\Illuminate\\Routing\\Router.php(729): Illuminate\\Routing\\Router->dispatchToRoute(Object(Illuminate\\Http\\Request))
#46 C:\\xampp\\htdocs\\apply like facebook\\pos6.12\\vendor\\laravel\\framework\\src\\Illuminate\\Foundation\\Http\\Kernel.php(190): Illuminate\\Routing\\Router->dispatch(Object(Illuminate\\Http\\Request))
#47 C:\\xampp\\htdocs\\apply like facebook\\pos6.12\\vendor\\laravel\\framework\\src\\Illuminate\\Pipeline\\Pipeline.php(141): Illuminate\\Foundation\\Http\\Kernel->Illuminate\\Foundation\\Http\\{closure}(Object(Illuminate\\Http\\Request))
#48 C:\\xampp\\htdocs\\apply like facebook\\pos6.12\\vendor\\barryvdh\\laravel-debugbar\\src\\Middleware\\InjectDebugbar.php(59): Illuminate\\Pipeline\\Pipeline->Illuminate\\Pipeline\\{closure}(Object(Illuminate\\Http\\Request))
#49 C:\\xampp\\htdocs\\apply like facebook\\pos6.12\\vendor\\laravel\\framework\\src\\Illuminate\\Pipeline\\Pipeline.php(180): Barryvdh\\Debugbar\\Middleware\\InjectDebugbar->handle(Object(Illuminate\\Http\\Request), Object(Closure))
#50 C:\\xampp\\htdocs\\apply like facebook\\pos6.12\\vendor\\laravel\\framework\\src\\Illuminate\\Foundation\\Http\\Middleware\\TransformsRequest.php(21): Illuminate\\Pipeline\\Pipeline->Illuminate\\Pipeline\\{closure}(Object(Illuminate\\Http\\Request))
#51 C:\\xampp\\htdocs\\apply like facebook\\pos6.12\\vendor\\laravel\\framework\\src\\Illuminate\\Foundation\\Http\\Middleware\\ConvertEmptyStringsToNull.php(31): Illuminate\\Foundation\\Http\\Middleware\\TransformsRequest->handle(Object(Illuminate\\Http\\Request), Object(Closure))
#52 C:\\xampp\\htdocs\\apply like facebook\\pos6.12\\vendor\\laravel\\framework\\src\\Illuminate\\Pipeline\\Pipeline.php(180): Illuminate\\Foundation\\Http\\Middleware\\ConvertEmptyStringsToNull->handle(Object(Illuminate\\Http\\Request), Object(Closure))
#53 C:\\xampp\\htdocs\\apply like facebook\\pos6.12\\vendor\\laravel\\framework\\src\\Illuminate\\Foundation\\Http\\Middleware\\TransformsRequest.php(21): Illuminate\\Pipeline\\Pipeline->Illuminate\\Pipeline\\{closure}(Object(Illuminate\\Http\\Request))
#54 C:\\xampp\\htdocs\\apply like facebook\\pos6.12\\vendor\\laravel\\framework\\src\\Illuminate\\Foundation\\Http\\Middleware\\TrimStrings.php(40): Illuminate\\Foundation\\Http\\Middleware\\TransformsRequest->handle(Object(Illuminate\\Http\\Request), Object(Closure))
#55 C:\\xampp\\htdocs\\apply like facebook\\pos6.12\\vendor\\laravel\\framework\\src\\Illuminate\\Pipeline\\Pipeline.php(180): Illuminate\\Foundation\\Http\\Middleware\\TrimStrings->handle(Object(Illuminate\\Http\\Request), Object(Closure))
#56 C:\\xampp\\htdocs\\apply like facebook\\pos6.12\\vendor\\laravel\\framework\\src\\Illuminate\\Foundation\\Http\\Middleware\\ValidatePostSize.php(27): Illuminate\\Pipeline\\Pipeline->Illuminate\\Pipeline\\{closure}(Object(Illuminate\\Http\\Request))
#57 C:\\xampp\\htdocs\\apply like facebook\\pos6.12\\vendor\\laravel\\framework\\src\\Illuminate\\Pipeline\\Pipeline.php(180): Illuminate\\Foundation\\Http\\Middleware\\ValidatePostSize->handle(Object(Illuminate\\Http\\Request), Object(Closure))
#58 C:\\xampp\\htdocs\\apply like facebook\\pos6.12\\vendor\\laravel\\framework\\src\\Illuminate\\Foundation\\Http\\Middleware\\PreventRequestsDuringMaintenance.php(86): Illuminate\\Pipeline\\Pipeline->Illuminate\\Pipeline\\{closure}(Object(Illuminate\\Http\\Request))
#59 C:\\xampp\\htdocs\\apply like facebook\\pos6.12\\vendor\\laravel\\framework\\src\\Illuminate\\Pipeline\\Pipeline.php(180): Illuminate\\Foundation\\Http\\Middleware\\PreventRequestsDuringMaintenance->handle(Object(Illuminate\\Http\\Request), Object(Closure))
#60 C:\\xampp\\htdocs\\apply like facebook\\pos6.12\\vendor\\laravel\\framework\\src\\Illuminate\\Http\\Middleware\\HandleCors.php(49): Illuminate\\Pipeline\\Pipeline->Illuminate\\Pipeline\\{closure}(Object(Illuminate\\Http\\Request))
#61 C:\\xampp\\htdocs\\apply like facebook\\pos6.12\\vendor\\laravel\\framework\\src\\Illuminate\\Pipeline\\Pipeline.php(180): Illuminate\\Http\\Middleware\\HandleCors->handle(Object(Illuminate\\Http\\Request), Object(Closure))
#62 C:\\xampp\\htdocs\\apply like facebook\\pos6.12\\vendor\\laravel\\framework\\src\\Illuminate\\Http\\Middleware\\TrustProxies.php(39): Illuminate\\Pipeline\\Pipeline->Illuminate\\Pipeline\\{closure}(Object(Illuminate\\Http\\Request))
#63 C:\\xampp\\htdocs\\apply like facebook\\pos6.12\\vendor\\laravel\\framework\\src\\Illuminate\\Pipeline\\Pipeline.php(180): Illuminate\\Http\\Middleware\\TrustProxies->handle(Object(Illuminate\\Http\\Request), Object(Closure))
#64 C:\\xampp\\htdocs\\apply like facebook\\pos6.12\\vendor\\laravel\\framework\\src\\Illuminate\\Pipeline\\Pipeline.php(116): Illuminate\\Pipeline\\Pipeline->Illuminate\\Pipeline\\{closure}(Object(Illuminate\\Http\\Request))
#65 C:\\xampp\\htdocs\\apply like facebook\\pos6.12\\vendor\\laravel\\framework\\src\\Illuminate\\Foundation\\Http\\Kernel.php(165): Illuminate\\Pipeline\\Pipeline->then(Object(Closure))
#66 C:\\xampp\\htdocs\\apply like facebook\\pos6.12\\vendor\\laravel\\framework\\src\\Illuminate\\Foundation\\Http\\Kernel.php(134): Illuminate\\Foundation\\Http\\Kernel->sendRequestThroughRouter(Object(Illuminate\\Http\\Request))
#67 C:\\xampp\\htdocs\\apply like facebook\\pos6.12\\public\\index.php(56): Illuminate\\Foundation\\Http\\Kernel->handle(Object(Illuminate\\Http\\Request))
#68 C:\\xampp\\htdocs\\apply like facebook\\pos6.12\\vendor\\laravel\\framework\\src\\Illuminate\\Foundation\\resources\\server.php(16): require_once('C:\\\\xampp\\\\htdocs...')
#69 {main}
"} 
[2026-05-24 10:45:35] local.ERROR: Command "server" is not defined.

Did you mean one of these?
    make:observer
    serve {"exception":"[object] (Symfony\\Component\\Console\\Exception\\CommandNotFoundException(code: 0): Command \"server\" is not defined.

Did you mean one of these?
    make:observer
    serve at C:\\xampp\\htdocs\\apply like facebook\\pos6.12\\vendor\\symfony\\console\\Application.php:745)
[stacktrace]
#0 C:\\xampp\\htdocs\\apply like facebook\\pos6.12\\vendor\\symfony\\console\\Application.php(266): Symfony\\Component\\Console\\Application->find('server')
#1 C:\\xampp\\htdocs\\apply like facebook\\pos6.12\\vendor\\symfony\\console\\Application.php(175): Symfony\\Component\\Console\\Application->doRun(Object(Symfony\\Component\\Console\\Input\\ArgvInput), Object(Symfony\\Component\\Console\\Output\\ConsoleOutput))
#2 C:\\xampp\\htdocs\\apply like facebook\\pos6.12\\vendor\\laravel\\framework\\src\\Illuminate\\Console\\Application.php(102): Symfony\\Component\\Console\\Application->run(Object(Symfony\\Component\\Console\\Input\\ArgvInput), Object(Symfony\\Component\\Console\\Output\\ConsoleOutput))
#3 C:\\xampp\\htdocs\\apply like facebook\\pos6.12\\vendor\\laravel\\framework\\src\\Illuminate\\Foundation\\Console\\Kernel.php(155): Illuminate\\Console\\Application->run(Object(Symfony\\Component\\Console\\Input\\ArgvInput), Object(Symfony\\Component\\Console\\Output\\ConsoleOutput))
#4 C:\\xampp\\htdocs\\apply like facebook\\pos6.12\\artisan(35): Illuminate\\Foundation\\Console\\Kernel->handle(Object(Symfony\\Component\\Console\\Input\\ArgvInput), Object(Symfony\\Component\\Console\\Output\\ConsoleOutput))
#5 {main}
"} 
[2026-05-24 13:04:53] local.ERROR: file_put_contents(C:\xampp\htdocs\apply like facebook\pos6.12\storage\framework/cache/data/85/5f/855f92484c8c414d36c1b25cb24876e30229cbbf): Failed to open stream: Permission denied {"userId":1,"exception":"[object] (Spatie\\LaravelIgnition\\Exceptions\\ViewException(code: 0): file_put_contents(C:\\xampp\\htdocs\\apply like facebook\\pos6.12\\storage\\framework/cache/data/85/5f/855f92484c8c414d36c1b25cb24876e30229cbbf): Failed to open stream: Permission denied at C:\\xampp\\htdocs\\apply like facebook\\pos6.12\\vendor\\laravel\\framework\\src\\Illuminate\\Filesystem\\Filesystem.php:190)
[stacktrace]
#0 C:\\xampp\\htdocs\\apply like facebook\\pos6.12\\vendor\\laravel\\framework\\src\\Illuminate\\Foundation\\Bootstrap\\HandleExceptions.php(270): Illuminate\\Foundation\\Bootstrap\\HandleExceptions->handleError(2, 'file_put_conten...', 'C:\\\\xampp\\\\htdocs...', 190)
#1 [internal function]: Illuminate\\Foundation\\Bootstrap\\HandleExceptions->Illuminate\\Foundation\\Bootstrap\\{closure}(2, 'file_put_conten...', 'C:\\\\xampp\\\\htdocs...', 190)
#2 C:\\xampp\\htdocs\\apply like facebook\\pos6.12\\vendor\\laravel\\framework\\src\\Illuminate\\Filesystem\\Filesystem.php(190): file_put_contents('C:\\\\xampp\\\\htdocs...', '1779689093a:3:{...', 2)
#3 C:\\xampp\\htdocs\\apply like facebook\\pos6.12\\vendor\\laravel\\framework\\src\\Illuminate\\Cache\\FileStore.php(76): Illuminate\\Filesystem\\Filesystem->put('C:\\\\xampp\\\\htdocs...', '1779689093a:3:{...', true)
#4 C:\\xampp\\htdocs\\apply like facebook\\pos6.12\\vendor\\laravel\\framework\\src\\Illuminate\\Cache\\Repository.php(217): Illuminate\\Cache\\FileStore->put('spatie.permissi...', Array, 86400)
#5 C:\\xampp\\htdocs\\apply like facebook\\pos6.12\\vendor\\laravel\\framework\\src\\Illuminate\\Cache\\Repository.php(399): Illuminate\\Cache\\Repository->put('spatie.permissi...', Array, Object(DateInterval))
#6 C:\\xampp\\htdocs\\apply like facebook\\pos6.12\\vendor\\spatie\\laravel-permission\\src\\PermissionRegistrar.php(173): Illuminate\\Cache\\Repository->remember('spatie.permissi...', Object(DateInterval), Object(Closure))
#7 C:\\xampp\\htdocs\\apply like facebook\\pos6.12\\vendor\\spatie\\laravel-permission\\src\\PermissionRegistrar.php(199): Spatie\\Permission\\PermissionRegistrar->loadPermissions()
#8 C:\\xampp\\htdocs\\apply like facebook\\pos6.12\\vendor\\spatie\\laravel-permission\\src\\Models\\Permission.php(145): Spatie\\Permission\\PermissionRegistrar->getPermissions(Array, true)
#9 C:\\xampp\\htdocs\\apply like facebook\\pos6.12\\vendor\\spatie\\laravel-permission\\src\\Models\\Permission.php(155): Spatie\\Permission\\Models\\Permission::getPermissions(Array, true)
#10 C:\\xampp\\htdocs\\apply like facebook\\pos6.12\\vendor\\spatie\\laravel-permission\\src\\Models\\Permission.php(94): Spatie\\Permission\\Models\\Permission::getPermission(Array)
#11 C:\\xampp\\htdocs\\apply like facebook\\pos6.12\\vendor\\spatie\\laravel-permission\\src\\Traits\\HasPermissions.php(157): Spatie\\Permission\\Models\\Permission::findByName('loan_management...', 'web')
#12 C:\\xampp\\htdocs\\apply like facebook\\pos6.12\\vendor\\spatie\\laravel-permission\\src\\Traits\\HasPermissions.php(191): App\\User->filterPermission('loan_management...', NULL)
#13 C:\\xampp\\htdocs\\apply like facebook\\pos6.12\\vendor\\spatie\\laravel-permission\\src\\Traits\\HasPermissions.php(244): App\\User->hasPermissionTo('loan_management...', NULL)
#14 C:\\xampp\\htdocs\\apply like facebook\\pos6.12\\vendor\\spatie\\laravel-permission\\src\\PermissionRegistrar.php(136): App\\User->checkPermissionTo('loan_management...')
#15 C:\\xampp\\htdocs\\apply like facebook\\pos6.12\\vendor\\laravel\\framework\\src\\Illuminate\\Auth\\Access\\Gate.php(553): Spatie\\Permission\\PermissionRegistrar->Spatie\\Permission\\{closure}(Object(App\\User), 'loan_management...', Array)
#16 C:\\xampp\\htdocs\\apply like facebook\\pos6.12\\vendor\\laravel\\framework\\src\\Illuminate\\Auth\\Access\\Gate.php(425): Illuminate\\Auth\\Access\\Gate->callBeforeCallbacks(Object(App\\User), 'loan_management...', Array)
#17 C:\\xampp\\htdocs\\apply like facebook\\pos6.12\\vendor\\laravel\\framework\\src\\Illuminate\\Auth\\Access\\Gate.php(395): Illuminate\\Auth\\Access\\Gate->raw('loan_management...', Array)
#18 C:\\xampp\\htdocs\\apply like facebook\\pos6.12\\vendor\\laravel\\framework\\src\\Illuminate\\Auth\\Access\\Gate.php(343): Illuminate\\Auth\\Access\\Gate->inspect('loan_management...', Array)
#19 C:\\xampp\\htdocs\\apply like facebook\\pos6.12\\vendor\\laravel\\framework\\src\\Illuminate\\Collections\\Traits\\EnumeratesValues.php(272): Illuminate\\Auth\\Access\\Gate->Illuminate\\Auth\\Access\\{closure}('loan_management...', 0)
#20 C:\\xampp\\htdocs\\apply like facebook\\pos6.12\\vendor\\laravel\\framework\\src\\Illuminate\\Auth\\Access\\Gate.php(342): Illuminate\\Support\\Collection->every(Object(Closure))
#21 C:\\xampp\\htdocs\\apply like facebook\\pos6.12\\vendor\\laravel\\framework\\src\\Illuminate\\Foundation\\Auth\\Access\\Authorizable.php(18): Illuminate\\Auth\\Access\\Gate->check('loan_management...', Array)
#22 C:\\xampp\\htdocs\\apply like facebook\\pos6.12\\Modules\\LoanManagement\\Http\\Controllers\\DataController.php(93): Illuminate\\Foundation\\Auth\\User->can('loan_management...')
#23 [internal function]: Modules\\LoanManagement\\Http\\Controllers\\DataController->get_additional_script()
#24 C:\\xampp\\htdocs\\apply like facebook\\pos6.12\\app\\Utils\\ModuleUtil.php(109): call_user_func(Array)
#25 C:\\xampp\\htdocs\\apply like facebook\\pos6.12\\app\\Providers\\AppServiceProvider.php(103): App\\Utils\\ModuleUtil->getModuleData('get_additional_...')
#26 C:\\xampp\\htdocs\\apply like facebook\\pos6.12\\vendor\\laravel\\framework\\src\\Illuminate\\View\\Concerns\\ManagesEvents.php(162): App\\Providers\\AppServiceProvider->App\\Providers\\{closure}(Object(Illuminate\\View\\View))
#27 C:\\xampp\\htdocs\\apply like facebook\\pos6.12\\vendor\\laravel\\framework\\src\\Illuminate\\Events\\Dispatcher.php(418): Illuminate\\View\\Factory->Illuminate\\View\\Concerns\\{closure}('composing: layo...', Array)
#28 C:\\xampp\\htdocs\\apply like facebook\\pos6.12\\vendor\\laravel\\framework\\src\\Illuminate\\Events\\Dispatcher.php(249): Illuminate\\Events\\Dispatcher->Illuminate\\Events\\{closure}('composing: layo...', Array)
#29 C:\\xampp\\htdocs\\apply like facebook\\pos6.12\\vendor\\laravel\\framework\\src\\Illuminate\\View\\Concerns\\ManagesEvents.php(177): Illuminate\\Events\\Dispatcher->dispatch('composing: layo...', Array)
#30 C:\\xampp\\htdocs\\apply like facebook\\pos6.12\\vendor\\laravel\\framework\\src\\Illuminate\\View\\View.php(176): Illuminate\\View\\Factory->callComposer(Object(Illuminate\\View\\View))
#31 C:\\xampp\\htdocs\\apply like facebook\\pos6.12\\vendor\\laravel\\framework\\src\\Illuminate\\View\\View.php(147): Illuminate\\View\\View->renderContents()
#32 C:\\xampp\\htdocs\\apply like facebook\\pos6.12\\resources\\views\\layouts\\app.blade.php(133): Illuminate\\View\\View->render()
#33 C:\\xampp\\htdocs\\apply like facebook\\pos6.12\\vendor\\laravel\\framework\\src\\Illuminate\\Filesystem\\Filesystem.php(109): require('C:\\\\xampp\\\\htdocs...')
#34 C:\\xampp\\htdocs\\apply like facebook\\pos6.12\\vendor\\laravel\\framework\\src\\Illuminate\\Filesystem\\Filesystem.php(110): Illuminate\\Filesystem\\Filesystem::Illuminate\\Filesystem\\{closure}()
#35 C:\\xampp\\htdocs\\apply like facebook\\pos6.12\\vendor\\laravel\\framework\\src\\Illuminate\\View\\Engines\\PhpEngine.php(58): Illuminate\\Filesystem\\Filesystem->getRequire('C:\\\\xampp\\\\htdocs...', Array)
#36 C:\\xampp\\htdocs\\apply like facebook\\pos6.12\\vendor\\laravel\\framework\\src\\Illuminate\\View\\Engines\\CompilerEngine.php(70): Illuminate\\View\\Engines\\PhpEngine->evaluatePath('C:\\\\xampp\\\\htdocs...', Array)
#37 C:\\xampp\\htdocs\\apply like facebook\\pos6.12\\vendor\\laravel\\framework\\src\\Illuminate\\View\\View.php(195): Illuminate\\View\\Engines\\CompilerEngine->get('C:\\\\xampp\\\\htdocs...', Array)
#38 C:\\xampp\\htdocs\\apply like facebook\\pos6.12\\vendor\\laravel\\framework\\src\\Illuminate\\View\\View.php(178): Illuminate\\View\\View->getContents()
#39 C:\\xampp\\htdocs\\apply like facebook\\pos6.12\\vendor\\laravel\\framework\\src\\Illuminate\\View\\View.php(147): Illuminate\\View\\View->renderContents()
#40 C:\\xampp\\htdocs\\apply like facebook\\pos6.12\\Modules\\LoanManagement\\Resources\\views\\layouts\\app.blade.php(407): Illuminate\\View\\View->render()
#41 C:\\xampp\\htdocs\\apply like facebook\\pos6.12\\vendor\\laravel\\framework\\src\\Illuminate\\Filesystem\\Filesystem.php(109): require('C:\\\\xampp\\\\htdocs...')
#42 C:\\xampp\\htdocs\\apply like facebook\\pos6.12\\vendor\\laravel\\framework\\src\\Illuminate\\Filesystem\\Filesystem.php(110): Illuminate\\Filesystem\\Filesystem::Illuminate\\Filesystem\\{closure}()
#43 C:\\xampp\\htdocs\\apply like facebook\\pos6.12\\vendor\\laravel\\framework\\src\\Illuminate\\View\\Engines\\PhpEngine.php(58): Illuminate\\Filesystem\\Filesystem->getRequire('C:\\\\xampp\\\\htdocs...', Array)
#44 C:\\xampp\\htdocs\\apply like facebook\\pos6.12\\vendor\\laravel\\framework\\src\\Illuminate\\View\\Engines\\CompilerEngine.php(70): Illuminate\\View\\Engines\\PhpEngine->evaluatePath('C:\\\\xampp\\\\htdocs...', Array)
#45 C:\\xampp\\htdocs\\apply like facebook\\pos6.12\\vendor\\laravel\\framework\\src\\Illuminate\\View\\View.php(195): Illuminate\\View\\Engines\\CompilerEngine->get('C:\\\\xampp\\\\htdocs...', Array)
#46 C:\\xampp\\htdocs\\apply like facebook\\pos6.12\\vendor\\laravel\\framework\\src\\Illuminate\\View\\View.php(178): Illuminate\\View\\View->getContents()
#47 C:\\xampp\\htdocs\\apply like facebook\\pos6.12\\vendor\\laravel\\framework\\src\\Illuminate\\View\\View.php(147): Illuminate\\View\\View->renderContents()
#48 C:\\xampp\\htdocs\\apply like facebook\\pos6.12\\Modules\\LoanManagement\\Resources\\views\\loans\\create_from_sell\\clone.blade.php(105): Illuminate\\View\\View->render()
#49 C:\\xampp\\htdocs\\apply like facebook\\pos6.12\\vendor\\laravel\\framework\\src\\Illuminate\\Filesystem\\Filesystem.php(109): require('C:\\\\xampp\\\\htdocs...')
#50 C:\\xampp\\htdocs\\apply like facebook\\pos6.12\\vendor\\laravel\\framework\\src\\Illuminate\\Filesystem\\Filesystem.php(110): Illuminate\\Filesystem\\Filesystem::Illuminate\\Filesystem\\{closure}()
#51 C:\\xampp\\htdocs\\apply like facebook\\pos6.12\\vendor\\laravel\\framework\\src\\Illuminate\\View\\Engines\\PhpEngine.php(58): Illuminate\\Filesystem\\Filesystem->getRequire('C:\\\\xampp\\\\htdocs...', Array)
#52 C:\\xampp\\htdocs\\apply like facebook\\pos6.12\\vendor\\laravel\\framework\\src\\Illuminate\\View\\Engines\\CompilerEngine.php(70): Illuminate\\View\\Engines\\PhpEngine->evaluatePath('C:\\\\xampp\\\\htdocs...', Array)
#53 C:\\xampp\\htdocs\\apply like facebook\\pos6.12\\vendor\\laravel\\framework\\src\\Illuminate\\View\\View.php(195): Illuminate\\View\\Engines\\CompilerEngine->get('C:\\\\xampp\\\\htdocs...', Array)
#54 C:\\xampp\\htdocs\\apply like facebook\\pos6.12\\vendor\\laravel\\framework\\src\\Illuminate\\View\\View.php(178): Illuminate\\View\\View->getContents()
#55 C:\\xampp\\htdocs\\apply like facebook\\pos6.12\\vendor\\laravel\\framework\\src\\Illuminate\\View\\View.php(147): Illuminate\\View\\View->renderContents()
#56 C:\\xampp\\htdocs\\apply like facebook\\pos6.12\\vendor\\laravel\\framework\\src\\Illuminate\\Http\\Response.php(69): Illuminate\\View\\View->render()
#57 C:\\xampp\\htdocs\\apply like facebook\\pos6.12\\vendor\\laravel\\framework\\src\\Illuminate\\Http\\Response.php(35): Illuminate\\Http\\Response->setContent(Object(Illuminate\\View\\View))
#58 C:\\xampp\\htdocs\\apply like facebook\\pos6.12\\vendor\\laravel\\framework\\src\\Illuminate\\Routing\\Router.php(906): Illuminate\\Http\\Response->__construct(Object(Illuminate\\View\\View), 200, Array)
#59 C:\\xampp\\htdocs\\apply like facebook\\pos6.12\\vendor\\laravel\\framework\\src\\Illuminate\\Routing\\Router.php(875): Illuminate\\Routing\\Router::toResponse(Object(Illuminate\\Http\\Request), Object(Illuminate\\View\\View))
#60 C:\\xampp\\htdocs\\apply like facebook\\pos6.12\\vendor\\laravel\\framework\\src\\Illuminate\\Routing\\Router.php(797): Illuminate\\Routing\\Router->prepareResponse(Object(Illuminate\\Http\\Request), Object(Illuminate\\View\\View))
#61 C:\\xampp\\htdocs\\apply like facebook\\pos6.12\\vendor\\laravel\\framework\\src\\Illuminate\\Pipeline\\Pipeline.php(141): Illuminate\\Routing\\Router->Illuminate\\Routing\\{closure}(Object(Illuminate\\Http\\Request))
#62 C:\\xampp\\htdocs\\apply like facebook\\pos6.12\\Modules\\LoanManagement\\Http\\Middleware\\LoanPermissionMiddleware.php(20): Illuminate\\Pipeline\\Pipeline->Illuminate\\Pipeline\\{closure}(Object(Illuminate\\Http\\Request))
#63 C:\\xampp\\htdocs\\apply like facebook\\pos6.12\\vendor\\laravel\\framework\\src\\Illuminate\\Pipeline\\Pipeline.php(180): Modules\\LoanManagement\\Http\\Middleware\\LoanPermissionMiddleware->handle(Object(Illuminate\\Http\\Request), Object(Closure), 'loan_management...')
#64 C:\\xampp\\htdocs\\apply like facebook\\pos6.12\\app\\Http\\Middleware\\CheckUserLogin.php(22): Illuminate\\Pipeline\\Pipeline->Illuminate\\Pipeline\\{closure}(Object(Illuminate\\Http\\Request))
#65 C:\\xampp\\htdocs\\apply like facebook\\pos6.12\\vendor\\laravel\\framework\\src\\Illuminate\\Pipeline\\Pipeline.php(180): App\\Http\\Middleware\\CheckUserLogin->handle(Object(Illuminate\\Http\\Request), Object(Closure))
#66 C:\\xampp\\htdocs\\apply like facebook\\pos6.12\\app\\Http\\Middleware\\AdminSidebarMenu.php(901): Illuminate\\Pipeline\\Pipeline->Illuminate\\Pipeline\\{closure}(Object(Illuminate\\Http\\Request))
#67 C:\\xampp\\htdocs\\apply like facebook\\pos6.12\\vendor\\laravel\\framework\\src\\Illuminate\\Pipeline\\Pipeline.php(180): App\\Http\\Middleware\\AdminSidebarMenu->handle(Object(Illuminate\\Http\\Request), Object(Closure))
#68 C:\\xampp\\htdocs\\apply like facebook\\pos6.12\\app\\Http\\Middleware\\Timezone.php(30): Illuminate\\Pipeline\\Pipeline->Illuminate\\Pipeline\\{closure}(Object(Illuminate\\Http\\Request))
#69 C:\\xampp\\htdocs\\apply like facebook\\pos6.12\\vendor\\laravel\\framework\\src\\Illuminate\\Pipeline\\Pipeline.php(180): App\\Http\\Middleware\\Timezone->handle(Object(Illuminate\\Http\\Request), Object(Closure))
#70 C:\\xampp\\htdocs\\apply like facebook\\pos6.12\\app\\Http\\Middleware\\Language.php(25): Illuminate\\Pipeline\\Pipeline->Illuminate\\Pipeline\\{closure}(Object(Illuminate\\Http\\Request))
#71 C:\\xampp\\htdocs\\apply like facebook\\pos6.12\\vendor\\laravel\\framework\\src\\Illuminate\\Pipeline\\Pipeline.php(180): App\\Http\\Middleware\\Language->handle(Object(Illuminate\\Http\\Request), Object(Closure))
#72 C:\\xampp\\htdocs\\apply like facebook\\pos6.12\\app\\Http\\Middleware\\SetSessionData.php(52): Illuminate\\Pipeline\\Pipeline->Illuminate\\Pipeline\\{closure}(Object(Illuminate\\Http\\Request))
#73 C:\\xampp\\htdocs\\apply like facebook\\pos6.12\\vendor\\laravel\\framework\\src\\Illuminate\\Pipeline\\Pipeline.php(180): App\\Http\\Middleware\\SetSessionData->handle(Object(Illuminate\\Http\\Request), Object(Closure))
#74 C:\\xampp\\htdocs\\apply like facebook\\pos6.12\\vendor\\barryvdh\\laravel-debugbar\\src\\Middleware\\InjectDebugbar.php(59): Illuminate\\Pipeline\\Pipeline->Illuminate\\Pipeline\\{closure}(Object(Illuminate\\Http\\Request))
#75 C:\\xampp\\htdocs\\apply like facebook\\pos6.12\\vendor\\laravel\\framework\\src\\Illuminate\\Pipeline\\Pipeline.php(180): Barryvdh\\Debugbar\\Middleware\\InjectDebugbar->handle(Object(Illuminate\\Http\\Request), Object(Closure))
#76 C:\\xampp\\htdocs\\apply like facebook\\pos6.12\\vendor\\laravel\\framework\\src\\Illuminate\\Routing\\Middleware\\SubstituteBindings.php(50): Illuminate\\Pipeline\\Pipeline->Illuminate\\Pipeline\\{closure}(Object(Illuminate\\Http\\Request))
#77 C:\\xampp\\htdocs\\apply like facebook\\pos6.12\\vendor\\laravel\\framework\\src\\Illuminate\\Pipeline\\Pipeline.php(180): Illuminate\\Routing\\Middleware\\SubstituteBindings->handle(Object(Illuminate\\Http\\Request), Object(Closure))
#78 C:\\xampp\\htdocs\\apply like facebook\\pos6.12\\vendor\\laravel\\framework\\src\\Illuminate\\Auth\\Middleware\\Authenticate.php(44): Illuminate\\Pipeline\\Pipeline->Illuminate\\Pipeline\\{closure}(Object(Illuminate\\Http\\Request))
#79 C:\\xampp\\htdocs\\apply like facebook\\pos6.12\\vendor\\laravel\\framework\\src\\Illuminate\\Pipeline\\Pipeline.php(180): Illuminate\\Auth\\Middleware\\Authenticate->handle(Object(Illuminate\\Http\\Request), Object(Closure))
#80 C:\\xampp\\htdocs\\apply like facebook\\pos6.12\\vendor\\laravel\\framework\\src\\Illuminate\\Foundation\\Http\\Middleware\\VerifyCsrfToken.php(78): Illuminate\\Pipeline\\Pipeline->Illuminate\\Pipeline\\{closure}(Object(Illuminate\\Http\\Request))
#81 C:\\xampp\\htdocs\\apply like facebook\\pos6.12\\vendor\\laravel\\framework\\src\\Illuminate\\Pipeline\\Pipeline.php(180): Illuminate\\Foundation\\Http\\Middleware\\VerifyCsrfToken->handle(Object(Illuminate\\Http\\Request), Object(Closure))
#82 C:\\xampp\\htdocs\\apply like facebook\\pos6.12\\vendor\\laravel\\framework\\src\\Illuminate\\View\\Middleware\\ShareErrorsFromSession.php(49): Illuminate\\Pipeline\\Pipeline->Illuminate\\Pipeline\\{closure}(Object(Illuminate\\Http\\Request))
#83 C:\\xampp\\htdocs\\apply like facebook\\pos6.12\\vendor\\laravel\\framework\\src\\Illuminate\\Pipeline\\Pipeline.php(180): Illuminate\\View\\Middleware\\ShareErrorsFromSession->handle(Object(Illuminate\\Http\\Request), Object(Closure))
#84 C:\\xampp\\htdocs\\apply like facebook\\pos6.12\\vendor\\laravel\\framework\\src\\Illuminate\\Session\\Middleware\\StartSession.php(121): Illuminate\\Pipeline\\Pipeline->Illuminate\\Pipeline\\{closure}(Object(Illuminate\\Http\\Request))
#85 C:\\xampp\\htdocs\\apply like facebook\\pos6.12\\vendor\\laravel\\framework\\src\\Illuminate\\Session\\Middleware\\StartSession.php(64): Illuminate\\Session\\Middleware\\StartSession->handleStatefulRequest(Object(Illuminate\\Http\\Request), Object(Illuminate\\Session\\Store), Object(Closure))
#86 C:\\xampp\\htdocs\\apply like facebook\\pos6.12\\vendor\\laravel\\framework\\src\\Illuminate\\Pipeline\\Pipeline.php(180): Illuminate\\Session\\Middleware\\StartSession->handle(Object(Illuminate\\Http\\Request), Object(Closure))
#87 C:\\xampp\\htdocs\\apply like facebook\\pos6.12\\vendor\\laravel\\framework\\src\\Illuminate\\Cookie\\Middleware\\AddQueuedCookiesToResponse.php(37): Illuminate\\Pipeline\\Pipeline->Illuminate\\Pipeline\\{closure}(Object(Illuminate\\Http\\Request))
#88 C:\\xampp\\htdocs\\apply like facebook\\pos6.12\\vendor\\laravel\\framework\\src\\Illuminate\\Pipeline\\Pipeline.php(180): Illuminate\\Cookie\\Middleware\\AddQueuedCookiesToResponse->handle(Object(Illuminate\\Http\\Request), Object(Closure))
#89 C:\\xampp\\htdocs\\apply like facebook\\pos6.12\\vendor\\laravel\\framework\\src\\Illuminate\\Cookie\\Middleware\\EncryptCookies.php(67): Illuminate\\Pipeline\\Pipeline->Illuminate\\Pipeline\\{closure}(Object(Illuminate\\Http\\Request))
#90 C:\\xampp\\htdocs\\apply like facebook\\pos6.12\\vendor\\laravel\\framework\\src\\Illuminate\\Pipeline\\Pipeline.php(180): Illuminate\\Cookie\\Middleware\\EncryptCookies->handle(Object(Illuminate\\Http\\Request), Object(Closure))
#91 C:\\xampp\\htdocs\\apply like facebook\\pos6.12\\vendor\\laravel\\framework\\src\\Illuminate\\Pipeline\\Pipeline.php(116): Illuminate\\Pipeline\\Pipeline->Illuminate\\Pipeline\\{closure}(Object(Illuminate\\Http\\Request))
#92 C:\\xampp\\htdocs\\apply like facebook\\pos6.12\\vendor\\laravel\\framework\\src\\Illuminate\\Routing\\Router.php(797): Illuminate\\Pipeline\\Pipeline->then(Object(Closure))
#93 C:\\xampp\\htdocs\\apply like facebook\\pos6.12\\vendor\\laravel\\framework\\src\\Illuminate\\Routing\\Router.php(776): Illuminate\\Routing\\Router->runRouteWithinStack(Object(Illuminate\\Routing\\Route), Object(Illuminate\\Http\\Request))
#94 C:\\xampp\\htdocs\\apply like facebook\\pos6.12\\vendor\\laravel\\framework\\src\\Illuminate\\Routing\\Router.php(740): Illuminate\\Routing\\Router->runRoute(Object(Illuminate\\Http\\Request), Object(Illuminate\\Routing\\Route))
#95 C:\\xampp\\htdocs\\apply like facebook\\pos6.12\\vendor\\laravel\\framework\\src\\Illuminate\\Routing\\Router.php(729): Illuminate\\Routing\\Router->dispatchToRoute(Object(Illuminate\\Http\\Request))
#96 C:\\xampp\\htdocs\\apply like facebook\\pos6.12\\vendor\\laravel\\framework\\src\\Illuminate\\Foundation\\Http\\Kernel.php(190): Illuminate\\Routing\\Router->dispatch(Object(Illuminate\\Http\\Request))
#97 C:\\xampp\\htdocs\\apply like facebook\\pos6.12\\vendor\\laravel\\framework\\src\\Illuminate\\Pipeline\\Pipeline.php(141): Illuminate\\Foundation\\Http\\Kernel->Illuminate\\Foundation\\Http\\{closure}(Object(Illuminate\\Http\\Request))
#98 C:\\xampp\\htdocs\\apply like facebook\\pos6.12\\vendor\\barryvdh\\laravel-debugbar\\src\\Middleware\\InjectDebugbar.php(59): Illuminate\\Pipeline\\Pipeline->Illuminate\\Pipeline\\{closure}(Object(Illuminate\\Http\\Request))
#99 C:\\xampp\\htdocs\\apply like facebook\\pos6.12\\vendor\\laravel\\framework\\src\\Illuminate\\Pipeline\\Pipeline.php(180): Barryvdh\\Debugbar\\Middleware\\InjectDebugbar->handle(Object(Illuminate\\Http\\Request), Object(Closure))
#100 C:\\xampp\\htdocs\\apply like facebook\\pos6.12\\vendor\\laravel\\framework\\src\\Illuminate\\Foundation\\Http\\Middleware\\TransformsRequest.php(21): Illuminate\\Pipeline\\Pipeline->Illuminate\\Pipeline\\{closure}(Object(Illuminate\\Http\\Request))
#101 C:\\xampp\\htdocs\\apply like facebook\\pos6.12\\vendor\\laravel\\framework\\src\\Illuminate\\Foundation\\Http\\Middleware\\ConvertEmptyStringsToNull.php(31): Illuminate\\Foundation\\Http\\Middleware\\TransformsRequest->handle(Object(Illuminate\\Http\\Request), Object(Closure))
#102 C:\\xampp\\htdocs\\apply like facebook\\pos6.12\\vendor\\laravel\\framework\\src\\Illuminate\\Pipeline\\Pipeline.php(180): Illuminate\\Foundation\\Http\\Middleware\\ConvertEmptyStringsToNull->handle(Object(Illuminate\\Http\\Request), Object(Closure))
#103 C:\\xampp\\htdocs\\apply like facebook\\pos6.12\\vendor\\laravel\\framework\\src\\Illuminate\\Foundation\\Http\\Middleware\\TransformsRequest.php(21): Illuminate\\Pipeline\\Pipeline->Illuminate\\Pipeline\\{closure}(Object(Illuminate\\Http\\Request))
#104 C:\\xampp\\htdocs\\apply like facebook\\pos6.12\\vendor\\laravel\\framework\\src\\Illuminate\\Foundation\\Http\\Middleware\\TrimStrings.php(40): Illuminate\\Foundation\\Http\\Middleware\\TransformsRequest->handle(Object(Illuminate\\Http\\Request), Object(Closure))
#105 C:\\xampp\\htdocs\\apply like facebook\\pos6.12\\vendor\\laravel\\framework\\src\\Illuminate\\Pipeline\\Pipeline.php(180): Illuminate\\Foundation\\Http\\Middleware\\TrimStrings->handle(Object(Illuminate\\Http\\Request), Object(Closure))
#106 C:\\xampp\\htdocs\\apply like facebook\\pos6.12\\vendor\\laravel\\framework\\src\\Illuminate\\Foundation\\Http\\Middleware\\ValidatePostSize.php(27): Illuminate\\Pipeline\\Pipeline->Illuminate\\Pipeline\\{closure}(Object(Illuminate\\Http\\Request))
#107 C:\\xampp\\htdocs\\apply like facebook\\pos6.12\\vendor\\laravel\\framework\\src\\Illuminate\\Pipeline\\Pipeline.php(180): Illuminate\\Foundation\\Http\\Middleware\\ValidatePostSize->handle(Object(Illuminate\\Http\\Request), Object(Closure))
#108 C:\\xampp\\htdocs\\apply like facebook\\pos6.12\\vendor\\laravel\\framework\\src\\Illuminate\\Foundation\\Http\\Middleware\\PreventRequestsDuringMaintenance.php(86): Illuminate\\Pipeline\\Pipeline->Illuminate\\Pipeline\\{closure}(Object(Illuminate\\Http\\Request))
#109 C:\\xampp\\htdocs\\apply like facebook\\pos6.12\\vendor\\laravel\\framework\\src\\Illuminate\\Pipeline\\Pipeline.php(180): Illuminate\\Foundation\\Http\\Middleware\\PreventRequestsDuringMaintenance->handle(Object(Illuminate\\Http\\Request), Object(Closure))
#110 C:\\xampp\\htdocs\\apply like facebook\\pos6.12\\vendor\\laravel\\framework\\src\\Illuminate\\Http\\Middleware\\HandleCors.php(49): Illuminate\\Pipeline\\Pipeline->Illuminate\\Pipeline\\{closure}(Object(Illuminate\\Http\\Request))
#111 C:\\xampp\\htdocs\\apply like facebook\\pos6.12\\vendor\\laravel\\framework\\src\\Illuminate\\Pipeline\\Pipeline.php(180): Illuminate\\Http\\Middleware\\HandleCors->handle(Object(Illuminate\\Http\\Request), Object(Closure))
#112 C:\\xampp\\htdocs\\apply like facebook\\pos6.12\\vendor\\laravel\\framework\\src\\Illuminate\\Http\\Middleware\\TrustProxies.php(39): Illuminate\\Pipeline\\Pipeline->Illuminate\\Pipeline\\{closure}(Object(Illuminate\\Http\\Request))
#113 C:\\xampp\\htdocs\\apply like facebook\\pos6.12\\vendor\\laravel\\framework\\src\\Illuminate\\Pipeline\\Pipeline.php(180): Illuminate\\Http\\Middleware\\TrustProxies->handle(Object(Illuminate\\Http\\Request), Object(Closure))
#114 C:\\xampp\\htdocs\\apply like facebook\\pos6.12\\vendor\\laravel\\framework\\src\\Illuminate\\Pipeline\\Pipeline.php(116): Illuminate\\Pipeline\\Pipeline->Illuminate\\Pipeline\\{closure}(Object(Illuminate\\Http\\Request))
#115 C:\\xampp\\htdocs\\apply like facebook\\pos6.12\\vendor\\laravel\\framework\\src\\Illuminate\\Foundation\\Http\\Kernel.php(165): Illuminate\\Pipeline\\Pipeline->then(Object(Closure))
#116 C:\\xampp\\htdocs\\apply like facebook\\pos6.12\\vendor\\laravel\\framework\\src\\Illuminate\\Foundation\\Http\\Kernel.php(134): Illuminate\\Foundation\\Http\\Kernel->sendRequestThroughRouter(Object(Illuminate\\Http\\Request))
#117 C:\\xampp\\htdocs\\apply like facebook\\pos6.12\\public\\index.php(56): Illuminate\\Foundation\\Http\\Kernel->handle(Object(Illuminate\\Http\\Request))
#118 C:\\xampp\\htdocs\\apply like facebook\\pos6.12\\vendor\\laravel\\framework\\src\\Illuminate\\Foundation\\resources\\server.php(16): require_once('C:\\\\xampp\\\\htdocs...')
#119 {main}

[previous exception] [object] (ErrorException(code: 0): file_put_contents(C:\\xampp\\htdocs\\apply like facebook\\pos6.12\\storage\\framework/cache/data/85/5f/855f92484c8c414d36c1b25cb24876e30229cbbf): Failed to open stream: Permission denied at C:\\xampp\\htdocs\\apply like facebook\\pos6.12\\vendor\\laravel\\framework\\src\\Illuminate\\Filesystem\\Filesystem.php:190)
[stacktrace]
#0 C:\\xampp\\htdocs\\apply like facebook\\pos6.12\\vendor\\laravel\\framework\\src\\Illuminate\\Foundation\\Bootstrap\\HandleExceptions.php(270): Illuminate\\Foundation\\Bootstrap\\HandleExceptions->handleError(2, 'file_put_conten...', 'C:\\\\xampp\\\\htdocs...', 190)
#1 [internal function]: Illuminate\\Foundation\\Bootstrap\\HandleExceptions->Illuminate\\Foundation\\Bootstrap\\{closure}(2, 'file_put_conten...', 'C:\\\\xampp\\\\htdocs...', 190)
#2 C:\\xampp\\htdocs\\apply like facebook\\pos6.12\\vendor\\laravel\\framework\\src\\Illuminate\\Filesystem\\Filesystem.php(190): file_put_contents('C:\\\\xampp\\\\htdocs...', '1779689093a:3:{...', 2)
#3 C:\\xampp\\htdocs\\apply like facebook\\pos6.12\\vendor\\laravel\\framework\\src\\Illuminate\\Cache\\FileStore.php(76): Illuminate\\Filesystem\\Filesystem->put('C:\\\\xampp\\\\htdocs...', '1779689093a:3:{...', true)
#4 C:\\xampp\\htdocs\\apply like facebook\\pos6.12\\vendor\\laravel\\framework\\src\\Illuminate\\Cache\\Repository.php(217): Illuminate\\Cache\\FileStore->put('spatie.permissi...', Array, 86400)
#5 C:\\xampp\\htdocs\\apply like facebook\\pos6.12\\vendor\\laravel\\framework\\src\\Illuminate\\Cache\\Repository.php(399): Illuminate\\Cache\\Repository->put('spatie.permissi...', Array, Object(DateInterval))
#6 C:\\xampp\\htdocs\\apply like facebook\\pos6.12\\vendor\\spatie\\laravel-permission\\src\\PermissionRegistrar.php(173): Illuminate\\Cache\\Repository->remember('spatie.permissi...', Object(DateInterval), Object(Closure))
#7 C:\\xampp\\htdocs\\apply like facebook\\pos6.12\\vendor\\spatie\\laravel-permission\\src\\PermissionRegistrar.php(199): Spatie\\Permission\\PermissionRegistrar->loadPermissions()
#8 C:\\xampp\\htdocs\\apply like facebook\\pos6.12\\vendor\\spatie\\laravel-permission\\src\\Models\\Permission.php(145): Spatie\\Permission\\PermissionRegistrar->getPermissions(Array, true)
#9 C:\\xampp\\htdocs\\apply like facebook\\pos6.12\\vendor\\spatie\\laravel-permission\\src\\Models\\Permission.php(155): Spatie\\Permission\\Models\\Permission::getPermissions(Array, true)
#10 C:\\xampp\\htdocs\\apply like facebook\\pos6.12\\vendor\\spatie\\laravel-permission\\src\\Models\\Permission.php(94): Spatie\\Permission\\Models\\Permission::getPermission(Array)
#11 C:\\xampp\\htdocs\\apply like facebook\\pos6.12\\vendor\\spatie\\laravel-permission\\src\\Traits\\HasPermissions.php(157): Spatie\\Permission\\Models\\Permission::findByName('loan_management...', 'web')
#12 C:\\xampp\\htdocs\\apply like facebook\\pos6.12\\vendor\\spatie\\laravel-permission\\src\\Traits\\HasPermissions.php(191): App\\User->filterPermission('loan_management...', NULL)
#13 C:\\xampp\\htdocs\\apply like facebook\\pos6.12\\vendor\\spatie\\laravel-permission\\src\\Traits\\HasPermissions.php(244): App\\User->hasPermissionTo('loan_management...', NULL)
#14 C:\\xampp\\htdocs\\apply like facebook\\pos6.12\\vendor\\spatie\\laravel-permission\\src\\PermissionRegistrar.php(136): App\\User->checkPermissionTo('loan_management...')
#15 C:\\xampp\\htdocs\\apply like facebook\\pos6.12\\vendor\\laravel\\framework\\src\\Illuminate\\Auth\\Access\\Gate.php(553): Spatie\\Permission\\PermissionRegistrar->Spatie\\Permission\\{closure}(Object(App\\User), 'loan_management...', Array)
#16 C:\\xampp\\htdocs\\apply like facebook\\pos6.12\\vendor\\laravel\\framework\\src\\Illuminate\\Auth\\Access\\Gate.php(425): Illuminate\\Auth\\Access\\Gate->callBeforeCallbacks(Object(App\\User), 'loan_management...', Array)
#17 C:\\xampp\\htdocs\\apply like facebook\\pos6.12\\vendor\\laravel\\framework\\src\\Illuminate\\Auth\\Access\\Gate.php(395): Illuminate\\Auth\\Access\\Gate->raw('loan_management...', Array)
#18 C:\\xampp\\htdocs\\apply like facebook\\pos6.12\\vendor\\laravel\\framework\\src\\Illuminate\\Auth\\Access\\Gate.php(343): Illuminate\\Auth\\Access\\Gate->inspect('loan_management...', Array)
#19 C:\\xampp\\htdocs\\apply like facebook\\pos6.12\\vendor\\laravel\\framework\\src\\Illuminate\\Collections\\Traits\\EnumeratesValues.php(272): Illuminate\\Auth\\Access\\Gate->Illuminate\\Auth\\Access\\{closure}('loan_management...', 0)
#20 C:\\xampp\\htdocs\\apply like facebook\\pos6.12\\vendor\\laravel\\framework\\src\\Illuminate\\Auth\\Access\\Gate.php(342): Illuminate\\Support\\Collection->every(Object(Closure))
#21 C:\\xampp\\htdocs\\apply like facebook\\pos6.12\\vendor\\laravel\\framework\\src\\Illuminate\\Foundation\\Auth\\Access\\Authorizable.php(18): Illuminate\\Auth\\Access\\Gate->check('loan_management...', Array)
#22 C:\\xampp\\htdocs\\apply like facebook\\pos6.12\\Modules\\LoanManagement\\Http\\Controllers\\DataController.php(93): Illuminate\\Foundation\\Auth\\User->can('loan_management...')
#23 [internal function]: Modules\\LoanManagement\\Http\\Controllers\\DataController->get_additional_script()
#24 C:\\xampp\\htdocs\\apply like facebook\\pos6.12\\app\\Utils\\ModuleUtil.php(109): call_user_func(Array)
#25 C:\\xampp\\htdocs\\apply like facebook\\pos6.12\\app\\Providers\\AppServiceProvider.php(103): App\\Utils\\ModuleUtil->getModuleData('get_additional_...')
#26 C:\\xampp\\htdocs\\apply like facebook\\pos6.12\\vendor\\laravel\\framework\\src\\Illuminate\\View\\Concerns\\ManagesEvents.php(162): App\\Providers\\AppServiceProvider->App\\Providers\\{closure}(Object(Illuminate\\View\\View))
#27 C:\\xampp\\htdocs\\apply like facebook\\pos6.12\\vendor\\laravel\\framework\\src\\Illuminate\\Events\\Dispatcher.php(418): Illuminate\\View\\Factory->Illuminate\\View\\Concerns\\{closure}('composing: layo...', Array)
#28 C:\\xampp\\htdocs\\apply like facebook\\pos6.12\\vendor\\laravel\\framework\\src\\Illuminate\\Events\\Dispatcher.php(249): Illuminate\\Events\\Dispatcher->Illuminate\\Events\\{closure}('composing: layo...', Array)
#29 C:\\xampp\\htdocs\\apply like facebook\\pos6.12\\vendor\\laravel\\framework\\src\\Illuminate\\View\\Concerns\\ManagesEvents.php(177): Illuminate\\Events\\Dispatcher->dispatch('composing: layo...', Array)
#30 C:\\xampp\\htdocs\\apply like facebook\\pos6.12\\vendor\\laravel\\framework\\src\\Illuminate\\View\\View.php(176): Illuminate\\View\\Factory->callComposer(Object(Illuminate\\View\\View))
#31 C:\\xampp\\htdocs\\apply like facebook\\pos6.12\\vendor\\laravel\\framework\\src\\Illuminate\\View\\View.php(147): Illuminate\\View\\View->renderContents()
#32 C:\\xampp\\htdocs\\apply like facebook\\pos6.12\\storage\\framework\\views\\f136a7c06a43050aed77506dd2490c7a23d3736a.php(134): Illuminate\\View\\View->render()
#33 C:\\xampp\\htdocs\\apply like facebook\\pos6.12\\vendor\\laravel\\framework\\src\\Illuminate\\Filesystem\\Filesystem.php(109): require('C:\\\\xampp\\\\htdocs...')
#34 C:\\xampp\\htdocs\\apply like facebook\\pos6.12\\vendor\\laravel\\framework\\src\\Illuminate\\Filesystem\\Filesystem.php(110): Illuminate\\Filesystem\\Filesystem::Illuminate\\Filesystem\\{closure}()
#35 C:\\xampp\\htdocs\\apply like facebook\\pos6.12\\vendor\\laravel\\framework\\src\\Illuminate\\View\\Engines\\PhpEngine.php(58): Illuminate\\Filesystem\\Filesystem->getRequire('C:\\\\xampp\\\\htdocs...', Array)
#36 C:\\xampp\\htdocs\\apply like facebook\\pos6.12\\vendor\\laravel\\framework\\src\\Illuminate\\View\\Engines\\CompilerEngine.php(70): Illuminate\\View\\Engines\\PhpEngine->evaluatePath('C:\\\\xampp\\\\htdocs...', Array)
#37 C:\\xampp\\htdocs\\apply like facebook\\pos6.12\\vendor\\laravel\\framework\\src\\Illuminate\\View\\View.php(195): Illuminate\\View\\Engines\\CompilerEngine->get('C:\\\\xampp\\\\htdocs...', Array)
#38 C:\\xampp\\htdocs\\apply like facebook\\pos6.12\\vendor\\laravel\\framework\\src\\Illuminate\\View\\View.php(178): Illuminate\\View\\View->getContents()
#39 C:\\xampp\\htdocs\\apply like facebook\\pos6.12\\vendor\\laravel\\framework\\src\\Illuminate\\View\\View.php(147): Illuminate\\View\\View->renderContents()
#40 C:\\xampp\\htdocs\\apply like facebook\\pos6.12\\storage\\framework\\views\\9f34b93f4a1df2e5ed980d612969330def9d66cd.php(408): Illuminate\\View\\View->render()
#41 C:\\xampp\\htdocs\\apply like facebook\\pos6.12\\vendor\\laravel\\framework\\src\\Illuminate\\Filesystem\\Filesystem.php(109): require('C:\\\\xampp\\\\htdocs...')
#42 C:\\xampp\\htdocs\\apply like facebook\\pos6.12\\vendor\\laravel\\framework\\src\\Illuminate\\Filesystem\\Filesystem.php(110): Illuminate\\Filesystem\\Filesystem::Illuminate\\Filesystem\\{closure}()
#43 C:\\xampp\\htdocs\\apply like facebook\\pos6.12\\vendor\\laravel\\framework\\src\\Illuminate\\View\\Engines\\PhpEngine.php(58): Illuminate\\Filesystem\\Filesystem->getRequire('C:\\\\xampp\\\\htdocs...', Array)
#44 C:\\xampp\\htdocs\\apply like facebook\\pos6.12\\vendor\\laravel\\framework\\src\\Illuminate\\View\\Engines\\CompilerEngine.php(70): Illuminate\\View\\Engines\\PhpEngine->evaluatePath('C:\\\\xampp\\\\htdocs...', Array)
#45 C:\\xampp\\htdocs\\apply like facebook\\pos6.12\\vendor\\laravel\\framework\\src\\Illuminate\\View\\View.php(195): Illuminate\\View\\Engines\\CompilerEngine->get('C:\\\\xampp\\\\htdocs...', Array)
#46 C:\\xampp\\htdocs\\apply like facebook\\pos6.12\\vendor\\laravel\\framework\\src\\Illuminate\\View\\View.php(178): Illuminate\\View\\View->getContents()
#47 C:\\xampp\\htdocs\\apply like facebook\\pos6.12\\vendor\\laravel\\framework\\src\\Illuminate\\View\\View.php(147): Illuminate\\View\\View->renderContents()
#48 C:\\xampp\\htdocs\\apply like facebook\\pos6.12\\storage\\framework\\views\\e2d0819028cfd43657e5a2f7fcd3d919d2ed6c11.php(107): Illuminate\\View\\View->render()
#49 C:\\xampp\\htdocs\\apply like facebook\\pos6.12\\vendor\\laravel\\framework\\src\\Illuminate\\Filesystem\\Filesystem.php(109): require('C:\\\\xampp\\\\htdocs...')
#50 C:\\xampp\\htdocs\\apply like facebook\\pos6.12\\vendor\\laravel\\framework\\src\\Illuminate\\Filesystem\\Filesystem.php(110): Illuminate\\Filesystem\\Filesystem::Illuminate\\Filesystem\\{closure}()
#51 C:\\xampp\\htdocs\\apply like facebook\\pos6.12\\vendor\\laravel\\framework\\src\\Illuminate\\View\\Engines\\PhpEngine.php(58): Illuminate\\Filesystem\\Filesystem->getRequire('C:\\\\xampp\\\\htdocs...', Array)
#52 C:\\xampp\\htdocs\\apply like facebook\\pos6.12\\vendor\\laravel\\framework\\src\\Illuminate\\View\\Engines\\CompilerEngine.php(70): Illuminate\\View\\Engines\\PhpEngine->evaluatePath('C:\\\\xampp\\\\htdocs...', Array)
#53 C:\\xampp\\htdocs\\apply like facebook\\pos6.12\\vendor\\laravel\\framework\\src\\Illuminate\\View\\View.php(195): Illuminate\\View\\Engines\\CompilerEngine->get('C:\\\\xampp\\\\htdocs...', Array)
#54 C:\\xampp\\htdocs\\apply like facebook\\pos6.12\\vendor\\laravel\\framework\\src\\Illuminate\\View\\View.php(178): Illuminate\\View\\View->getContents()
#55 C:\\xampp\\htdocs\\apply like facebook\\pos6.12\\vendor\\laravel\\framework\\src\\Illuminate\\View\\View.php(147): Illuminate\\View\\View->renderContents()
#56 C:\\xampp\\htdocs\\apply like facebook\\pos6.12\\vendor\\laravel\\framework\\src\\Illuminate\\Http\\Response.php(69): Illuminate\\View\\View->render()
#57 C:\\xampp\\htdocs\\apply like facebook\\pos6.12\\vendor\\laravel\\framework\\src\\Illuminate\\Http\\Response.php(35): Illuminate\\Http\\Response->setContent(Object(Illuminate\\View\\View))
#58 C:\\xampp\\htdocs\\apply like facebook\\pos6.12\\vendor\\laravel\\framework\\src\\Illuminate\\Routing\\Router.php(906): Illuminate\\Http\\Response->__construct(Object(Illuminate\\View\\View), 200, Array)
#59 C:\\xampp\\htdocs\\apply like facebook\\pos6.12\\vendor\\laravel\\framework\\src\\Illuminate\\Routing\\Router.php(875): Illuminate\\Routing\\Router::toResponse(Object(Illuminate\\Http\\Request), Object(Illuminate\\View\\View))
#60 C:\\xampp\\htdocs\\apply like facebook\\pos6.12\\vendor\\laravel\\framework\\src\\Illuminate\\Routing\\Router.php(797): Illuminate\\Routing\\Router->prepareResponse(Object(Illuminate\\Http\\Request), Object(Illuminate\\View\\View))
#61 C:\\xampp\\htdocs\\apply like facebook\\pos6.12\\vendor\\laravel\\framework\\src\\Illuminate\\Pipeline\\Pipeline.php(141): Illuminate\\Routing\\Router->Illuminate\\Routing\\{closure}(Object(Illuminate\\Http\\Request))
#62 C:\\xampp\\htdocs\\apply like facebook\\pos6.12\\Modules\\LoanManagement\\Http\\Middleware\\LoanPermissionMiddleware.php(20): Illuminate\\Pipeline\\Pipeline->Illuminate\\Pipeline\\{closure}(Object(Illuminate\\Http\\Request))
#63 C:\\xampp\\htdocs\\apply like facebook\\pos6.12\\vendor\\laravel\\framework\\src\\Illuminate\\Pipeline\\Pipeline.php(180): Modules\\LoanManagement\\Http\\Middleware\\LoanPermissionMiddleware->handle(Object(Illuminate\\Http\\Request), Object(Closure), 'loan_management...')
#64 C:\\xampp\\htdocs\\apply like facebook\\pos6.12\\app\\Http\\Middleware\\CheckUserLogin.php(22): Illuminate\\Pipeline\\Pipeline->Illuminate\\Pipeline\\{closure}(Object(Illuminate\\Http\\Request))
#65 C:\\xampp\\htdocs\\apply like facebook\\pos6.12\\vendor\\laravel\\framework\\src\\Illuminate\\Pipeline\\Pipeline.php(180): App\\Http\\Middleware\\CheckUserLogin->handle(Object(Illuminate\\Http\\Request), Object(Closure))
#66 C:\\xampp\\htdocs\\apply like facebook\\pos6.12\\app\\Http\\Middleware\\AdminSidebarMenu.php(901): Illuminate\\Pipeline\\Pipeline->Illuminate\\Pipeline\\{closure}(Object(Illuminate\\Http\\Request))
#67 C:\\xampp\\htdocs\\apply like facebook\\pos6.12\\vendor\\laravel\\framework\\src\\Illuminate\\Pipeline\\Pipeline.php(180): App\\Http\\Middleware\\AdminSidebarMenu->handle(Object(Illuminate\\Http\\Request), Object(Closure))
#68 C:\\xampp\\htdocs\\apply like facebook\\pos6.12\\app\\Http\\Middleware\\Timezone.php(30): Illuminate\\Pipeline\\Pipeline->Illuminate\\Pipeline\\{closure}(Object(Illuminate\\Http\\Request))
#69 C:\\xampp\\htdocs\\apply like facebook\\pos6.12\\vendor\\laravel\\framework\\src\\Illuminate\\Pipeline\\Pipeline.php(180): App\\Http\\Middleware\\Timezone->handle(Object(Illuminate\\Http\\Request), Object(Closure))
#70 C:\\xampp\\htdocs\\apply like facebook\\pos6.12\\app\\Http\\Middleware\\Language.php(25): Illuminate\\Pipeline\\Pipeline->Illuminate\\Pipeline\\{closure}(Object(Illuminate\\Http\\Request))
#71 C:\\xampp\\htdocs\\apply like facebook\\pos6.12\\vendor\\laravel\\framework\\src\\Illuminate\\Pipeline\\Pipeline.php(180): App\\Http\\Middleware\\Language->handle(Object(Illuminate\\Http\\Request), Object(Closure))
#72 C:\\xampp\\htdocs\\apply like facebook\\pos6.12\\app\\Http\\Middleware\\SetSessionData.php(52): Illuminate\\Pipeline\\Pipeline->Illuminate\\Pipeline\\{closure}(Object(Illuminate\\Http\\Request))
#73 C:\\xampp\\htdocs\\apply like facebook\\pos6.12\\vendor\\laravel\\framework\\src\\Illuminate\\Pipeline\\Pipeline.php(180): App\\Http\\Middleware\\SetSessionData->handle(Object(Illuminate\\Http\\Request), Object(Closure))
#74 C:\\xampp\\htdocs\\apply like facebook\\pos6.12\\vendor\\barryvdh\\laravel-debugbar\\src\\Middleware\\InjectDebugbar.php(59): Illuminate\\Pipeline\\Pipeline->Illuminate\\Pipeline\\{closure}(Object(Illuminate\\Http\\Request))
#75 C:\\xampp\\htdocs\\apply like facebook\\pos6.12\\vendor\\laravel\\framework\\src\\Illuminate\\Pipeline\\Pipeline.php(180): Barryvdh\\Debugbar\\Middleware\\InjectDebugbar->handle(Object(Illuminate\\Http\\Request), Object(Closure))
#76 C:\\xampp\\htdocs\\apply like facebook\\pos6.12\\vendor\\laravel\\framework\\src\\Illuminate\\Routing\\Middleware\\SubstituteBindings.php(50): Illuminate\\Pipeline\\Pipeline->Illuminate\\Pipeline\\{closure}(Object(Illuminate\\Http\\Request))
#77 C:\\xampp\\htdocs\\apply like facebook\\pos6.12\\vendor\\laravel\\framework\\src\\Illuminate\\Pipeline\\Pipeline.php(180): Illuminate\\Routing\\Middleware\\SubstituteBindings->handle(Object(Illuminate\\Http\\Request), Object(Closure))
#78 C:\\xampp\\htdocs\\apply like facebook\\pos6.12\\vendor\\laravel\\framework\\src\\Illuminate\\Auth\\Middleware\\Authenticate.php(44): Illuminate\\Pipeline\\Pipeline->Illuminate\\Pipeline\\{closure}(Object(Illuminate\\Http\\Request))
#79 C:\\xampp\\htdocs\\apply like facebook\\pos6.12\\vendor\\laravel\\framework\\src\\Illuminate\\Pipeline\\Pipeline.php(180): Illuminate\\Auth\\Middleware\\Authenticate->handle(Object(Illuminate\\Http\\Request), Object(Closure))
#80 C:\\xampp\\htdocs\\apply like facebook\\pos6.12\\vendor\\laravel\\framework\\src\\Illuminate\\Foundation\\Http\\Middleware\\VerifyCsrfToken.php(78): Illuminate\\Pipeline\\Pipeline->Illuminate\\Pipeline\\{closure}(Object(Illuminate\\Http\\Request))
#81 C:\\xampp\\htdocs\\apply like facebook\\pos6.12\\vendor\\laravel\\framework\\src\\Illuminate\\Pipeline\\Pipeline.php(180): Illuminate\\Foundation\\Http\\Middleware\\VerifyCsrfToken->handle(Object(Illuminate\\Http\\Request), Object(Closure))
#82 C:\\xampp\\htdocs\\apply like facebook\\pos6.12\\vendor\\laravel\\framework\\src\\Illuminate\\View\\Middleware\\ShareErrorsFromSession.php(49): Illuminate\\Pipeline\\Pipeline->Illuminate\\Pipeline\\{closure}(Object(Illuminate\\Http\\Request))
#83 C:\\xampp\\htdocs\\apply like facebook\\pos6.12\\vendor\\laravel\\framework\\src\\Illuminate\\Pipeline\\Pipeline.php(180): Illuminate\\View\\Middleware\\ShareErrorsFromSession->handle(Object(Illuminate\\Http\\Request), Object(Closure))
#84 C:\\xampp\\htdocs\\apply like facebook\\pos6.12\\vendor\\laravel\\framework\\src\\Illuminate\\Session\\Middleware\\StartSession.php(121): Illuminate\\Pipeline\\Pipeline->Illuminate\\Pipeline\\{closure}(Object(Illuminate\\Http\\Request))
#85 C:\\xampp\\htdocs\\apply like facebook\\pos6.12\\vendor\\laravel\\framework\\src\\Illuminate\\Session\\Middleware\\StartSession.php(64): Illuminate\\Session\\Middleware\\StartSession->handleStatefulRequest(Object(Illuminate\\Http\\Request), Object(Illuminate\\Session\\Store), Object(Closure))
#86 C:\\xampp\\htdocs\\apply like facebook\\pos6.12\\vendor\\laravel\\framework\\src\\Illuminate\\Pipeline\\Pipeline.php(180): Illuminate\\Session\\Middleware\\StartSession->handle(Object(Illuminate\\Http\\Request), Object(Closure))
#87 C:\\xampp\\htdocs\\apply like facebook\\pos6.12\\vendor\\laravel\\framework\\src\\Illuminate\\Cookie\\Middleware\\AddQueuedCookiesToResponse.php(37): Illuminate\\Pipeline\\Pipeline->Illuminate\\Pipeline\\{closure}(Object(Illuminate\\Http\\Request))
#88 C:\\xampp\\htdocs\\apply like facebook\\pos6.12\\vendor\\laravel\\framework\\src\\Illuminate\\Pipeline\\Pipeline.php(180): Illuminate\\Cookie\\Middleware\\AddQueuedCookiesToResponse->handle(Object(Illuminate\\Http\\Request), Object(Closure))
#89 C:\\xampp\\htdocs\\apply like facebook\\pos6.12\\vendor\\laravel\\framework\\src\\Illuminate\\Cookie\\Middleware\\EncryptCookies.php(67): Illuminate\\Pipeline\\Pipeline->Illuminate\\Pipeline\\{closure}(Object(Illuminate\\Http\\Request))
#90 C:\\xampp\\htdocs\\apply like facebook\\pos6.12\\vendor\\laravel\\framework\\src\\Illuminate\\Pipeline\\Pipeline.php(180): Illuminate\\Cookie\\Middleware\\EncryptCookies->handle(Object(Illuminate\\Http\\Request), Object(Closure))
#91 C:\\xampp\\htdocs\\apply like facebook\\pos6.12\\vendor\\laravel\\framework\\src\\Illuminate\\Pipeline\\Pipeline.php(116): Illuminate\\Pipeline\\Pipeline->Illuminate\\Pipeline\\{closure}(Object(Illuminate\\Http\\Request))
#92 C:\\xampp\\htdocs\\apply like facebook\\pos6.12\\vendor\\laravel\\framework\\src\\Illuminate\\Routing\\Router.php(797): Illuminate\\Pipeline\\Pipeline->then(Object(Closure))
#93 C:\\xampp\\htdocs\\apply like facebook\\pos6.12\\vendor\\laravel\\framework\\src\\Illuminate\\Routing\\Router.php(776): Illuminate\\Routing\\Router->runRouteWithinStack(Object(Illuminate\\Routing\\Route), Object(Illuminate\\Http\\Request))
#94 C:\\xampp\\htdocs\\apply like facebook\\pos6.12\\vendor\\laravel\\framework\\src\\Illuminate\\Routing\\Router.php(740): Illuminate\\Routing\\Router->runRoute(Object(Illuminate\\Http\\Request), Object(Illuminate\\Routing\\Route))
#95 C:\\xampp\\htdocs\\apply like facebook\\pos6.12\\vendor\\laravel\\framework\\src\\Illuminate\\Routing\\Router.php(729): Illuminate\\Routing\\Router->dispatchToRoute(Object(Illuminate\\Http\\Request))
#96 C:\\xampp\\htdocs\\apply like facebook\\pos6.12\\vendor\\laravel\\framework\\src\\Illuminate\\Foundation\\Http\\Kernel.php(190): Illuminate\\Routing\\Router->dispatch(Object(Illuminate\\Http\\Request))
#97 C:\\xampp\\htdocs\\apply like facebook\\pos6.12\\vendor\\laravel\\framework\\src\\Illuminate\\Pipeline\\Pipeline.php(141): Illuminate\\Foundation\\Http\\Kernel->Illuminate\\Foundation\\Http\\{closure}(Object(Illuminate\\Http\\Request))
#98 C:\\xampp\\htdocs\\apply like facebook\\pos6.12\\vendor\\barryvdh\\laravel-debugbar\\src\\Middleware\\InjectDebugbar.php(59): Illuminate\\Pipeline\\Pipeline->Illuminate\\Pipeline\\{closure}(Object(Illuminate\\Http\\Request))
#99 C:\\xampp\\htdocs\\apply like facebook\\pos6.12\\vendor\\laravel\\framework\\src\\Illuminate\\Pipeline\\Pipeline.php(180): Barryvdh\\Debugbar\\Middleware\\InjectDebugbar->handle(Object(Illuminate\\Http\\Request), Object(Closure))
#100 C:\\xampp\\htdocs\\apply like facebook\\pos6.12\\vendor\\laravel\\framework\\src\\Illuminate\\Foundation\\Http\\Middleware\\TransformsRequest.php(21): Illuminate\\Pipeline\\Pipeline->Illuminate\\Pipeline\\{closure}(Object(Illuminate\\Http\\Request))
#101 C:\\xampp\\htdocs\\apply like facebook\\pos6.12\\vendor\\laravel\\framework\\src\\Illuminate\\Foundation\\Http\\Middleware\\ConvertEmptyStringsToNull.php(31): Illuminate\\Foundation\\Http\\Middleware\\TransformsRequest->handle(Object(Illuminate\\Http\\Request), Object(Closure))
#102 C:\\xampp\\htdocs\\apply like facebook\\pos6.12\\vendor\\laravel\\framework\\src\\Illuminate\\Pipeline\\Pipeline.php(180): Illuminate\\Foundation\\Http\\Middleware\\ConvertEmptyStringsToNull->handle(Object(Illuminate\\Http\\Request), Object(Closure))
#103 C:\\xampp\\htdocs\\apply like facebook\\pos6.12\\vendor\\laravel\\framework\\src\\Illuminate\\Foundation\\Http\\Middleware\\TransformsRequest.php(21): Illuminate\\Pipeline\\Pipeline->Illuminate\\Pipeline\\{closure}(Object(Illuminate\\Http\\Request))
#104 C:\\xampp\\htdocs\\apply like facebook\\pos6.12\\vendor\\laravel\\framework\\src\\Illuminate\\Foundation\\Http\\Middleware\\TrimStrings.php(40): Illuminate\\Foundation\\Http\\Middleware\\TransformsRequest->handle(Object(Illuminate\\Http\\Request), Object(Closure))
#105 C:\\xampp\\htdocs\\apply like facebook\\pos6.12\\vendor\\laravel\\framework\\src\\Illuminate\\Pipeline\\Pipeline.php(180): Illuminate\\Foundation\\Http\\Middleware\\TrimStrings->handle(Object(Illuminate\\Http\\Request), Object(Closure))
#106 C:\\xampp\\htdocs\\apply like facebook\\pos6.12\\vendor\\laravel\\framework\\src\\Illuminate\\Foundation\\Http\\Middleware\\ValidatePostSize.php(27): Illuminate\\Pipeline\\Pipeline->Illuminate\\Pipeline\\{closure}(Object(Illuminate\\Http\\Request))
#107 C:\\xampp\\htdocs\\apply like facebook\\pos6.12\\vendor\\laravel\\framework\\src\\Illuminate\\Pipeline\\Pipeline.php(180): Illuminate\\Foundation\\Http\\Middleware\\ValidatePostSize->handle(Object(Illuminate\\Http\\Request), Object(Closure))
#108 C:\\xampp\\htdocs\\apply like facebook\\pos6.12\\vendor\\laravel\\framework\\src\\Illuminate\\Foundation\\Http\\Middleware\\PreventRequestsDuringMaintenance.php(86): Illuminate\\Pipeline\\Pipeline->Illuminate\\Pipeline\\{closure}(Object(Illuminate\\Http\\Request))
#109 C:\\xampp\\htdocs\\apply like facebook\\pos6.12\\vendor\\laravel\\framework\\src\\Illuminate\\Pipeline\\Pipeline.php(180): Illuminate\\Foundation\\Http\\Middleware\\PreventRequestsDuringMaintenance->handle(Object(Illuminate\\Http\\Request), Object(Closure))
#110 C:\\xampp\\htdocs\\apply like facebook\\pos6.12\\vendor\\laravel\\framework\\src\\Illuminate\\Http\\Middleware\\HandleCors.php(49): Illuminate\\Pipeline\\Pipeline->Illuminate\\Pipeline\\{closure}(Object(Illuminate\\Http\\Request))
#111 C:\\xampp\\htdocs\\apply like facebook\\pos6.12\\vendor\\laravel\\framework\\src\\Illuminate\\Pipeline\\Pipeline.php(180): Illuminate\\Http\\Middleware\\HandleCors->handle(Object(Illuminate\\Http\\Request), Object(Closure))
#112 C:\\xampp\\htdocs\\apply like facebook\\pos6.12\\vendor\\laravel\\framework\\src\\Illuminate\\Http\\Middleware\\TrustProxies.php(39): Illuminate\\Pipeline\\Pipeline->Illuminate\\Pipeline\\{closure}(Object(Illuminate\\Http\\Request))
#113 C:\\xampp\\htdocs\\apply like facebook\\pos6.12\\vendor\\laravel\\framework\\src\\Illuminate\\Pipeline\\Pipeline.php(180): Illuminate\\Http\\Middleware\\TrustProxies->handle(Object(Illuminate\\Http\\Request), Object(Closure))
#114 C:\\xampp\\htdocs\\apply like facebook\\pos6.12\\vendor\\laravel\\framework\\src\\Illuminate\\Pipeline\\Pipeline.php(116): Illuminate\\Pipeline\\Pipeline->Illuminate\\Pipeline\\{closure}(Object(Illuminate\\Http\\Request))
#115 C:\\xampp\\htdocs\\apply like facebook\\pos6.12\\vendor\\laravel\\framework\\src\\Illuminate\\Foundation\\Http\\Kernel.php(165): Illuminate\\Pipeline\\Pipeline->then(Object(Closure))
#116 C:\\xampp\\htdocs\\apply like facebook\\pos6.12\\vendor\\laravel\\framework\\src\\Illuminate\\Foundation\\Http\\Kernel.php(134): Illuminate\\Foundation\\Http\\Kernel->sendRequestThroughRouter(Object(Illuminate\\Http\\Request))
#117 C:\\xampp\\htdocs\\apply like facebook\\pos6.12\\public\\index.php(56): Illuminate\\Foundation\\Http\\Kernel->handle(Object(Illuminate\\Http\\Request))
#118 C:\\xampp\\htdocs\\apply like facebook\\pos6.12\\vendor\\laravel\\framework\\src\\Illuminate\\Foundation\\resources\\server.php(16): require_once('C:\\\\xampp\\\\htdocs...')
#119 {main}
"} 
[2026-05-24 13:09:12] local.ERROR: count(): Argument #1 ($value) must be of type Countable|array, null given {"userId":1,"exception":"[object] (Spatie\\LaravelIgnition\\Exceptions\\ViewException(code: 0): count(): Argument #1 ($value) must be of type Countable|array, null given at C:\\xampp\\htdocs\\apply like facebook\\pos6.12\\resources\\views\\layouts\\partials\\header-pos.blade.php:35)
[stacktrace]
#0 C:\\xampp\\htdocs\\apply like facebook\\pos6.12\\vendor\\laravel\\framework\\src\\Illuminate\\Filesystem\\Filesystem.php(109): require()
#1 C:\\xampp\\htdocs\\apply like facebook\\pos6.12\\vendor\\laravel\\framework\\src\\Illuminate\\Filesystem\\Filesystem.php(110): Illuminate\\Filesystem\\Filesystem::Illuminate\\Filesystem\\{closure}()
#2 C:\\xampp\\htdocs\\apply like facebook\\pos6.12\\vendor\\laravel\\framework\\src\\Illuminate\\View\\Engines\\PhpEngine.php(58): Illuminate\\Filesystem\\Filesystem->getRequire('C:\\\\xampp\\\\htdocs...', Array)
#3 C:\\xampp\\htdocs\\apply like facebook\\pos6.12\\vendor\\laravel\\framework\\src\\Illuminate\\View\\Engines\\CompilerEngine.php(70): Illuminate\\View\\Engines\\PhpEngine->evaluatePath('C:\\\\xampp\\\\htdocs...', Array)
#4 C:\\xampp\\htdocs\\apply like facebook\\pos6.12\\vendor\\laravel\\framework\\src\\Illuminate\\View\\View.php(195): Illuminate\\View\\Engines\\CompilerEngine->get('C:\\\\xampp\\\\htdocs...', Array)
#5 C:\\xampp\\htdocs\\apply like facebook\\pos6.12\\vendor\\laravel\\framework\\src\\Illuminate\\View\\View.php(178): Illuminate\\View\\View->getContents()
#6 C:\\xampp\\htdocs\\apply like facebook\\pos6.12\\vendor\\laravel\\framework\\src\\Illuminate\\View\\View.php(147): Illuminate\\View\\View->renderContents()
#7 C:\\xampp\\htdocs\\apply like facebook\\pos6.12\\resources\\views\\layouts\\app.blade.php(80): Illuminate\\View\\View->render()
#8 C:\\xampp\\htdocs\\apply like facebook\\pos6.12\\vendor\\laravel\\framework\\src\\Illuminate\\Filesystem\\Filesystem.php(109): require('C:\\\\xampp\\\\htdocs...')
#9 C:\\xampp\\htdocs\\apply like facebook\\pos6.12\\vendor\\laravel\\framework\\src\\Illuminate\\Filesystem\\Filesystem.php(110): Illuminate\\Filesystem\\Filesystem::Illuminate\\Filesystem\\{closure}()
#10 C:\\xampp\\htdocs\\apply like facebook\\pos6.12\\vendor\\laravel\\framework\\src\\Illuminate\\View\\Engines\\PhpEngine.php(58): Illuminate\\Filesystem\\Filesystem->getRequire('C:\\\\xampp\\\\htdocs...', Array)
#11 C:\\xampp\\htdocs\\apply like facebook\\pos6.12\\vendor\\laravel\\framework\\src\\Illuminate\\View\\Engines\\CompilerEngine.php(70): Illuminate\\View\\Engines\\PhpEngine->evaluatePath('C:\\\\xampp\\\\htdocs...', Array)
#12 C:\\xampp\\htdocs\\apply like facebook\\pos6.12\\vendor\\laravel\\framework\\src\\Illuminate\\View\\View.php(195): Illuminate\\View\\Engines\\CompilerEngine->get('C:\\\\xampp\\\\htdocs...', Array)
#13 C:\\xampp\\htdocs\\apply like facebook\\pos6.12\\vendor\\laravel\\framework\\src\\Illuminate\\View\\View.php(178): Illuminate\\View\\View->getContents()
#14 C:\\xampp\\htdocs\\apply like facebook\\pos6.12\\vendor\\laravel\\framework\\src\\Illuminate\\View\\View.php(147): Illuminate\\View\\View->renderContents()
#15 C:\\xampp\\htdocs\\apply like facebook\\pos6.12\\Modules\\LoanManagement\\Resources\\views\\layouts\\app.blade.php(407): Illuminate\\View\\View->render()
#16 C:\\xampp\\htdocs\\apply like facebook\\pos6.12\\vendor\\laravel\\framework\\src\\Illuminate\\Filesystem\\Filesystem.php(109): require('C:\\\\xampp\\\\htdocs...')
#17 C:\\xampp\\htdocs\\apply like facebook\\pos6.12\\vendor\\laravel\\framework\\src\\Illuminate\\Filesystem\\Filesystem.php(110): Illuminate\\Filesystem\\Filesystem::Illuminate\\Filesystem\\{closure}()
#18 C:\\xampp\\htdocs\\apply like facebook\\pos6.12\\vendor\\laravel\\framework\\src\\Illuminate\\View\\Engines\\PhpEngine.php(58): Illuminate\\Filesystem\\Filesystem->getRequire('C:\\\\xampp\\\\htdocs...', Array)
#19 C:\\xampp\\htdocs\\apply like facebook\\pos6.12\\vendor\\laravel\\framework\\src\\Illuminate\\View\\Engines\\CompilerEngine.php(70): Illuminate\\View\\Engines\\PhpEngine->evaluatePath('C:\\\\xampp\\\\htdocs...', Array)
#20 C:\\xampp\\htdocs\\apply like facebook\\pos6.12\\vendor\\laravel\\framework\\src\\Illuminate\\View\\View.php(195): Illuminate\\View\\Engines\\CompilerEngine->get('C:\\\\xampp\\\\htdocs...', Array)
#21 C:\\xampp\\htdocs\\apply like facebook\\pos6.12\\vendor\\laravel\\framework\\src\\Illuminate\\View\\View.php(178): Illuminate\\View\\View->getContents()
#22 C:\\xampp\\htdocs\\apply like facebook\\pos6.12\\vendor\\laravel\\framework\\src\\Illuminate\\View\\View.php(147): Illuminate\\View\\View->renderContents()
#23 C:\\xampp\\htdocs\\apply like facebook\\pos6.12\\Modules\\LoanManagement\\Resources\\views\\dashboard\\index.blade.php(6): Illuminate\\View\\View->render()
#24 C:\\xampp\\htdocs\\apply like facebook\\pos6.12\\vendor\\laravel\\framework\\src\\Illuminate\\Filesystem\\Filesystem.php(109): require('C:\\\\xampp\\\\htdocs...')
#25 C:\\xampp\\htdocs\\apply like facebook\\pos6.12\\vendor\\laravel\\framework\\src\\Illuminate\\Filesystem\\Filesystem.php(110): Illuminate\\Filesystem\\Filesystem::Illuminate\\Filesystem\\{closure}()
#26 C:\\xampp\\htdocs\\apply like facebook\\pos6.12\\vendor\\laravel\\framework\\src\\Illuminate\\View\\Engines\\PhpEngine.php(58): Illuminate\\Filesystem\\Filesystem->getRequire('C:\\\\xampp\\\\htdocs...', Array)
#27 C:\\xampp\\htdocs\\apply like facebook\\pos6.12\\vendor\\laravel\\framework\\src\\Illuminate\\View\\Engines\\CompilerEngine.php(70): Illuminate\\View\\Engines\\PhpEngine->evaluatePath('C:\\\\xampp\\\\htdocs...', Array)
#28 C:\\xampp\\htdocs\\apply like facebook\\pos6.12\\vendor\\laravel\\framework\\src\\Illuminate\\View\\View.php(195): Illuminate\\View\\Engines\\CompilerEngine->get('C:\\\\xampp\\\\htdocs...', Array)
#29 C:\\xampp\\htdocs\\apply like facebook\\pos6.12\\vendor\\laravel\\framework\\src\\Illuminate\\View\\View.php(178): Illuminate\\View\\View->getContents()
#30 C:\\xampp\\htdocs\\apply like facebook\\pos6.12\\vendor\\laravel\\framework\\src\\Illuminate\\View\\View.php(147): Illuminate\\View\\View->renderContents()
#31 C:\\xampp\\htdocs\\apply like facebook\\pos6.12\\vendor\\laravel\\framework\\src\\Illuminate\\Http\\Response.php(69): Illuminate\\View\\View->render()
#32 C:\\xampp\\htdocs\\apply like facebook\\pos6.12\\vendor\\laravel\\framework\\src\\Illuminate\\Http\\Response.php(35): Illuminate\\Http\\Response->setContent(Object(Illuminate\\View\\View))
#33 C:\\xampp\\htdocs\\apply like facebook\\pos6.12\\vendor\\laravel\\framework\\src\\Illuminate\\Routing\\Router.php(906): Illuminate\\Http\\Response->__construct(Object(Illuminate\\View\\View), 200, Array)
#34 C:\\xampp\\htdocs\\apply like facebook\\pos6.12\\vendor\\laravel\\framework\\src\\Illuminate\\Routing\\Router.php(875): Illuminate\\Routing\\Router::toResponse(Object(Illuminate\\Http\\Request), Object(Illuminate\\View\\View))
#35 C:\\xampp\\htdocs\\apply like facebook\\pos6.12\\vendor\\laravel\\framework\\src\\Illuminate\\Routing\\Router.php(797): Illuminate\\Routing\\Router->prepareResponse(Object(Illuminate\\Http\\Request), Object(Illuminate\\View\\View))
#36 C:\\xampp\\htdocs\\apply like facebook\\pos6.12\\vendor\\laravel\\framework\\src\\Illuminate\\Pipeline\\Pipeline.php(141): Illuminate\\Routing\\Router->Illuminate\\Routing\\{closure}(Object(Illuminate\\Http\\Request))
#37 C:\\xampp\\htdocs\\apply like facebook\\pos6.12\\vendor\\laravel\\framework\\src\\Illuminate\\Auth\\Middleware\\Authorize.php(45): Illuminate\\Pipeline\\Pipeline->Illuminate\\Pipeline\\{closure}(Object(Illuminate\\Http\\Request))
#38 C:\\xampp\\htdocs\\apply like facebook\\pos6.12\\vendor\\laravel\\framework\\src\\Illuminate\\Pipeline\\Pipeline.php(180): Illuminate\\Auth\\Middleware\\Authorize->handle(Object(Illuminate\\Http\\Request), Object(Closure), 'loan_management...')
#39 C:\\xampp\\htdocs\\apply like facebook\\pos6.12\\app\\Http\\Middleware\\CheckUserLogin.php(22): Illuminate\\Pipeline\\Pipeline->Illuminate\\Pipeline\\{closure}(Object(Illuminate\\Http\\Request))
#40 C:\\xampp\\htdocs\\apply like facebook\\pos6.12\\vendor\\laravel\\framework\\src\\Illuminate\\Pipeline\\Pipeline.php(180): App\\Http\\Middleware\\CheckUserLogin->handle(Object(Illuminate\\Http\\Request), Object(Closure))
#41 C:\\xampp\\htdocs\\apply like facebook\\pos6.12\\app\\Http\\Middleware\\AdminSidebarMenu.php(901): Illuminate\\Pipeline\\Pipeline->Illuminate\\Pipeline\\{closure}(Object(Illuminate\\Http\\Request))
#42 C:\\xampp\\htdocs\\apply like facebook\\pos6.12\\vendor\\laravel\\framework\\src\\Illuminate\\Pipeline\\Pipeline.php(180): App\\Http\\Middleware\\AdminSidebarMenu->handle(Object(Illuminate\\Http\\Request), Object(Closure))
#43 C:\\xampp\\htdocs\\apply like facebook\\pos6.12\\app\\Http\\Middleware\\Timezone.php(30): Illuminate\\Pipeline\\Pipeline->Illuminate\\Pipeline\\{closure}(Object(Illuminate\\Http\\Request))
#44 C:\\xampp\\htdocs\\apply like facebook\\pos6.12\\vendor\\laravel\\framework\\src\\Illuminate\\Pipeline\\Pipeline.php(180): App\\Http\\Middleware\\Timezone->handle(Object(Illuminate\\Http\\Request), Object(Closure))
#45 C:\\xampp\\htdocs\\apply like facebook\\pos6.12\\app\\Http\\Middleware\\Language.php(25): Illuminate\\Pipeline\\Pipeline->Illuminate\\Pipeline\\{closure}(Object(Illuminate\\Http\\Request))
#46 C:\\xampp\\htdocs\\apply like facebook\\pos6.12\\vendor\\laravel\\framework\\src\\Illuminate\\Pipeline\\Pipeline.php(180): App\\Http\\Middleware\\Language->handle(Object(Illuminate\\Http\\Request), Object(Closure))
#47 C:\\xampp\\htdocs\\apply like facebook\\pos6.12\\app\\Http\\Middleware\\SetSessionData.php(52): Illuminate\\Pipeline\\Pipeline->Illuminate\\Pipeline\\{closure}(Object(Illuminate\\Http\\Request))
#48 C:\\xampp\\htdocs\\apply like facebook\\pos6.12\\vendor\\laravel\\framework\\src\\Illuminate\\Pipeline\\Pipeline.php(180): App\\Http\\Middleware\\SetSessionData->handle(Object(Illuminate\\Http\\Request), Object(Closure))
#49 C:\\xampp\\htdocs\\apply like facebook\\pos6.12\\vendor\\barryvdh\\laravel-debugbar\\src\\Middleware\\InjectDebugbar.php(59): Illuminate\\Pipeline\\Pipeline->Illuminate\\Pipeline\\{closure}(Object(Illuminate\\Http\\Request))
#50 C:\\xampp\\htdocs\\apply like facebook\\pos6.12\\vendor\\laravel\\framework\\src\\Illuminate\\Pipeline\\Pipeline.php(180): Barryvdh\\Debugbar\\Middleware\\InjectDebugbar->handle(Object(Illuminate\\Http\\Request), Object(Closure))
#51 C:\\xampp\\htdocs\\apply like facebook\\pos6.12\\vendor\\laravel\\framework\\src\\Illuminate\\Routing\\Middleware\\SubstituteBindings.php(50): Illuminate\\Pipeline\\Pipeline->Illuminate\\Pipeline\\{closure}(Object(Illuminate\\Http\\Request))
#52 C:\\xampp\\htdocs\\apply like facebook\\pos6.12\\vendor\\laravel\\framework\\src\\Illuminate\\Pipeline\\Pipeline.php(180): Illuminate\\Routing\\Middleware\\SubstituteBindings->handle(Object(Illuminate\\Http\\Request), Object(Closure))
#53 C:\\xampp\\htdocs\\apply like facebook\\pos6.12\\vendor\\laravel\\framework\\src\\Illuminate\\Auth\\Middleware\\Authenticate.php(44): Illuminate\\Pipeline\\Pipeline->Illuminate\\Pipeline\\{closure}(Object(Illuminate\\Http\\Request))
#54 C:\\xampp\\htdocs\\apply like facebook\\pos6.12\\vendor\\laravel\\framework\\src\\Illuminate\\Pipeline\\Pipeline.php(180): Illuminate\\Auth\\Middleware\\Authenticate->handle(Object(Illuminate\\Http\\Request), Object(Closure))
#55 C:\\xampp\\htdocs\\apply like facebook\\pos6.12\\vendor\\laravel\\framework\\src\\Illuminate\\Foundation\\Http\\Middleware\\VerifyCsrfToken.php(78): Illuminate\\Pipeline\\Pipeline->Illuminate\\Pipeline\\{closure}(Object(Illuminate\\Http\\Request))
#56 C:\\xampp\\htdocs\\apply like facebook\\pos6.12\\vendor\\laravel\\framework\\src\\Illuminate\\Pipeline\\Pipeline.php(180): Illuminate\\Foundation\\Http\\Middleware\\VerifyCsrfToken->handle(Object(Illuminate\\Http\\Request), Object(Closure))
#57 C:\\xampp\\htdocs\\apply like facebook\\pos6.12\\vendor\\laravel\\framework\\src\\Illuminate\\View\\Middleware\\ShareErrorsFromSession.php(49): Illuminate\\Pipeline\\Pipeline->Illuminate\\Pipeline\\{closure}(Object(Illuminate\\Http\\Request))
#58 C:\\xampp\\htdocs\\apply like facebook\\pos6.12\\vendor\\laravel\\framework\\src\\Illuminate\\Pipeline\\Pipeline.php(180): Illuminate\\View\\Middleware\\ShareErrorsFromSession->handle(Object(Illuminate\\Http\\Request), Object(Closure))
#59 C:\\xampp\\htdocs\\apply like facebook\\pos6.12\\vendor\\laravel\\framework\\src\\Illuminate\\Session\\Middleware\\StartSession.php(121): Illuminate\\Pipeline\\Pipeline->Illuminate\\Pipeline\\{closure}(Object(Illuminate\\Http\\Request))
#60 C:\\xampp\\htdocs\\apply like facebook\\pos6.12\\vendor\\laravel\\framework\\src\\Illuminate\\Session\\Middleware\\StartSession.php(64): Illuminate\\Session\\Middleware\\StartSession->handleStatefulRequest(Object(Illuminate\\Http\\Request), Object(Illuminate\\Session\\Store), Object(Closure))
#61 C:\\xampp\\htdocs\\apply like facebook\\pos6.12\\vendor\\laravel\\framework\\src\\Illuminate\\Pipeline\\Pipeline.php(180): Illuminate\\Session\\Middleware\\StartSession->handle(Object(Illuminate\\Http\\Request), Object(Closure))
#62 C:\\xampp\\htdocs\\apply like facebook\\pos6.12\\vendor\\laravel\\framework\\src\\Illuminate\\Cookie\\Middleware\\AddQueuedCookiesToResponse.php(37): Illuminate\\Pipeline\\Pipeline->Illuminate\\Pipeline\\{closure}(Object(Illuminate\\Http\\Request))
#63 C:\\xampp\\htdocs\\apply like facebook\\pos6.12\\vendor\\laravel\\framework\\src\\Illuminate\\Pipeline\\Pipeline.php(180): Illuminate\\Cookie\\Middleware\\AddQueuedCookiesToResponse->handle(Object(Illuminate\\Http\\Request), Object(Closure))
#64 C:\\xampp\\htdocs\\apply like facebook\\pos6.12\\vendor\\laravel\\framework\\src\\Illuminate\\Cookie\\Middleware\\EncryptCookies.php(67): Illuminate\\Pipeline\\Pipeline->Illuminate\\Pipeline\\{closure}(Object(Illuminate\\Http\\Request))
#65 C:\\xampp\\htdocs\\apply like facebook\\pos6.12\\vendor\\laravel\\framework\\src\\Illuminate\\Pipeline\\Pipeline.php(180): Illuminate\\Cookie\\Middleware\\EncryptCookies->handle(Object(Illuminate\\Http\\Request), Object(Closure))
#66 C:\\xampp\\htdocs\\apply like facebook\\pos6.12\\vendor\\laravel\\framework\\src\\Illuminate\\Pipeline\\Pipeline.php(116): Illuminate\\Pipeline\\Pipeline->Illuminate\\Pipeline\\{closure}(Object(Illuminate\\Http\\Request))
#67 C:\\xampp\\htdocs\\apply like facebook\\pos6.12\\vendor\\laravel\\framework\\src\\Illuminate\\Routing\\Router.php(797): Illuminate\\Pipeline\\Pipeline->then(Object(Closure))
#68 C:\\xampp\\htdocs\\apply like facebook\\pos6.12\\vendor\\laravel\\framework\\src\\Illuminate\\Routing\\Router.php(776): Illuminate\\Routing\\Router->runRouteWithinStack(Object(Illuminate\\Routing\\Route), Object(Illuminate\\Http\\Request))
#69 C:\\xampp\\htdocs\\apply like facebook\\pos6.12\\vendor\\laravel\\framework\\src\\Illuminate\\Routing\\Router.php(740): Illuminate\\Routing\\Router->runRoute(Object(Illuminate\\Http\\Request), Object(Illuminate\\Routing\\Route))
#70 C:\\xampp\\htdocs\\apply like facebook\\pos6.12\\vendor\\laravel\\framework\\src\\Illuminate\\Routing\\Router.php(729): Illuminate\\Routing\\Router->dispatchToRoute(Object(Illuminate\\Http\\Request))
#71 C:\\xampp\\htdocs\\apply like facebook\\pos6.12\\vendor\\laravel\\framework\\src\\Illuminate\\Foundation\\Http\\Kernel.php(190): Illuminate\\Routing\\Router->dispatch(Object(Illuminate\\Http\\Request))
#72 C:\\xampp\\htdocs\\apply like facebook\\pos6.12\\vendor\\laravel\\framework\\src\\Illuminate\\Pipeline\\Pipeline.php(141): Illuminate\\Foundation\\Http\\Kernel->Illuminate\\Foundation\\Http\\{closure}(Object(Illuminate\\Http\\Request))
#73 C:\\xampp\\htdocs\\apply like facebook\\pos6.12\\vendor\\barryvdh\\laravel-debugbar\\src\\Middleware\\InjectDebugbar.php(59): Illuminate\\Pipeline\\Pipeline->Illuminate\\Pipeline\\{closure}(Object(Illuminate\\Http\\Request))
#74 C:\\xampp\\htdocs\\apply like facebook\\pos6.12\\vendor\\laravel\\framework\\src\\Illuminate\\Pipeline\\Pipeline.php(180): Barryvdh\\Debugbar\\Middleware\\InjectDebugbar->handle(Object(Illuminate\\Http\\Request), Object(Closure))
#75 C:\\xampp\\htdocs\\apply like facebook\\pos6.12\\vendor\\laravel\\framework\\src\\Illuminate\\Foundation\\Http\\Middleware\\TransformsRequest.php(21): Illuminate\\Pipeline\\Pipeline->Illuminate\\Pipeline\\{closure}(Object(Illuminate\\Http\\Request))
#76 C:\\xampp\\htdocs\\apply like facebook\\pos6.12\\vendor\\laravel\\framework\\src\\Illuminate\\Foundation\\Http\\Middleware\\ConvertEmptyStringsToNull.php(31): Illuminate\\Foundation\\Http\\Middleware\\TransformsRequest->handle(Object(Illuminate\\Http\\Request), Object(Closure))
#77 C:\\xampp\\htdocs\\apply like facebook\\pos6.12\\vendor\\laravel\\framework\\src\\Illuminate\\Pipeline\\Pipeline.php(180): Illuminate\\Foundation\\Http\\Middleware\\ConvertEmptyStringsToNull->handle(Object(Illuminate\\Http\\Request), Object(Closure))
#78 C:\\xampp\\htdocs\\apply like facebook\\pos6.12\\vendor\\laravel\\framework\\src\\Illuminate\\Foundation\\Http\\Middleware\\TransformsRequest.php(21): Illuminate\\Pipeline\\Pipeline->Illuminate\\Pipeline\\{closure}(Object(Illuminate\\Http\\Request))
#79 C:\\xampp\\htdocs\\apply like facebook\\pos6.12\\vendor\\laravel\\framework\\src\\Illuminate\\Foundation\\Http\\Middleware\\TrimStrings.php(40): Illuminate\\Foundation\\Http\\Middleware\\TransformsRequest->handle(Object(Illuminate\\Http\\Request), Object(Closure))
#80 C:\\xampp\\htdocs\\apply like facebook\\pos6.12\\vendor\\laravel\\framework\\src\\Illuminate\\Pipeline\\Pipeline.php(180): Illuminate\\Foundation\\Http\\Middleware\\TrimStrings->handle(Object(Illuminate\\Http\\Request), Object(Closure))
#81 C:\\xampp\\htdocs\\apply like facebook\\pos6.12\\vendor\\laravel\\framework\\src\\Illuminate\\Foundation\\Http\\Middleware\\ValidatePostSize.php(27): Illuminate\\Pipeline\\Pipeline->Illuminate\\Pipeline\\{closure}(Object(Illuminate\\Http\\Request))
#82 C:\\xampp\\htdocs\\apply like facebook\\pos6.12\\vendor\\laravel\\framework\\src\\Illuminate\\Pipeline\\Pipeline.php(180): Illuminate\\Foundation\\Http\\Middleware\\ValidatePostSize->handle(Object(Illuminate\\Http\\Request), Object(Closure))
#83 C:\\xampp\\htdocs\\apply like facebook\\pos6.12\\vendor\\laravel\\framework\\src\\Illuminate\\Foundation\\Http\\Middleware\\PreventRequestsDuringMaintenance.php(86): Illuminate\\Pipeline\\Pipeline->Illuminate\\Pipeline\\{closure}(Object(Illuminate\\Http\\Request))
#84 C:\\xampp\\htdocs\\apply like facebook\\pos6.12\\vendor\\laravel\\framework\\src\\Illuminate\\Pipeline\\Pipeline.php(180): Illuminate\\Foundation\\Http\\Middleware\\PreventRequestsDuringMaintenance->handle(Object(Illuminate\\Http\\Request), Object(Closure))
#85 C:\\xampp\\htdocs\\apply like facebook\\pos6.12\\vendor\\laravel\\framework\\src\\Illuminate\\Http\\Middleware\\HandleCors.php(49): Illuminate\\Pipeline\\Pipeline->Illuminate\\Pipeline\\{closure}(Object(Illuminate\\Http\\Request))
#86 C:\\xampp\\htdocs\\apply like facebook\\pos6.12\\vendor\\laravel\\framework\\src\\Illuminate\\Pipeline\\Pipeline.php(180): Illuminate\\Http\\Middleware\\HandleCors->handle(Object(Illuminate\\Http\\Request), Object(Closure))
#87 C:\\xampp\\htdocs\\apply like facebook\\pos6.12\\vendor\\laravel\\framework\\src\\Illuminate\\Http\\Middleware\\TrustProxies.php(39): Illuminate\\Pipeline\\Pipeline->Illuminate\\Pipeline\\{closure}(Object(Illuminate\\Http\\Request))
#88 C:\\xampp\\htdocs\\apply like facebook\\pos6.12\\vendor\\laravel\\framework\\src\\Illuminate\\Pipeline\\Pipeline.php(180): Illuminate\\Http\\Middleware\\TrustProxies->handle(Object(Illuminate\\Http\\Request), Object(Closure))
#89 C:\\xampp\\htdocs\\apply like facebook\\pos6.12\\vendor\\laravel\\framework\\src\\Illuminate\\Pipeline\\Pipeline.php(116): Illuminate\\Pipeline\\Pipeline->Illuminate\\Pipeline\\{closure}(Object(Illuminate\\Http\\Request))
#90 C:\\xampp\\htdocs\\apply like facebook\\pos6.12\\vendor\\laravel\\framework\\src\\Illuminate\\Foundation\\Http\\Kernel.php(165): Illuminate\\Pipeline\\Pipeline->then(Object(Closure))
#91 C:\\xampp\\htdocs\\apply like facebook\\pos6.12\\vendor\\laravel\\framework\\src\\Illuminate\\Foundation\\Http\\Kernel.php(134): Illuminate\\Foundation\\Http\\Kernel->sendRequestThroughRouter(Object(Illuminate\\Http\\Request))
#92 C:\\xampp\\htdocs\\apply like facebook\\pos6.12\\public\\index.php(56): Illuminate\\Foundation\\Http\\Kernel->handle(Object(Illuminate\\Http\\Request))
#93 C:\\xampp\\htdocs\\apply like facebook\\pos6.12\\vendor\\laravel\\framework\\src\\Illuminate\\Foundation\\resources\\server.php(16): require_once('C:\\\\xampp\\\\htdocs...')
#94 {main}

[previous exception] [object] (TypeError(code: 0): count(): Argument #1 ($value) must be of type Countable|array, null given at C:\\xampp\\htdocs\\apply like facebook\\pos6.12\\storage\\framework\\views\\242977bc338f2cef39795aa4e8eed0394c090d0b.php:35)
[stacktrace]
#0 C:\\xampp\\htdocs\\apply like facebook\\pos6.12\\vendor\\laravel\\framework\\src\\Illuminate\\Filesystem\\Filesystem.php(109): require()
#1 C:\\xampp\\htdocs\\apply like facebook\\pos6.12\\vendor\\laravel\\framework\\src\\Illuminate\\Filesystem\\Filesystem.php(110): Illuminate\\Filesystem\\Filesystem::Illuminate\\Filesystem\\{closure}()
#2 C:\\xampp\\htdocs\\apply like facebook\\pos6.12\\vendor\\laravel\\framework\\src\\Illuminate\\View\\Engines\\PhpEngine.php(58): Illuminate\\Filesystem\\Filesystem->getRequire('C:\\\\xampp\\\\htdocs...', Array)
#3 C:\\xampp\\htdocs\\apply like facebook\\pos6.12\\vendor\\laravel\\framework\\src\\Illuminate\\View\\Engines\\CompilerEngine.php(70): Illuminate\\View\\Engines\\PhpEngine->evaluatePath('C:\\\\xampp\\\\htdocs...', Array)
#4 C:\\xampp\\htdocs\\apply like facebook\\pos6.12\\vendor\\laravel\\framework\\src\\Illuminate\\View\\View.php(195): Illuminate\\View\\Engines\\CompilerEngine->get('C:\\\\xampp\\\\htdocs...', Array)
#5 C:\\xampp\\htdocs\\apply like facebook\\pos6.12\\vendor\\laravel\\framework\\src\\Illuminate\\View\\View.php(178): Illuminate\\View\\View->getContents()
#6 C:\\xampp\\htdocs\\apply like facebook\\pos6.12\\vendor\\laravel\\framework\\src\\Illuminate\\View\\View.php(147): Illuminate\\View\\View->renderContents()
#7 C:\\xampp\\htdocs\\apply like facebook\\pos6.12\\storage\\framework\\views\\f136a7c06a43050aed77506dd2490c7a23d3736a.php(80): Illuminate\\View\\View->render()
#8 C:\\xampp\\htdocs\\apply like facebook\\pos6.12\\vendor\\laravel\\framework\\src\\Illuminate\\Filesystem\\Filesystem.php(109): require('C:\\\\xampp\\\\htdocs...')
#9 C:\\xampp\\htdocs\\apply like facebook\\pos6.12\\vendor\\laravel\\framework\\src\\Illuminate\\Filesystem\\Filesystem.php(110): Illuminate\\Filesystem\\Filesystem::Illuminate\\Filesystem\\{closure}()
#10 C:\\xampp\\htdocs\\apply like facebook\\pos6.12\\vendor\\laravel\\framework\\src\\Illuminate\\View\\Engines\\PhpEngine.php(58): Illuminate\\Filesystem\\Filesystem->getRequire('C:\\\\xampp\\\\htdocs...', Array)
#11 C:\\xampp\\htdocs\\apply like facebook\\pos6.12\\vendor\\laravel\\framework\\src\\Illuminate\\View\\Engines\\CompilerEngine.php(70): Illuminate\\View\\Engines\\PhpEngine->evaluatePath('C:\\\\xampp\\\\htdocs...', Array)
#12 C:\\xampp\\htdocs\\apply like facebook\\pos6.12\\vendor\\laravel\\framework\\src\\Illuminate\\View\\View.php(195): Illuminate\\View\\Engines\\CompilerEngine->get('C:\\\\xampp\\\\htdocs...', Array)
#13 C:\\xampp\\htdocs\\apply like facebook\\pos6.12\\vendor\\laravel\\framework\\src\\Illuminate\\View\\View.php(178): Illuminate\\View\\View->getContents()
#14 C:\\xampp\\htdocs\\apply like facebook\\pos6.12\\vendor\\laravel\\framework\\src\\Illuminate\\View\\View.php(147): Illuminate\\View\\View->renderContents()
#15 C:\\xampp\\htdocs\\apply like facebook\\pos6.12\\storage\\framework\\views\\9f34b93f4a1df2e5ed980d612969330def9d66cd.php(408): Illuminate\\View\\View->render()
#16 C:\\xampp\\htdocs\\apply like facebook\\pos6.12\\vendor\\laravel\\framework\\src\\Illuminate\\Filesystem\\Filesystem.php(109): require('C:\\\\xampp\\\\htdocs...')
#17 C:\\xampp\\htdocs\\apply like facebook\\pos6.12\\vendor\\laravel\\framework\\src\\Illuminate\\Filesystem\\Filesystem.php(110): Illuminate\\Filesystem\\Filesystem::Illuminate\\Filesystem\\{closure}()
#18 C:\\xampp\\htdocs\\apply like facebook\\pos6.12\\vendor\\laravel\\framework\\src\\Illuminate\\View\\Engines\\PhpEngine.php(58): Illuminate\\Filesystem\\Filesystem->getRequire('C:\\\\xampp\\\\htdocs...', Array)
#19 C:\\xampp\\htdocs\\apply like facebook\\pos6.12\\vendor\\laravel\\framework\\src\\Illuminate\\View\\Engines\\CompilerEngine.php(70): Illuminate\\View\\Engines\\PhpEngine->evaluatePath('C:\\\\xampp\\\\htdocs...', Array)
#20 C:\\xampp\\htdocs\\apply like facebook\\pos6.12\\vendor\\laravel\\framework\\src\\Illuminate\\View\\View.php(195): Illuminate\\View\\Engines\\CompilerEngine->get('C:\\\\xampp\\\\htdocs...', Array)
#21 C:\\xampp\\htdocs\\apply like facebook\\pos6.12\\vendor\\laravel\\framework\\src\\Illuminate\\View\\View.php(178): Illuminate\\View\\View->getContents()
#22 C:\\xampp\\htdocs\\apply like facebook\\pos6.12\\vendor\\laravel\\framework\\src\\Illuminate\\View\\View.php(147): Illuminate\\View\\View->renderContents()
#23 C:\\xampp\\htdocs\\apply like facebook\\pos6.12\\storage\\framework\\views\\06c133c35b9314a11881c0d070ac10d07039878c.php(7): Illuminate\\View\\View->render()
#24 C:\\xampp\\htdocs\\apply like facebook\\pos6.12\\vendor\\laravel\\framework\\src\\Illuminate\\Filesystem\\Filesystem.php(109): require('C:\\\\xampp\\\\htdocs...')
#25 C:\\xampp\\htdocs\\apply like facebook\\pos6.12\\vendor\\laravel\\framework\\src\\Illuminate\\Filesystem\\Filesystem.php(110): Illuminate\\Filesystem\\Filesystem::Illuminate\\Filesystem\\{closure}()
#26 C:\\xampp\\htdocs\\apply like facebook\\pos6.12\\vendor\\laravel\\framework\\src\\Illuminate\\View\\Engines\\PhpEngine.php(58): Illuminate\\Filesystem\\Filesystem->getRequire('C:\\\\xampp\\\\htdocs...', Array)
#27 C:\\xampp\\htdocs\\apply like facebook\\pos6.12\\vendor\\laravel\\framework\\src\\Illuminate\\View\\Engines\\CompilerEngine.php(70): Illuminate\\View\\Engines\\PhpEngine->evaluatePath('C:\\\\xampp\\\\htdocs...', Array)
#28 C:\\xampp\\htdocs\\apply like facebook\\pos6.12\\vendor\\laravel\\framework\\src\\Illuminate\\View\\View.php(195): Illuminate\\View\\Engines\\CompilerEngine->get('C:\\\\xampp\\\\htdocs...', Array)
#29 C:\\xampp\\htdocs\\apply like facebook\\pos6.12\\vendor\\laravel\\framework\\src\\Illuminate\\View\\View.php(178): Illuminate\\View\\View->getContents()
#30 C:\\xampp\\htdocs\\apply like facebook\\pos6.12\\vendor\\laravel\\framework\\src\\Illuminate\\View\\View.php(147): Illuminate\\View\\View->renderContents()
#31 C:\\xampp\\htdocs\\apply like facebook\\pos6.12\\vendor\\laravel\\framework\\src\\Illuminate\\Http\\Response.php(69): Illuminate\\View\\View->render()
#32 C:\\xampp\\htdocs\\apply like facebook\\pos6.12\\vendor\\laravel\\framework\\src\\Illuminate\\Http\\Response.php(35): Illuminate\\Http\\Response->setContent(Object(Illuminate\\View\\View))
#33 C:\\xampp\\htdocs\\apply like facebook\\pos6.12\\vendor\\laravel\\framework\\src\\Illuminate\\Routing\\Router.php(906): Illuminate\\Http\\Response->__construct(Object(Illuminate\\View\\View), 200, Array)
#34 C:\\xampp\\htdocs\\apply like facebook\\pos6.12\\vendor\\laravel\\framework\\src\\Illuminate\\Routing\\Router.php(875): Illuminate\\Routing\\Router::toResponse(Object(Illuminate\\Http\\Request), Object(Illuminate\\View\\View))
#35 C:\\xampp\\htdocs\\apply like facebook\\pos6.12\\vendor\\laravel\\framework\\src\\Illuminate\\Routing\\Router.php(797): Illuminate\\Routing\\Router->prepareResponse(Object(Illuminate\\Http\\Request), Object(Illuminate\\View\\View))
#36 C:\\xampp\\htdocs\\apply like facebook\\pos6.12\\vendor\\laravel\\framework\\src\\Illuminate\\Pipeline\\Pipeline.php(141): Illuminate\\Routing\\Router->Illuminate\\Routing\\{closure}(Object(Illuminate\\Http\\Request))
#37 C:\\xampp\\htdocs\\apply like facebook\\pos6.12\\vendor\\laravel\\framework\\src\\Illuminate\\Auth\\Middleware\\Authorize.php(45): Illuminate\\Pipeline\\Pipeline->Illuminate\\Pipeline\\{closure}(Object(Illuminate\\Http\\Request))
#38 C:\\xampp\\htdocs\\apply like facebook\\pos6.12\\vendor\\laravel\\framework\\src\\Illuminate\\Pipeline\\Pipeline.php(180): Illuminate\\Auth\\Middleware\\Authorize->handle(Object(Illuminate\\Http\\Request), Object(Closure), 'loan_management...')
#39 C:\\xampp\\htdocs\\apply like facebook\\pos6.12\\app\\Http\\Middleware\\CheckUserLogin.php(22): Illuminate\\Pipeline\\Pipeline->Illuminate\\Pipeline\\{closure}(Object(Illuminate\\Http\\Request))
#40 C:\\xampp\\htdocs\\apply like facebook\\pos6.12\\vendor\\laravel\\framework\\src\\Illuminate\\Pipeline\\Pipeline.php(180): App\\Http\\Middleware\\CheckUserLogin->handle(Object(Illuminate\\Http\\Request), Object(Closure))
#41 C:\\xampp\\htdocs\\apply like facebook\\pos6.12\\app\\Http\\Middleware\\AdminSidebarMenu.php(901): Illuminate\\Pipeline\\Pipeline->Illuminate\\Pipeline\\{closure}(Object(Illuminate\\Http\\Request))
#42 C:\\xampp\\htdocs\\apply like facebook\\pos6.12\\vendor\\laravel\\framework\\src\\Illuminate\\Pipeline\\Pipeline.php(180): App\\Http\\Middleware\\AdminSidebarMenu->handle(Object(Illuminate\\Http\\Request), Object(Closure))
#43 C:\\xampp\\htdocs\\apply like facebook\\pos6.12\\app\\Http\\Middleware\\Timezone.php(30): Illuminate\\Pipeline\\Pipeline->Illuminate\\Pipeline\\{closure}(Object(Illuminate\\Http\\Request))
#44 C:\\xampp\\htdocs\\apply like facebook\\pos6.12\\vendor\\laravel\\framework\\src\\Illuminate\\Pipeline\\Pipeline.php(180): App\\Http\\Middleware\\Timezone->handle(Object(Illuminate\\Http\\Request), Object(Closure))
#45 C:\\xampp\\htdocs\\apply like facebook\\pos6.12\\app\\Http\\Middleware\\Language.php(25): Illuminate\\Pipeline\\Pipeline->Illuminate\\Pipeline\\{closure}(Object(Illuminate\\Http\\Request))
#46 C:\\xampp\\htdocs\\apply like facebook\\pos6.12\\vendor\\laravel\\framework\\src\\Illuminate\\Pipeline\\Pipeline.php(180): App\\Http\\Middleware\\Language->handle(Object(Illuminate\\Http\\Request), Object(Closure))
#47 C:\\xampp\\htdocs\\apply like facebook\\pos6.12\\app\\Http\\Middleware\\SetSessionData.php(52): Illuminate\\Pipeline\\Pipeline->Illuminate\\Pipeline\\{closure}(Object(Illuminate\\Http\\Request))
#48 C:\\xampp\\htdocs\\apply like facebook\\pos6.12\\vendor\\laravel\\framework\\src\\Illuminate\\Pipeline\\Pipeline.php(180): App\\Http\\Middleware\\SetSessionData->handle(Object(Illuminate\\Http\\Request), Object(Closure))
#49 C:\\xampp\\htdocs\\apply like facebook\\pos6.12\\vendor\\barryvdh\\laravel-debugbar\\src\\Middleware\\InjectDebugbar.php(59): Illuminate\\Pipeline\\Pipeline->Illuminate\\Pipeline\\{closure}(Object(Illuminate\\Http\\Request))
#50 C:\\xampp\\htdocs\\apply like facebook\\pos6.12\\vendor\\laravel\\framework\\src\\Illuminate\\Pipeline\\Pipeline.php(180): Barryvdh\\Debugbar\\Middleware\\InjectDebugbar->handle(Object(Illuminate\\Http\\Request), Object(Closure))
#51 C:\\xampp\\htdocs\\apply like facebook\\pos6.12\\vendor\\laravel\\framework\\src\\Illuminate\\Routing\\Middleware\\SubstituteBindings.php(50): Illuminate\\Pipeline\\Pipeline->Illuminate\\Pipeline\\{closure}(Object(Illuminate\\Http\\Request))
#52 C:\\xampp\\htdocs\\apply like facebook\\pos6.12\\vendor\\laravel\\framework\\src\\Illuminate\\Pipeline\\Pipeline.php(180): Illuminate\\Routing\\Middleware\\SubstituteBindings->handle(Object(Illuminate\\Http\\Request), Object(Closure))
#53 C:\\xampp\\htdocs\\apply like facebook\\pos6.12\\vendor\\laravel\\framework\\src\\Illuminate\\Auth\\Middleware\\Authenticate.php(44): Illuminate\\Pipeline\\Pipeline->Illuminate\\Pipeline\\{closure}(Object(Illuminate\\Http\\Request))
#54 C:\\xampp\\htdocs\\apply like facebook\\pos6.12\\vendor\\laravel\\framework\\src\\Illuminate\\Pipeline\\Pipeline.php(180): Illuminate\\Auth\\Middleware\\Authenticate->handle(Object(Illuminate\\Http\\Request), Object(Closure))
#55 C:\\xampp\\htdocs\\apply like facebook\\pos6.12\\vendor\\laravel\\framework\\src\\Illuminate\\Foundation\\Http\\Middleware\\VerifyCsrfToken.php(78): Illuminate\\Pipeline\\Pipeline->Illuminate\\Pipeline\\{closure}(Object(Illuminate\\Http\\Request))
#56 C:\\xampp\\htdocs\\apply like facebook\\pos6.12\\vendor\\laravel\\framework\\src\\Illuminate\\Pipeline\\Pipeline.php(180): Illuminate\\Foundation\\Http\\Middleware\\VerifyCsrfToken->handle(Object(Illuminate\\Http\\Request), Object(Closure))
#57 C:\\xampp\\htdocs\\apply like facebook\\pos6.12\\vendor\\laravel\\framework\\src\\Illuminate\\View\\Middleware\\ShareErrorsFromSession.php(49): Illuminate\\Pipeline\\Pipeline->Illuminate\\Pipeline\\{closure}(Object(Illuminate\\Http\\Request))
#58 C:\\xampp\\htdocs\\apply like facebook\\pos6.12\\vendor\\laravel\\framework\\src\\Illuminate\\Pipeline\\Pipeline.php(180): Illuminate\\View\\Middleware\\ShareErrorsFromSession->handle(Object(Illuminate\\Http\\Request), Object(Closure))
#59 C:\\xampp\\htdocs\\apply like facebook\\pos6.12\\vendor\\laravel\\framework\\src\\Illuminate\\Session\\Middleware\\StartSession.php(121): Illuminate\\Pipeline\\Pipeline->Illuminate\\Pipeline\\{closure}(Object(Illuminate\\Http\\Request))
#60 C:\\xampp\\htdocs\\apply like facebook\\pos6.12\\vendor\\laravel\\framework\\src\\Illuminate\\Session\\Middleware\\StartSession.php(64): Illuminate\\Session\\Middleware\\StartSession->handleStatefulRequest(Object(Illuminate\\Http\\Request), Object(Illuminate\\Session\\Store), Object(Closure))
#61 C:\\xampp\\htdocs\\apply like facebook\\pos6.12\\vendor\\laravel\\framework\\src\\Illuminate\\Pipeline\\Pipeline.php(180): Illuminate\\Session\\Middleware\\StartSession->handle(Object(Illuminate\\Http\\Request), Object(Closure))
#62 C:\\xampp\\htdocs\\apply like facebook\\pos6.12\\vendor\\laravel\\framework\\src\\Illuminate\\Cookie\\Middleware\\AddQueuedCookiesToResponse.php(37): Illuminate\\Pipeline\\Pipeline->Illuminate\\Pipeline\\{closure}(Object(Illuminate\\Http\\Request))
#63 C:\\xampp\\htdocs\\apply like facebook\\pos6.12\\vendor\\laravel\\framework\\src\\Illuminate\\Pipeline\\Pipeline.php(180): Illuminate\\Cookie\\Middleware\\AddQueuedCookiesToResponse->handle(Object(Illuminate\\Http\\Request), Object(Closure))
#64 C:\\xampp\\htdocs\\apply like facebook\\pos6.12\\vendor\\laravel\\framework\\src\\Illuminate\\Cookie\\Middleware\\EncryptCookies.php(67): Illuminate\\Pipeline\\Pipeline->Illuminate\\Pipeline\\{closure}(Object(Illuminate\\Http\\Request))
#65 C:\\xampp\\htdocs\\apply like facebook\\pos6.12\\vendor\\laravel\\framework\\src\\Illuminate\\Pipeline\\Pipeline.php(180): Illuminate\\Cookie\\Middleware\\EncryptCookies->handle(Object(Illuminate\\Http\\Request), Object(Closure))
#66 C:\\xampp\\htdocs\\apply like facebook\\pos6.12\\vendor\\laravel\\framework\\src\\Illuminate\\Pipeline\\Pipeline.php(116): Illuminate\\Pipeline\\Pipeline->Illuminate\\Pipeline\\{closure}(Object(Illuminate\\Http\\Request))
#67 C:\\xampp\\htdocs\\apply like facebook\\pos6.12\\vendor\\laravel\\framework\\src\\Illuminate\\Routing\\Router.php(797): Illuminate\\Pipeline\\Pipeline->then(Object(Closure))
#68 C:\\xampp\\htdocs\\apply like facebook\\pos6.12\\vendor\\laravel\\framework\\src\\Illuminate\\Routing\\Router.php(776): Illuminate\\Routing\\Router->runRouteWithinStack(Object(Illuminate\\Routing\\Route), Object(Illuminate\\Http\\Request))
#69 C:\\xampp\\htdocs\\apply like facebook\\pos6.12\\vendor\\laravel\\framework\\src\\Illuminate\\Routing\\Router.php(740): Illuminate\\Routing\\Router->runRoute(Object(Illuminate\\Http\\Request), Object(Illuminate\\Routing\\Route))
#70 C:\\xampp\\htdocs\\apply like facebook\\pos6.12\\vendor\\laravel\\framework\\src\\Illuminate\\Routing\\Router.php(729): Illuminate\\Routing\\Router->dispatchToRoute(Object(Illuminate\\Http\\Request))
#71 C:\\xampp\\htdocs\\apply like facebook\\pos6.12\\vendor\\laravel\\framework\\src\\Illuminate\\Foundation\\Http\\Kernel.php(190): Illuminate\\Routing\\Router->dispatch(Object(Illuminate\\Http\\Request))
#72 C:\\xampp\\htdocs\\apply like facebook\\pos6.12\\vendor\\laravel\\framework\\src\\Illuminate\\Pipeline\\Pipeline.php(141): Illuminate\\Foundation\\Http\\Kernel->Illuminate\\Foundation\\Http\\{closure}(Object(Illuminate\\Http\\Request))
#73 C:\\xampp\\htdocs\\apply like facebook\\pos6.12\\vendor\\barryvdh\\laravel-debugbar\\src\\Middleware\\InjectDebugbar.php(59): Illuminate\\Pipeline\\Pipeline->Illuminate\\Pipeline\\{closure}(Object(Illuminate\\Http\\Request))
#74 C:\\xampp\\htdocs\\apply like facebook\\pos6.12\\vendor\\laravel\\framework\\src\\Illuminate\\Pipeline\\Pipeline.php(180): Barryvdh\\Debugbar\\Middleware\\InjectDebugbar->handle(Object(Illuminate\\Http\\Request), Object(Closure))
#75 C:\\xampp\\htdocs\\apply like facebook\\pos6.12\\vendor\\laravel\\framework\\src\\Illuminate\\Foundation\\Http\\Middleware\\TransformsRequest.php(21): Illuminate\\Pipeline\\Pipeline->Illuminate\\Pipeline\\{closure}(Object(Illuminate\\Http\\Request))
#76 C:\\xampp\\htdocs\\apply like facebook\\pos6.12\\vendor\\laravel\\framework\\src\\Illuminate\\Foundation\\Http\\Middleware\\ConvertEmptyStringsToNull.php(31): Illuminate\\Foundation\\Http\\Middleware\\TransformsRequest->handle(Object(Illuminate\\Http\\Request), Object(Closure))
#77 C:\\xampp\\htdocs\\apply like facebook\\pos6.12\\vendor\\laravel\\framework\\src\\Illuminate\\Pipeline\\Pipeline.php(180): Illuminate\\Foundation\\Http\\Middleware\\ConvertEmptyStringsToNull->handle(Object(Illuminate\\Http\\Request), Object(Closure))
#78 C:\\xampp\\htdocs\\apply like facebook\\pos6.12\\vendor\\laravel\\framework\\src\\Illuminate\\Foundation\\Http\\Middleware\\TransformsRequest.php(21): Illuminate\\Pipeline\\Pipeline->Illuminate\\Pipeline\\{closure}(Object(Illuminate\\Http\\Request))
#79 C:\\xampp\\htdocs\\apply like facebook\\pos6.12\\vendor\\laravel\\framework\\src\\Illuminate\\Foundation\\Http\\Middleware\\TrimStrings.php(40): Illuminate\\Foundation\\Http\\Middleware\\TransformsRequest->handle(Object(Illuminate\\Http\\Request), Object(Closure))
#80 C:\\xampp\\htdocs\\apply like facebook\\pos6.12\\vendor\\laravel\\framework\\src\\Illuminate\\Pipeline\\Pipeline.php(180): Illuminate\\Foundation\\Http\\Middleware\\TrimStrings->handle(Object(Illuminate\\Http\\Request), Object(Closure))
#81 C:\\xampp\\htdocs\\apply like facebook\\pos6.12\\vendor\\laravel\\framework\\src\\Illuminate\\Foundation\\Http\\Middleware\\ValidatePostSize.php(27): Illuminate\\Pipeline\\Pipeline->Illuminate\\Pipeline\\{closure}(Object(Illuminate\\Http\\Request))
#82 C:\\xampp\\htdocs\\apply like facebook\\pos6.12\\vendor\\laravel\\framework\\src\\Illuminate\\Pipeline\\Pipeline.php(180): Illuminate\\Foundation\\Http\\Middleware\\ValidatePostSize->handle(Object(Illuminate\\Http\\Request), Object(Closure))
#83 C:\\xampp\\htdocs\\apply like facebook\\pos6.12\\vendor\\laravel\\framework\\src\\Illuminate\\Foundation\\Http\\Middleware\\PreventRequestsDuringMaintenance.php(86): Illuminate\\Pipeline\\Pipeline->Illuminate\\Pipeline\\{closure}(Object(Illuminate\\Http\\Request))
#84 C:\\xampp\\htdocs\\apply like facebook\\pos6.12\\vendor\\laravel\\framework\\src\\Illuminate\\Pipeline\\Pipeline.php(180): Illuminate\\Foundation\\Http\\Middleware\\PreventRequestsDuringMaintenance->handle(Object(Illuminate\\Http\\Request), Object(Closure))
#85 C:\\xampp\\htdocs\\apply like facebook\\pos6.12\\vendor\\laravel\\framework\\src\\Illuminate\\Http\\Middleware\\HandleCors.php(49): Illuminate\\Pipeline\\Pipeline->Illuminate\\Pipeline\\{closure}(Object(Illuminate\\Http\\Request))
#86 C:\\xampp\\htdocs\\apply like facebook\\pos6.12\\vendor\\laravel\\framework\\src\\Illuminate\\Pipeline\\Pipeline.php(180): Illuminate\\Http\\Middleware\\HandleCors->handle(Object(Illuminate\\Http\\Request), Object(Closure))
#87 C:\\xampp\\htdocs\\apply like facebook\\pos6.12\\vendor\\laravel\\framework\\src\\Illuminate\\Http\\Middleware\\TrustProxies.php(39): Illuminate\\Pipeline\\Pipeline->Illuminate\\Pipeline\\{closure}(Object(Illuminate\\Http\\Request))
#88 C:\\xampp\\htdocs\\apply like facebook\\pos6.12\\vendor\\laravel\\framework\\src\\Illuminate\\Pipeline\\Pipeline.php(180): Illuminate\\Http\\Middleware\\TrustProxies->handle(Object(Illuminate\\Http\\Request), Object(Closure))
#89 C:\\xampp\\htdocs\\apply like facebook\\pos6.12\\vendor\\laravel\\framework\\src\\Illuminate\\Pipeline\\Pipeline.php(116): Illuminate\\Pipeline\\Pipeline->Illuminate\\Pipeline\\{closure}(Object(Illuminate\\Http\\Request))
#90 C:\\xampp\\htdocs\\apply like facebook\\pos6.12\\vendor\\laravel\\framework\\src\\Illuminate\\Foundation\\Http\\Kernel.php(165): Illuminate\\Pipeline\\Pipeline->then(Object(Closure))
#91 C:\\xampp\\htdocs\\apply like facebook\\pos6.12\\vendor\\laravel\\framework\\src\\Illuminate\\Foundation\\Http\\Kernel.php(134): Illuminate\\Foundation\\Http\\Kernel->sendRequestThroughRouter(Object(Illuminate\\Http\\Request))
#92 C:\\xampp\\htdocs\\apply like facebook\\pos6.12\\public\\index.php(56): Illuminate\\Foundation\\Http\\Kernel->handle(Object(Illuminate\\Http\\Request))
#93 C:\\xampp\\htdocs\\apply like facebook\\pos6.12\\vendor\\laravel\\framework\\src\\Illuminate\\Foundation\\resources\\server.php(16): require_once('C:\\\\xampp\\\\htdocs...')
#94 {main}

[previous exception] [object] (ErrorException(code: 0): Undefined variable $business_locations at C:\\xampp\\htdocs\\apply like facebook\\pos6.12\\storage\\framework\\views\\242977bc338f2cef39795aa4e8eed0394c090d0b.php:35)
[stacktrace]
#0 C:\\xampp\\htdocs\\apply like facebook\\pos6.12\\vendor\\laravel\\framework\\src\\Illuminate\\Foundation\\Bootstrap\\HandleExceptions.php(270): Illuminate\\Foundation\\Bootstrap\\HandleExceptions->handleError(2, 'Undefined varia...', 'C:\\\\xampp\\\\htdocs...', 35)
#1 C:\\xampp\\htdocs\\apply like facebook\\pos6.12\\storage\\framework\\views\\242977bc338f2cef39795aa4e8eed0394c090d0b.php(35): Illuminate\\Foundation\\Bootstrap\\HandleExceptions->Illuminate\\Foundation\\Bootstrap\\{closure}(2, 'Undefined varia...', 'C:\\\\xampp\\\\htdocs...', 35)
#2 C:\\xampp\\htdocs\\apply like facebook\\pos6.12\\vendor\\laravel\\framework\\src\\Illuminate\\Filesystem\\Filesystem.php(109): require('C:\\\\xampp\\\\htdocs...')
#3 C:\\xampp\\htdocs\\apply like facebook\\pos6.12\\vendor\\laravel\\framework\\src\\Illuminate\\Filesystem\\Filesystem.php(110): Illuminate\\Filesystem\\Filesystem::Illuminate\\Filesystem\\{closure}()
#4 C:\\xampp\\htdocs\\apply like facebook\\pos6.12\\vendor\\laravel\\framework\\src\\Illuminate\\View\\Engines\\PhpEngine.php(58): Illuminate\\Filesystem\\Filesystem->getRequire('C:\\\\xampp\\\\htdocs...', Array)
#5 C:\\xampp\\htdocs\\apply like facebook\\pos6.12\\vendor\\laravel\\framework\\src\\Illuminate\\View\\Engines\\CompilerEngine.php(70): Illuminate\\View\\Engines\\PhpEngine->evaluatePath('C:\\\\xampp\\\\htdocs...', Array)
#6 C:\\xampp\\htdocs\\apply like facebook\\pos6.12\\vendor\\laravel\\framework\\src\\Illuminate\\View\\View.php(195): Illuminate\\View\\Engines\\CompilerEngine->get('C:\\\\xampp\\\\htdocs...', Array)
#7 C:\\xampp\\htdocs\\apply like facebook\\pos6.12\\vendor\\laravel\\framework\\src\\Illuminate\\View\\View.php(178): Illuminate\\View\\View->getContents()
#8 C:\\xampp\\htdocs\\apply like facebook\\pos6.12\\vendor\\laravel\\framework\\src\\Illuminate\\View\\View.php(147): Illuminate\\View\\View->renderContents()
#9 C:\\xampp\\htdocs\\apply like facebook\\pos6.12\\storage\\framework\\views\\f136a7c06a43050aed77506dd2490c7a23d3736a.php(80): Illuminate\\View\\View->render()
#10 C:\\xampp\\htdocs\\apply like facebook\\pos6.12\\vendor\\laravel\\framework\\src\\Illuminate\\Filesystem\\Filesystem.php(109): require('C:\\\\xampp\\\\htdocs...')
#11 C:\\xampp\\htdocs\\apply like facebook\\pos6.12\\vendor\\laravel\\framework\\src\\Illuminate\\Filesystem\\Filesystem.php(110): Illuminate\\Filesystem\\Filesystem::Illuminate\\Filesystem\\{closure}()
#12 C:\\xampp\\htdocs\\apply like facebook\\pos6.12\\vendor\\laravel\\framework\\src\\Illuminate\\View\\Engines\\PhpEngine.php(58): Illuminate\\Filesystem\\Filesystem->getRequire('C:\\\\xampp\\\\htdocs...', Array)
#13 C:\\xampp\\htdocs\\apply like facebook\\pos6.12\\vendor\\laravel\\framework\\src\\Illuminate\\View\\Engines\\CompilerEngine.php(70): Illuminate\\View\\Engines\\PhpEngine->evaluatePath('C:\\\\xampp\\\\htdocs...', Array)
#14 C:\\xampp\\htdocs\\apply like facebook\\pos6.12\\vendor\\laravel\\framework\\src\\Illuminate\\View\\View.php(195): Illuminate\\View\\Engines\\CompilerEngine->get('C:\\\\xampp\\\\htdocs...', Array)
#15 C:\\xampp\\htdocs\\apply like facebook\\pos6.12\\vendor\\laravel\\framework\\src\\Illuminate\\View\\View.php(178): Illuminate\\View\\View->getContents()
#16 C:\\xampp\\htdocs\\apply like facebook\\pos6.12\\vendor\\laravel\\framework\\src\\Illuminate\\View\\View.php(147): Illuminate\\View\\View->renderContents()
#17 C:\\xampp\\htdocs\\apply like facebook\\pos6.12\\storage\\framework\\views\\9f34b93f4a1df2e5ed980d612969330def9d66cd.php(408): Illuminate\\View\\View->render()
#18 C:\\xampp\\htdocs\\apply like facebook\\pos6.12\\vendor\\laravel\\framework\\src\\Illuminate\\Filesystem\\Filesystem.php(109): require('C:\\\\xampp\\\\htdocs...')
#19 C:\\xampp\\htdocs\\apply like facebook\\pos6.12\\vendor\\laravel\\framework\\src\\Illuminate\\Filesystem\\Filesystem.php(110): Illuminate\\Filesystem\\Filesystem::Illuminate\\Filesystem\\{closure}()
#20 C:\\xampp\\htdocs\\apply like facebook\\pos6.12\\vendor\\laravel\\framework\\src\\Illuminate\\View\\Engines\\PhpEngine.php(58): Illuminate\\Filesystem\\Filesystem->getRequire('C:\\\\xampp\\\\htdocs...', Array)
#21 C:\\xampp\\htdocs\\apply like facebook\\pos6.12\\vendor\\laravel\\framework\\src\\Illuminate\\View\\Engines\\CompilerEngine.php(70): Illuminate\\View\\Engines\\PhpEngine->evaluatePath('C:\\\\xampp\\\\htdocs...', Array)
#22 C:\\xampp\\htdocs\\apply like facebook\\pos6.12\\vendor\\laravel\\framework\\src\\Illuminate\\View\\View.php(195): Illuminate\\View\\Engines\\CompilerEngine->get('C:\\\\xampp\\\\htdocs...', Array)
#23 C:\\xampp\\htdocs\\apply like facebook\\pos6.12\\vendor\\laravel\\framework\\src\\Illuminate\\View\\View.php(178): Illuminate\\View\\View->getContents()
#24 C:\\xampp\\htdocs\\apply like facebook\\pos6.12\\vendor\\laravel\\framework\\src\\Illuminate\\View\\View.php(147): Illuminate\\View\\View->renderContents()
#25 C:\\xampp\\htdocs\\apply like facebook\\pos6.12\\storage\\framework\\views\\06c133c35b9314a11881c0d070ac10d07039878c.php(7): Illuminate\\View\\View->render()
#26 C:\\xampp\\htdocs\\apply like facebook\\pos6.12\\vendor\\laravel\\framework\\src\\Illuminate\\Filesystem\\Filesystem.php(109): require('C:\\\\xampp\\\\htdocs...')
#27 C:\\xampp\\htdocs\\apply like facebook\\pos6.12\\vendor\\laravel\\framework\\src\\Illuminate\\Filesystem\\Filesystem.php(110): Illuminate\\Filesystem\\Filesystem::Illuminate\\Filesystem\\{closure}()
#28 C:\\xampp\\htdocs\\apply like facebook\\pos6.12\\vendor\\laravel\\framework\\src\\Illuminate\\View\\Engines\\PhpEngine.php(58): Illuminate\\Filesystem\\Filesystem->getRequire('C:\\\\xampp\\\\htdocs...', Array)
#29 C:\\xampp\\htdocs\\apply like facebook\\pos6.12\\vendor\\laravel\\framework\\src\\Illuminate\\View\\Engines\\CompilerEngine.php(70): Illuminate\\View\\Engines\\PhpEngine->evaluatePath('C:\\\\xampp\\\\htdocs...', Array)
#30 C:\\xampp\\htdocs\\apply like facebook\\pos6.12\\vendor\\laravel\\framework\\src\\Illuminate\\View\\View.php(195): Illuminate\\View\\Engines\\CompilerEngine->get('C:\\\\xampp\\\\htdocs...', Array)
#31 C:\\xampp\\htdocs\\apply like facebook\\pos6.12\\vendor\\laravel\\framework\\src\\Illuminate\\View\\View.php(178): Illuminate\\View\\View->getContents()
#32 C:\\xampp\\htdocs\\apply like facebook\\pos6.12\\vendor\\laravel\\framework\\src\\Illuminate\\View\\View.php(147): Illuminate\\View\\View->renderContents()
#33 C:\\xampp\\htdocs\\apply like facebook\\pos6.12\\vendor\\laravel\\framework\\src\\Illuminate\\Http\\Response.php(69): Illuminate\\View\\View->render()
#34 C:\\xampp\\htdocs\\apply like facebook\\pos6.12\\vendor\\laravel\\framework\\src\\Illuminate\\Http\\Response.php(35): Illuminate\\Http\\Response->setContent(Object(Illuminate\\View\\View))
#35 C:\\xampp\\htdocs\\apply like facebook\\pos6.12\\vendor\\laravel\\framework\\src\\Illuminate\\Routing\\Router.php(906): Illuminate\\Http\\Response->__construct(Object(Illuminate\\View\\View), 200, Array)
#36 C:\\xampp\\htdocs\\apply like facebook\\pos6.12\\vendor\\laravel\\framework\\src\\Illuminate\\Routing\\Router.php(875): Illuminate\\Routing\\Router::toResponse(Object(Illuminate\\Http\\Request), Object(Illuminate\\View\\View))
#37 C:\\xampp\\htdocs\\apply like facebook\\pos6.12\\vendor\\laravel\\framework\\src\\Illuminate\\Routing\\Router.php(797): Illuminate\\Routing\\Router->prepareResponse(Object(Illuminate\\Http\\Request), Object(Illuminate\\View\\View))
#38 C:\\xampp\\htdocs\\apply like facebook\\pos6.12\\vendor\\laravel\\framework\\src\\Illuminate\\Pipeline\\Pipeline.php(141): Illuminate\\Routing\\Router->Illuminate\\Routing\\{closure}(Object(Illuminate\\Http\\Request))
#39 C:\\xampp\\htdocs\\apply like facebook\\pos6.12\\vendor\\laravel\\framework\\src\\Illuminate\\Auth\\Middleware\\Authorize.php(45): Illuminate\\Pipeline\\Pipeline->Illuminate\\Pipeline\\{closure}(Object(Illuminate\\Http\\Request))
#40 C:\\xampp\\htdocs\\apply like facebook\\pos6.12\\vendor\\laravel\\framework\\src\\Illuminate\\Pipeline\\Pipeline.php(180): Illuminate\\Auth\\Middleware\\Authorize->handle(Object(Illuminate\\Http\\Request), Object(Closure), 'loan_management...')
#41 C:\\xampp\\htdocs\\apply like facebook\\pos6.12\\app\\Http\\Middleware\\CheckUserLogin.php(22): Illuminate\\Pipeline\\Pipeline->Illuminate\\Pipeline\\{closure}(Object(Illuminate\\Http\\Request))
#42 C:\\xampp\\htdocs\\apply like facebook\\pos6.12\\vendor\\laravel\\framework\\src\\Illuminate\\Pipeline\\Pipeline.php(180): App\\Http\\Middleware\\CheckUserLogin->handle(Object(Illuminate\\Http\\Request), Object(Closure))
#43 C:\\xampp\\htdocs\\apply like facebook\\pos6.12\\app\\Http\\Middleware\\AdminSidebarMenu.php(901): Illuminate\\Pipeline\\Pipeline->Illuminate\\Pipeline\\{closure}(Object(Illuminate\\Http\\Request))
#44 C:\\xampp\\htdocs\\apply like facebook\\pos6.12\\vendor\\laravel\\framework\\src\\Illuminate\\Pipeline\\Pipeline.php(180): App\\Http\\Middleware\\AdminSidebarMenu->handle(Object(Illuminate\\Http\\Request), Object(Closure))
#45 C:\\xampp\\htdocs\\apply like facebook\\pos6.12\\app\\Http\\Middleware\\Timezone.php(30): Illuminate\\Pipeline\\Pipeline->Illuminate\\Pipeline\\{closure}(Object(Illuminate\\Http\\Request))
#46 C:\\xampp\\htdocs\\apply like facebook\\pos6.12\\vendor\\laravel\\framework\\src\\Illuminate\\Pipeline\\Pipeline.php(180): App\\Http\\Middleware\\Timezone->handle(Object(Illuminate\\Http\\Request), Object(Closure))
#47 C:\\xampp\\htdocs\\apply like facebook\\pos6.12\\app\\Http\\Middleware\\Language.php(25): Illuminate\\Pipeline\\Pipeline->Illuminate\\Pipeline\\{closure}(Object(Illuminate\\Http\\Request))
#48 C:\\xampp\\htdocs\\apply like facebook\\pos6.12\\vendor\\laravel\\framework\\src\\Illuminate\\Pipeline\\Pipeline.php(180): App\\Http\\Middleware\\Language->handle(Object(Illuminate\\Http\\Request), Object(Closure))
#49 C:\\xampp\\htdocs\\apply like facebook\\pos6.12\\app\\Http\\Middleware\\SetSessionData.php(52): Illuminate\\Pipeline\\Pipeline->Illuminate\\Pipeline\\{closure}(Object(Illuminate\\Http\\Request))
#50 C:\\xampp\\htdocs\\apply like facebook\\pos6.12\\vendor\\laravel\\framework\\src\\Illuminate\\Pipeline\\Pipeline.php(180): App\\Http\\Middleware\\SetSessionData->handle(Object(Illuminate\\Http\\Request), Object(Closure))
#51 C:\\xampp\\htdocs\\apply like facebook\\pos6.12\\vendor\\barryvdh\\laravel-debugbar\\src\\Middleware\\InjectDebugbar.php(59): Illuminate\\Pipeline\\Pipeline->Illuminate\\Pipeline\\{closure}(Object(Illuminate\\Http\\Request))
#52 C:\\xampp\\htdocs\\apply like facebook\\pos6.12\\vendor\\laravel\\framework\\src\\Illuminate\\Pipeline\\Pipeline.php(180): Barryvdh\\Debugbar\\Middleware\\InjectDebugbar->handle(Object(Illuminate\\Http\\Request), Object(Closure))
#53 C:\\xampp\\htdocs\\apply like facebook\\pos6.12\\vendor\\laravel\\framework\\src\\Illuminate\\Routing\\Middleware\\SubstituteBindings.php(50): Illuminate\\Pipeline\\Pipeline->Illuminate\\Pipeline\\{closure}(Object(Illuminate\\Http\\Request))
#54 C:\\xampp\\htdocs\\apply like facebook\\pos6.12\\vendor\\laravel\\framework\\src\\Illuminate\\Pipeline\\Pipeline.php(180): Illuminate\\Routing\\Middleware\\SubstituteBindings->handle(Object(Illuminate\\Http\\Request), Object(Closure))
#55 C:\\xampp\\htdocs\\apply like facebook\\pos6.12\\vendor\\laravel\\framework\\src\\Illuminate\\Auth\\Middleware\\Authenticate.php(44): Illuminate\\Pipeline\\Pipeline->Illuminate\\Pipeline\\{closure}(Object(Illuminate\\Http\\Request))
#56 C:\\xampp\\htdocs\\apply like facebook\\pos6.12\\vendor\\laravel\\framework\\src\\Illuminate\\Pipeline\\Pipeline.php(180): Illuminate\\Auth\\Middleware\\Authenticate->handle(Object(Illuminate\\Http\\Request), Object(Closure))
#57 C:\\xampp\\htdocs\\apply like facebook\\pos6.12\\vendor\\laravel\\framework\\src\\Illuminate\\Foundation\\Http\\Middleware\\VerifyCsrfToken.php(78): Illuminate\\Pipeline\\Pipeline->Illuminate\\Pipeline\\{closure}(Object(Illuminate\\Http\\Request))
#58 C:\\xampp\\htdocs\\apply like facebook\\pos6.12\\vendor\\laravel\\framework\\src\\Illuminate\\Pipeline\\Pipeline.php(180): Illuminate\\Foundation\\Http\\Middleware\\VerifyCsrfToken->handle(Object(Illuminate\\Http\\Request), Object(Closure))
#59 C:\\xampp\\htdocs\\apply like facebook\\pos6.12\\vendor\\laravel\\framework\\src\\Illuminate\\View\\Middleware\\ShareErrorsFromSession.php(49): Illuminate\\Pipeline\\Pipeline->Illuminate\\Pipeline\\{closure}(Object(Illuminate\\Http\\Request))
#60 C:\\xampp\\htdocs\\apply like facebook\\pos6.12\\vendor\\laravel\\framework\\src\\Illuminate\\Pipeline\\Pipeline.php(180): Illuminate\\View\\Middleware\\ShareErrorsFromSession->handle(Object(Illuminate\\Http\\Request), Object(Closure))
#61 C:\\xampp\\htdocs\\apply like facebook\\pos6.12\\vendor\\laravel\\framework\\src\\Illuminate\\Session\\Middleware\\StartSession.php(121): Illuminate\\Pipeline\\Pipeline->Illuminate\\Pipeline\\{closure}(Object(Illuminate\\Http\\Request))
#62 C:\\xampp\\htdocs\\apply like facebook\\pos6.12\\vendor\\laravel\\framework\\src\\Illuminate\\Session\\Middleware\\StartSession.php(64): Illuminate\\Session\\Middleware\\StartSession->handleStatefulRequest(Object(Illuminate\\Http\\Request), Object(Illuminate\\Session\\Store), Object(Closure))
#63 C:\\xampp\\htdocs\\apply like facebook\\pos6.12\\vendor\\laravel\\framework\\src\\Illuminate\\Pipeline\\Pipeline.php(180): Illuminate\\Session\\Middleware\\StartSession->handle(Object(Illuminate\\Http\\Request), Object(Closure))
#64 C:\\xampp\\htdocs\\apply like facebook\\pos6.12\\vendor\\laravel\\framework\\src\\Illuminate\\Cookie\\Middleware\\AddQueuedCookiesToResponse.php(37): Illuminate\\Pipeline\\Pipeline->Illuminate\\Pipeline\\{closure}(Object(Illuminate\\Http\\Request))
#65 C:\\xampp\\htdocs\\apply like facebook\\pos6.12\\vendor\\laravel\\framework\\src\\Illuminate\\Pipeline\\Pipeline.php(180): Illuminate\\Cookie\\Middleware\\AddQueuedCookiesToResponse->handle(Object(Illuminate\\Http\\Request), Object(Closure))
#66 C:\\xampp\\htdocs\\apply like facebook\\pos6.12\\vendor\\laravel\\framework\\src\\Illuminate\\Cookie\\Middleware\\EncryptCookies.php(67): Illuminate\\Pipeline\\Pipeline->Illuminate\\Pipeline\\{closure}(Object(Illuminate\\Http\\Request))
#67 C:\\xampp\\htdocs\\apply like facebook\\pos6.12\\vendor\\laravel\\framework\\src\\Illuminate\\Pipeline\\Pipeline.php(180): Illuminate\\Cookie\\Middleware\\EncryptCookies->handle(Object(Illuminate\\Http\\Request), Object(Closure))
#68 C:\\xampp\\htdocs\\apply like facebook\\pos6.12\\vendor\\laravel\\framework\\src\\Illuminate\\Pipeline\\Pipeline.php(116): Illuminate\\Pipeline\\Pipeline->Illuminate\\Pipeline\\{closure}(Object(Illuminate\\Http\\Request))
#69 C:\\xampp\\htdocs\\apply like facebook\\pos6.12\\vendor\\laravel\\framework\\src\\Illuminate\\Routing\\Router.php(797): Illuminate\\Pipeline\\Pipeline->then(Object(Closure))
#70 C:\\xampp\\htdocs\\apply like facebook\\pos6.12\\vendor\\laravel\\framework\\src\\Illuminate\\Routing\\Router.php(776): Illuminate\\Routing\\Router->runRouteWithinStack(Object(Illuminate\\Routing\\Route), Object(Illuminate\\Http\\Request))
#71 C:\\xampp\\htdocs\\apply like facebook\\pos6.12\\vendor\\laravel\\framework\\src\\Illuminate\\Routing\\Router.php(740): Illuminate\\Routing\\Router->runRoute(Object(Illuminate\\Http\\Request), Object(Illuminate\\Routing\\Route))
#72 C:\\xampp\\htdocs\\apply like facebook\\pos6.12\\vendor\\laravel\\framework\\src\\Illuminate\\Routing\\Router.php(729): Illuminate\\Routing\\Router->dispatchToRoute(Object(Illuminate\\Http\\Request))
#73 C:\\xampp\\htdocs\\apply like facebook\\pos6.12\\vendor\\laravel\\framework\\src\\Illuminate\\Foundation\\Http\\Kernel.php(190): Illuminate\\Routing\\Router->dispatch(Object(Illuminate\\Http\\Request))
#74 C:\\xampp\\htdocs\\apply like facebook\\pos6.12\\vendor\\laravel\\framework\\src\\Illuminate\\Pipeline\\Pipeline.php(141): Illuminate\\Foundation\\Http\\Kernel->Illuminate\\Foundation\\Http\\{closure}(Object(Illuminate\\Http\\Request))
#75 C:\\xampp\\htdocs\\apply like facebook\\pos6.12\\vendor\\barryvdh\\laravel-debugbar\\src\\Middleware\\InjectDebugbar.php(59): Illuminate\\Pipeline\\Pipeline->Illuminate\\Pipeline\\{closure}(Object(Illuminate\\Http\\Request))
#76 C:\\xampp\\htdocs\\apply like facebook\\pos6.12\\vendor\\laravel\\framework\\src\\Illuminate\\Pipeline\\Pipeline.php(180): Barryvdh\\Debugbar\\Middleware\\InjectDebugbar->handle(Object(Illuminate\\Http\\Request), Object(Closure))
#77 C:\\xampp\\htdocs\\apply like facebook\\pos6.12\\vendor\\laravel\\framework\\src\\Illuminate\\Foundation\\Http\\Middleware\\TransformsRequest.php(21): Illuminate\\Pipeline\\Pipeline->Illuminate\\Pipeline\\{closure}(Object(Illuminate\\Http\\Request))
#78 C:\\xampp\\htdocs\\apply like facebook\\pos6.12\\vendor\\laravel\\framework\\src\\Illuminate\\Foundation\\Http\\Middleware\\ConvertEmptyStringsToNull.php(31): Illuminate\\Foundation\\Http\\Middleware\\TransformsRequest->handle(Object(Illuminate\\Http\\Request), Object(Closure))
#79 C:\\xampp\\htdocs\\apply like facebook\\pos6.12\\vendor\\laravel\\framework\\src\\Illuminate\\Pipeline\\Pipeline.php(180): Illuminate\\Foundation\\Http\\Middleware\\ConvertEmptyStringsToNull->handle(Object(Illuminate\\Http\\Request), Object(Closure))
#80 C:\\xampp\\htdocs\\apply like facebook\\pos6.12\\vendor\\laravel\\framework\\src\\Illuminate\\Foundation\\Http\\Middleware\\TransformsRequest.php(21): Illuminate\\Pipeline\\Pipeline->Illuminate\\Pipeline\\{closure}(Object(Illuminate\\Http\\Request))
#81 C:\\xampp\\htdocs\\apply like facebook\\pos6.12\\vendor\\laravel\\framework\\src\\Illuminate\\Foundation\\Http\\Middleware\\TrimStrings.php(40): Illuminate\\Foundation\\Http\\Middleware\\TransformsRequest->handle(Object(Illuminate\\Http\\Request), Object(Closure))
#82 C:\\xampp\\htdocs\\apply like facebook\\pos6.12\\vendor\\laravel\\framework\\src\\Illuminate\\Pipeline\\Pipeline.php(180): Illuminate\\Foundation\\Http\\Middleware\\TrimStrings->handle(Object(Illuminate\\Http\\Request), Object(Closure))
#83 C:\\xampp\\htdocs\\apply like facebook\\pos6.12\\vendor\\laravel\\framework\\src\\Illuminate\\Foundation\\Http\\Middleware\\ValidatePostSize.php(27): Illuminate\\Pipeline\\Pipeline->Illuminate\\Pipeline\\{closure}(Object(Illuminate\\Http\\Request))
#84 C:\\xampp\\htdocs\\apply like facebook\\pos6.12\\vendor\\laravel\\framework\\src\\Illuminate\\Pipeline\\Pipeline.php(180): Illuminate\\Foundation\\Http\\Middleware\\ValidatePostSize->handle(Object(Illuminate\\Http\\Request), Object(Closure))
#85 C:\\xampp\\htdocs\\apply like facebook\\pos6.12\\vendor\\laravel\\framework\\src\\Illuminate\\Foundation\\Http\\Middleware\\PreventRequestsDuringMaintenance.php(86): Illuminate\\Pipeline\\Pipeline->Illuminate\\Pipeline\\{closure}(Object(Illuminate\\Http\\Request))
#86 C:\\xampp\\htdocs\\apply like facebook\\pos6.12\\vendor\\laravel\\framework\\src\\Illuminate\\Pipeline\\Pipeline.php(180): Illuminate\\Foundation\\Http\\Middleware\\PreventRequestsDuringMaintenance->handle(Object(Illuminate\\Http\\Request), Object(Closure))
#87 C:\\xampp\\htdocs\\apply like facebook\\pos6.12\\vendor\\laravel\\framework\\src\\Illuminate\\Http\\Middleware\\HandleCors.php(49): Illuminate\\Pipeline\\Pipeline->Illuminate\\Pipeline\\{closure}(Object(Illuminate\\Http\\Request))
#88 C:\\xampp\\htdocs\\apply like facebook\\pos6.12\\vendor\\laravel\\framework\\src\\Illuminate\\Pipeline\\Pipeline.php(180): Illuminate\\Http\\Middleware\\HandleCors->handle(Object(Illuminate\\Http\\Request), Object(Closure))
#89 C:\\xampp\\htdocs\\apply like facebook\\pos6.12\\vendor\\laravel\\framework\\src\\Illuminate\\Http\\Middleware\\TrustProxies.php(39): Illuminate\\Pipeline\\Pipeline->Illuminate\\Pipeline\\{closure}(Object(Illuminate\\Http\\Request))
#90 C:\\xampp\\htdocs\\apply like facebook\\pos6.12\\vendor\\laravel\\framework\\src\\Illuminate\\Pipeline\\Pipeline.php(180): Illuminate\\Http\\Middleware\\TrustProxies->handle(Object(Illuminate\\Http\\Request), Object(Closure))
#91 C:\\xampp\\htdocs\\apply like facebook\\pos6.12\\vendor\\laravel\\framework\\src\\Illuminate\\Pipeline\\Pipeline.php(116): Illuminate\\Pipeline\\Pipeline->Illuminate\\Pipeline\\{closure}(Object(Illuminate\\Http\\Request))
#92 C:\\xampp\\htdocs\\apply like facebook\\pos6.12\\vendor\\laravel\\framework\\src\\Illuminate\\Foundation\\Http\\Kernel.php(165): Illuminate\\Pipeline\\Pipeline->then(Object(Closure))
#93 C:\\xampp\\htdocs\\apply like facebook\\pos6.12\\vendor\\laravel\\framework\\src\\Illuminate\\Foundation\\Http\\Kernel.php(134): Illuminate\\Foundation\\Http\\Kernel->sendRequestThroughRouter(Object(Illuminate\\Http\\Request))
#94 C:\\xampp\\htdocs\\apply like facebook\\pos6.12\\public\\index.php(56): Illuminate\\Foundation\\Http\\Kernel->handle(Object(Illuminate\\Http\\Request))
#95 C:\\xampp\\htdocs\\apply like facebook\\pos6.12\\vendor\\laravel\\framework\\src\\Illuminate\\Foundation\\resources\\server.php(16): require_once('C:\\\\xampp\\\\htdocs...')
#96 {main}
"} 
[2026-05-24 13:09:43] local.ERROR: count(): Argument #1 ($value) must be of type Countable|array, null given {"userId":1,"exception":"[object] (Spatie\\LaravelIgnition\\Exceptions\\ViewException(code: 0): count(): Argument #1 ($value) must be of type Countable|array, null given at C:\\xampp\\htdocs\\apply like facebook\\pos6.12\\resources\\views\\layouts\\partials\\header-pos.blade.php:35)
[stacktrace]
#0 C:\\xampp\\htdocs\\apply like facebook\\pos6.12\\vendor\\laravel\\framework\\src\\Illuminate\\Filesystem\\Filesystem.php(109): require()
#1 C:\\xampp\\htdocs\\apply like facebook\\pos6.12\\vendor\\laravel\\framework\\src\\Illuminate\\Filesystem\\Filesystem.php(110): Illuminate\\Filesystem\\Filesystem::Illuminate\\Filesystem\\{closure}()
#2 C:\\xampp\\htdocs\\apply like facebook\\pos6.12\\vendor\\laravel\\framework\\src\\Illuminate\\View\\Engines\\PhpEngine.php(58): Illuminate\\Filesystem\\Filesystem->getRequire('C:\\\\xampp\\\\htdocs...', Array)
#3 C:\\xampp\\htdocs\\apply like facebook\\pos6.12\\vendor\\laravel\\framework\\src\\Illuminate\\View\\Engines\\CompilerEngine.php(70): Illuminate\\View\\Engines\\PhpEngine->evaluatePath('C:\\\\xampp\\\\htdocs...', Array)
#4 C:\\xampp\\htdocs\\apply like facebook\\pos6.12\\vendor\\laravel\\framework\\src\\Illuminate\\View\\View.php(195): Illuminate\\View\\Engines\\CompilerEngine->get('C:\\\\xampp\\\\htdocs...', Array)
#5 C:\\xampp\\htdocs\\apply like facebook\\pos6.12\\vendor\\laravel\\framework\\src\\Illuminate\\View\\View.php(178): Illuminate\\View\\View->getContents()
#6 C:\\xampp\\htdocs\\apply like facebook\\pos6.12\\vendor\\laravel\\framework\\src\\Illuminate\\View\\View.php(147): Illuminate\\View\\View->renderContents()
#7 C:\\xampp\\htdocs\\apply like facebook\\pos6.12\\resources\\views\\layouts\\app.blade.php(80): Illuminate\\View\\View->render()
#8 C:\\xampp\\htdocs\\apply like facebook\\pos6.12\\vendor\\laravel\\framework\\src\\Illuminate\\Filesystem\\Filesystem.php(109): require('C:\\\\xampp\\\\htdocs...')
#9 C:\\xampp\\htdocs\\apply like facebook\\pos6.12\\vendor\\laravel\\framework\\src\\Illuminate\\Filesystem\\Filesystem.php(110): Illuminate\\Filesystem\\Filesystem::Illuminate\\Filesystem\\{closure}()
#10 C:\\xampp\\htdocs\\apply like facebook\\pos6.12\\vendor\\laravel\\framework\\src\\Illuminate\\View\\Engines\\PhpEngine.php(58): Illuminate\\Filesystem\\Filesystem->getRequire('C:\\\\xampp\\\\htdocs...', Array)
#11 C:\\xampp\\htdocs\\apply like facebook\\pos6.12\\vendor\\laravel\\framework\\src\\Illuminate\\View\\Engines\\CompilerEngine.php(70): Illuminate\\View\\Engines\\PhpEngine->evaluatePath('C:\\\\xampp\\\\htdocs...', Array)
#12 C:\\xampp\\htdocs\\apply like facebook\\pos6.12\\vendor\\laravel\\framework\\src\\Illuminate\\View\\View.php(195): Illuminate\\View\\Engines\\CompilerEngine->get('C:\\\\xampp\\\\htdocs...', Array)
#13 C:\\xampp\\htdocs\\apply like facebook\\pos6.12\\vendor\\laravel\\framework\\src\\Illuminate\\View\\View.php(178): Illuminate\\View\\View->getContents()
#14 C:\\xampp\\htdocs\\apply like facebook\\pos6.12\\vendor\\laravel\\framework\\src\\Illuminate\\View\\View.php(147): Illuminate\\View\\View->renderContents()
#15 C:\\xampp\\htdocs\\apply like facebook\\pos6.12\\Modules\\LoanManagement\\Resources\\views\\layouts\\app.blade.php(407): Illuminate\\View\\View->render()
#16 C:\\xampp\\htdocs\\apply like facebook\\pos6.12\\vendor\\laravel\\framework\\src\\Illuminate\\Filesystem\\Filesystem.php(109): require('C:\\\\xampp\\\\htdocs...')
#17 C:\\xampp\\htdocs\\apply like facebook\\pos6.12\\vendor\\laravel\\framework\\src\\Illuminate\\Filesystem\\Filesystem.php(110): Illuminate\\Filesystem\\Filesystem::Illuminate\\Filesystem\\{closure}()
#18 C:\\xampp\\htdocs\\apply like facebook\\pos6.12\\vendor\\laravel\\framework\\src\\Illuminate\\View\\Engines\\PhpEngine.php(58): Illuminate\\Filesystem\\Filesystem->getRequire('C:\\\\xampp\\\\htdocs...', Array)
#19 C:\\xampp\\htdocs\\apply like facebook\\pos6.12\\vendor\\laravel\\framework\\src\\Illuminate\\View\\Engines\\CompilerEngine.php(70): Illuminate\\View\\Engines\\PhpEngine->evaluatePath('C:\\\\xampp\\\\htdocs...', Array)
#20 C:\\xampp\\htdocs\\apply like facebook\\pos6.12\\vendor\\laravel\\framework\\src\\Illuminate\\View\\View.php(195): Illuminate\\View\\Engines\\CompilerEngine->get('C:\\\\xampp\\\\htdocs...', Array)
#21 C:\\xampp\\htdocs\\apply like facebook\\pos6.12\\vendor\\laravel\\framework\\src\\Illuminate\\View\\View.php(178): Illuminate\\View\\View->getContents()
#22 C:\\xampp\\htdocs\\apply like facebook\\pos6.12\\vendor\\laravel\\framework\\src\\Illuminate\\View\\View.php(147): Illuminate\\View\\View->renderContents()
#23 C:\\xampp\\htdocs\\apply like facebook\\pos6.12\\Modules\\LoanManagement\\Resources\\views\\dashboard\\index.blade.php(6): Illuminate\\View\\View->render()
#24 C:\\xampp\\htdocs\\apply like facebook\\pos6.12\\vendor\\laravel\\framework\\src\\Illuminate\\Filesystem\\Filesystem.php(109): require('C:\\\\xampp\\\\htdocs...')
#25 C:\\xampp\\htdocs\\apply like facebook\\pos6.12\\vendor\\laravel\\framework\\src\\Illuminate\\Filesystem\\Filesystem.php(110): Illuminate\\Filesystem\\Filesystem::Illuminate\\Filesystem\\{closure}()
#26 C:\\xampp\\htdocs\\apply like facebook\\pos6.12\\vendor\\laravel\\framework\\src\\Illuminate\\View\\Engines\\PhpEngine.php(58): Illuminate\\Filesystem\\Filesystem->getRequire('C:\\\\xampp\\\\htdocs...', Array)
#27 C:\\xampp\\htdocs\\apply like facebook\\pos6.12\\vendor\\laravel\\framework\\src\\Illuminate\\View\\Engines\\CompilerEngine.php(70): Illuminate\\View\\Engines\\PhpEngine->evaluatePath('C:\\\\xampp\\\\htdocs...', Array)
#28 C:\\xampp\\htdocs\\apply like facebook\\pos6.12\\vendor\\laravel\\framework\\src\\Illuminate\\View\\View.php(195): Illuminate\\View\\Engines\\CompilerEngine->get('C:\\\\xampp\\\\htdocs...', Array)
#29 C:\\xampp\\htdocs\\apply like facebook\\pos6.12\\vendor\\laravel\\framework\\src\\Illuminate\\View\\View.php(178): Illuminate\\View\\View->getContents()
#30 C:\\xampp\\htdocs\\apply like facebook\\pos6.12\\vendor\\laravel\\framework\\src\\Illuminate\\View\\View.php(147): Illuminate\\View\\View->renderContents()
#31 C:\\xampp\\htdocs\\apply like facebook\\pos6.12\\vendor\\laravel\\framework\\src\\Illuminate\\Http\\Response.php(69): Illuminate\\View\\View->render()
#32 C:\\xampp\\htdocs\\apply like facebook\\pos6.12\\vendor\\laravel\\framework\\src\\Illuminate\\Http\\Response.php(35): Illuminate\\Http\\Response->setContent(Object(Illuminate\\View\\View))
#33 C:\\xampp\\htdocs\\apply like facebook\\pos6.12\\vendor\\laravel\\framework\\src\\Illuminate\\Routing\\Router.php(906): Illuminate\\Http\\Response->__construct(Object(Illuminate\\View\\View), 200, Array)
#34 C:\\xampp\\htdocs\\apply like facebook\\pos6.12\\vendor\\laravel\\framework\\src\\Illuminate\\Routing\\Router.php(875): Illuminate\\Routing\\Router::toResponse(Object(Illuminate\\Http\\Request), Object(Illuminate\\View\\View))
#35 C:\\xampp\\htdocs\\apply like facebook\\pos6.12\\vendor\\laravel\\framework\\src\\Illuminate\\Routing\\Router.php(797): Illuminate\\Routing\\Router->prepareResponse(Object(Illuminate\\Http\\Request), Object(Illuminate\\View\\View))
#36 C:\\xampp\\htdocs\\apply like facebook\\pos6.12\\vendor\\laravel\\framework\\src\\Illuminate\\Pipeline\\Pipeline.php(141): Illuminate\\Routing\\Router->Illuminate\\Routing\\{closure}(Object(Illuminate\\Http\\Request))
#37 C:\\xampp\\htdocs\\apply like facebook\\pos6.12\\vendor\\laravel\\framework\\src\\Illuminate\\Auth\\Middleware\\Authorize.php(45): Illuminate\\Pipeline\\Pipeline->Illuminate\\Pipeline\\{closure}(Object(Illuminate\\Http\\Request))
#38 C:\\xampp\\htdocs\\apply like facebook\\pos6.12\\vendor\\laravel\\framework\\src\\Illuminate\\Pipeline\\Pipeline.php(180): Illuminate\\Auth\\Middleware\\Authorize->handle(Object(Illuminate\\Http\\Request), Object(Closure), 'loan_management...')
#39 C:\\xampp\\htdocs\\apply like facebook\\pos6.12\\app\\Http\\Middleware\\CheckUserLogin.php(22): Illuminate\\Pipeline\\Pipeline->Illuminate\\Pipeline\\{closure}(Object(Illuminate\\Http\\Request))
#40 C:\\xampp\\htdocs\\apply like facebook\\pos6.12\\vendor\\laravel\\framework\\src\\Illuminate\\Pipeline\\Pipeline.php(180): App\\Http\\Middleware\\CheckUserLogin->handle(Object(Illuminate\\Http\\Request), Object(Closure))
#41 C:\\xampp\\htdocs\\apply like facebook\\pos6.12\\app\\Http\\Middleware\\AdminSidebarMenu.php(901): Illuminate\\Pipeline\\Pipeline->Illuminate\\Pipeline\\{closure}(Object(Illuminate\\Http\\Request))
#42 C:\\xampp\\htdocs\\apply like facebook\\pos6.12\\vendor\\laravel\\framework\\src\\Illuminate\\Pipeline\\Pipeline.php(180): App\\Http\\Middleware\\AdminSidebarMenu->handle(Object(Illuminate\\Http\\Request), Object(Closure))
#43 C:\\xampp\\htdocs\\apply like facebook\\pos6.12\\app\\Http\\Middleware\\Timezone.php(30): Illuminate\\Pipeline\\Pipeline->Illuminate\\Pipeline\\{closure}(Object(Illuminate\\Http\\Request))
#44 C:\\xampp\\htdocs\\apply like facebook\\pos6.12\\vendor\\laravel\\framework\\src\\Illuminate\\Pipeline\\Pipeline.php(180): App\\Http\\Middleware\\Timezone->handle(Object(Illuminate\\Http\\Request), Object(Closure))
#45 C:\\xampp\\htdocs\\apply like facebook\\pos6.12\\app\\Http\\Middleware\\Language.php(25): Illuminate\\Pipeline\\Pipeline->Illuminate\\Pipeline\\{closure}(Object(Illuminate\\Http\\Request))
#46 C:\\xampp\\htdocs\\apply like facebook\\pos6.12\\vendor\\laravel\\framework\\src\\Illuminate\\Pipeline\\Pipeline.php(180): App\\Http\\Middleware\\Language->handle(Object(Illuminate\\Http\\Request), Object(Closure))
#47 C:\\xampp\\htdocs\\apply like facebook\\pos6.12\\app\\Http\\Middleware\\SetSessionData.php(52): Illuminate\\Pipeline\\Pipeline->Illuminate\\Pipeline\\{closure}(Object(Illuminate\\Http\\Request))
#48 C:\\xampp\\htdocs\\apply like facebook\\pos6.12\\vendor\\laravel\\framework\\src\\Illuminate\\Pipeline\\Pipeline.php(180): App\\Http\\Middleware\\SetSessionData->handle(Object(Illuminate\\Http\\Request), Object(Closure))
#49 C:\\xampp\\htdocs\\apply like facebook\\pos6.12\\vendor\\barryvdh\\laravel-debugbar\\src\\Middleware\\InjectDebugbar.php(59): Illuminate\\Pipeline\\Pipeline->Illuminate\\Pipeline\\{closure}(Object(Illuminate\\Http\\Request))
#50 C:\\xampp\\htdocs\\apply like facebook\\pos6.12\\vendor\\laravel\\framework\\src\\Illuminate\\Pipeline\\Pipeline.php(180): Barryvdh\\Debugbar\\Middleware\\InjectDebugbar->handle(Object(Illuminate\\Http\\Request), Object(Closure))
#51 C:\\xampp\\htdocs\\apply like facebook\\pos6.12\\vendor\\laravel\\framework\\src\\Illuminate\\Routing\\Middleware\\SubstituteBindings.php(50): Illuminate\\Pipeline\\Pipeline->Illuminate\\Pipeline\\{closure}(Object(Illuminate\\Http\\Request))
#52 C:\\xampp\\htdocs\\apply like facebook\\pos6.12\\vendor\\laravel\\framework\\src\\Illuminate\\Pipeline\\Pipeline.php(180): Illuminate\\Routing\\Middleware\\SubstituteBindings->handle(Object(Illuminate\\Http\\Request), Object(Closure))
#53 C:\\xampp\\htdocs\\apply like facebook\\pos6.12\\vendor\\laravel\\framework\\src\\Illuminate\\Auth\\Middleware\\Authenticate.php(44): Illuminate\\Pipeline\\Pipeline->Illuminate\\Pipeline\\{closure}(Object(Illuminate\\Http\\Request))
#54 C:\\xampp\\htdocs\\apply like facebook\\pos6.12\\vendor\\laravel\\framework\\src\\Illuminate\\Pipeline\\Pipeline.php(180): Illuminate\\Auth\\Middleware\\Authenticate->handle(Object(Illuminate\\Http\\Request), Object(Closure))
#55 C:\\xampp\\htdocs\\apply like facebook\\pos6.12\\vendor\\laravel\\framework\\src\\Illuminate\\Foundation\\Http\\Middleware\\VerifyCsrfToken.php(78): Illuminate\\Pipeline\\Pipeline->Illuminate\\Pipeline\\{closure}(Object(Illuminate\\Http\\Request))
#56 C:\\xampp\\htdocs\\apply like facebook\\pos6.12\\vendor\\laravel\\framework\\src\\Illuminate\\Pipeline\\Pipeline.php(180): Illuminate\\Foundation\\Http\\Middleware\\VerifyCsrfToken->handle(Object(Illuminate\\Http\\Request), Object(Closure))
#57 C:\\xampp\\htdocs\\apply like facebook\\pos6.12\\vendor\\laravel\\framework\\src\\Illuminate\\View\\Middleware\\ShareErrorsFromSession.php(49): Illuminate\\Pipeline\\Pipeline->Illuminate\\Pipeline\\{closure}(Object(Illuminate\\Http\\Request))
#58 C:\\xampp\\htdocs\\apply like facebook\\pos6.12\\vendor\\laravel\\framework\\src\\Illuminate\\Pipeline\\Pipeline.php(180): Illuminate\\View\\Middleware\\ShareErrorsFromSession->handle(Object(Illuminate\\Http\\Request), Object(Closure))
#59 C:\\xampp\\htdocs\\apply like facebook\\pos6.12\\vendor\\laravel\\framework\\src\\Illuminate\\Session\\Middleware\\StartSession.php(121): Illuminate\\Pipeline\\Pipeline->Illuminate\\Pipeline\\{closure}(Object(Illuminate\\Http\\Request))
#60 C:\\xampp\\htdocs\\apply like facebook\\pos6.12\\vendor\\laravel\\framework\\src\\Illuminate\\Session\\Middleware\\StartSession.php(64): Illuminate\\Session\\Middleware\\StartSession->handleStatefulRequest(Object(Illuminate\\Http\\Request), Object(Illuminate\\Session\\Store), Object(Closure))
#61 C:\\xampp\\htdocs\\apply like facebook\\pos6.12\\vendor\\laravel\\framework\\src\\Illuminate\\Pipeline\\Pipeline.php(180): Illuminate\\Session\\Middleware\\StartSession->handle(Object(Illuminate\\Http\\Request), Object(Closure))
#62 C:\\xampp\\htdocs\\apply like facebook\\pos6.12\\vendor\\laravel\\framework\\src\\Illuminate\\Cookie\\Middleware\\AddQueuedCookiesToResponse.php(37): Illuminate\\Pipeline\\Pipeline->Illuminate\\Pipeline\\{closure}(Object(Illuminate\\Http\\Request))
#63 C:\\xampp\\htdocs\\apply like facebook\\pos6.12\\vendor\\laravel\\framework\\src\\Illuminate\\Pipeline\\Pipeline.php(180): Illuminate\\Cookie\\Middleware\\AddQueuedCookiesToResponse->handle(Object(Illuminate\\Http\\Request), Object(Closure))
#64 C:\\xampp\\htdocs\\apply like facebook\\pos6.12\\vendor\\laravel\\framework\\src\\Illuminate\\Cookie\\Middleware\\EncryptCookies.php(67): Illuminate\\Pipeline\\Pipeline->Illuminate\\Pipeline\\{closure}(Object(Illuminate\\Http\\Request))
#65 C:\\xampp\\htdocs\\apply like facebook\\pos6.12\\vendor\\laravel\\framework\\src\\Illuminate\\Pipeline\\Pipeline.php(180): Illuminate\\Cookie\\Middleware\\EncryptCookies->handle(Object(Illuminate\\Http\\Request), Object(Closure))
#66 C:\\xampp\\htdocs\\apply like facebook\\pos6.12\\vendor\\laravel\\framework\\src\\Illuminate\\Pipeline\\Pipeline.php(116): Illuminate\\Pipeline\\Pipeline->Illuminate\\Pipeline\\{closure}(Object(Illuminate\\Http\\Request))
#67 C:\\xampp\\htdocs\\apply like facebook\\pos6.12\\vendor\\laravel\\framework\\src\\Illuminate\\Routing\\Router.php(797): Illuminate\\Pipeline\\Pipeline->then(Object(Closure))
#68 C:\\xampp\\htdocs\\apply like facebook\\pos6.12\\vendor\\laravel\\framework\\src\\Illuminate\\Routing\\Router.php(776): Illuminate\\Routing\\Router->runRouteWithinStack(Object(Illuminate\\Routing\\Route), Object(Illuminate\\Http\\Request))
#69 C:\\xampp\\htdocs\\apply like facebook\\pos6.12\\vendor\\laravel\\framework\\src\\Illuminate\\Routing\\Router.php(740): Illuminate\\Routing\\Router->runRoute(Object(Illuminate\\Http\\Request), Object(Illuminate\\Routing\\Route))
#70 C:\\xampp\\htdocs\\apply like facebook\\pos6.12\\vendor\\laravel\\framework\\src\\Illuminate\\Routing\\Router.php(729): Illuminate\\Routing\\Router->dispatchToRoute(Object(Illuminate\\Http\\Request))
#71 C:\\xampp\\htdocs\\apply like facebook\\pos6.12\\vendor\\laravel\\framework\\src\\Illuminate\\Foundation\\Http\\Kernel.php(190): Illuminate\\Routing\\Router->dispatch(Object(Illuminate\\Http\\Request))
#72 C:\\xampp\\htdocs\\apply like facebook\\pos6.12\\vendor\\laravel\\framework\\src\\Illuminate\\Pipeline\\Pipeline.php(141): Illuminate\\Foundation\\Http\\Kernel->Illuminate\\Foundation\\Http\\{closure}(Object(Illuminate\\Http\\Request))
#73 C:\\xampp\\htdocs\\apply like facebook\\pos6.12\\vendor\\barryvdh\\laravel-debugbar\\src\\Middleware\\InjectDebugbar.php(59): Illuminate\\Pipeline\\Pipeline->Illuminate\\Pipeline\\{closure}(Object(Illuminate\\Http\\Request))
#74 C:\\xampp\\htdocs\\apply like facebook\\pos6.12\\vendor\\laravel\\framework\\src\\Illuminate\\Pipeline\\Pipeline.php(180): Barryvdh\\Debugbar\\Middleware\\InjectDebugbar->handle(Object(Illuminate\\Http\\Request), Object(Closure))
#75 C:\\xampp\\htdocs\\apply like facebook\\pos6.12\\vendor\\laravel\\framework\\src\\Illuminate\\Foundation\\Http\\Middleware\\TransformsRequest.php(21): Illuminate\\Pipeline\\Pipeline->Illuminate\\Pipeline\\{closure}(Object(Illuminate\\Http\\Request))
#76 C:\\xampp\\htdocs\\apply like facebook\\pos6.12\\vendor\\laravel\\framework\\src\\Illuminate\\Foundation\\Http\\Middleware\\ConvertEmptyStringsToNull.php(31): Illuminate\\Foundation\\Http\\Middleware\\TransformsRequest->handle(Object(Illuminate\\Http\\Request), Object(Closure))
#77 C:\\xampp\\htdocs\\apply like facebook\\pos6.12\\vendor\\laravel\\framework\\src\\Illuminate\\Pipeline\\Pipeline.php(180): Illuminate\\Foundation\\Http\\Middleware\\ConvertEmptyStringsToNull->handle(Object(Illuminate\\Http\\Request), Object(Closure))
#78 C:\\xampp\\htdocs\\apply like facebook\\pos6.12\\vendor\\laravel\\framework\\src\\Illuminate\\Foundation\\Http\\Middleware\\TransformsRequest.php(21): Illuminate\\Pipeline\\Pipeline->Illuminate\\Pipeline\\{closure}(Object(Illuminate\\Http\\Request))
#79 C:\\xampp\\htdocs\\apply like facebook\\pos6.12\\vendor\\laravel\\framework\\src\\Illuminate\\Foundation\\Http\\Middleware\\TrimStrings.php(40): Illuminate\\Foundation\\Http\\Middleware\\TransformsRequest->handle(Object(Illuminate\\Http\\Request), Object(Closure))
#80 C:\\xampp\\htdocs\\apply like facebook\\pos6.12\\vendor\\laravel\\framework\\src\\Illuminate\\Pipeline\\Pipeline.php(180): Illuminate\\Foundation\\Http\\Middleware\\TrimStrings->handle(Object(Illuminate\\Http\\Request), Object(Closure))
#81 C:\\xampp\\htdocs\\apply like facebook\\pos6.12\\vendor\\laravel\\framework\\src\\Illuminate\\Foundation\\Http\\Middleware\\ValidatePostSize.php(27): Illuminate\\Pipeline\\Pipeline->Illuminate\\Pipeline\\{closure}(Object(Illuminate\\Http\\Request))
#82 C:\\xampp\\htdocs\\apply like facebook\\pos6.12\\vendor\\laravel\\framework\\src\\Illuminate\\Pipeline\\Pipeline.php(180): Illuminate\\Foundation\\Http\\Middleware\\ValidatePostSize->handle(Object(Illuminate\\Http\\Request), Object(Closure))
#83 C:\\xampp\\htdocs\\apply like facebook\\pos6.12\\vendor\\laravel\\framework\\src\\Illuminate\\Foundation\\Http\\Middleware\\PreventRequestsDuringMaintenance.php(86): Illuminate\\Pipeline\\Pipeline->Illuminate\\Pipeline\\{closure}(Object(Illuminate\\Http\\Request))
#84 C:\\xampp\\htdocs\\apply like facebook\\pos6.12\\vendor\\laravel\\framework\\src\\Illuminate\\Pipeline\\Pipeline.php(180): Illuminate\\Foundation\\Http\\Middleware\\PreventRequestsDuringMaintenance->handle(Object(Illuminate\\Http\\Request), Object(Closure))
#85 C:\\xampp\\htdocs\\apply like facebook\\pos6.12\\vendor\\laravel\\framework\\src\\Illuminate\\Http\\Middleware\\HandleCors.php(49): Illuminate\\Pipeline\\Pipeline->Illuminate\\Pipeline\\{closure}(Object(Illuminate\\Http\\Request))
#86 C:\\xampp\\htdocs\\apply like facebook\\pos6.12\\vendor\\laravel\\framework\\src\\Illuminate\\Pipeline\\Pipeline.php(180): Illuminate\\Http\\Middleware\\HandleCors->handle(Object(Illuminate\\Http\\Request), Object(Closure))
#87 C:\\xampp\\htdocs\\apply like facebook\\pos6.12\\vendor\\laravel\\framework\\src\\Illuminate\\Http\\Middleware\\TrustProxies.php(39): Illuminate\\Pipeline\\Pipeline->Illuminate\\Pipeline\\{closure}(Object(Illuminate\\Http\\Request))
#88 C:\\xampp\\htdocs\\apply like facebook\\pos6.12\\vendor\\laravel\\framework\\src\\Illuminate\\Pipeline\\Pipeline.php(180): Illuminate\\Http\\Middleware\\TrustProxies->handle(Object(Illuminate\\Http\\Request), Object(Closure))
#89 C:\\xampp\\htdocs\\apply like facebook\\pos6.12\\vendor\\laravel\\framework\\src\\Illuminate\\Pipeline\\Pipeline.php(116): Illuminate\\Pipeline\\Pipeline->Illuminate\\Pipeline\\{closure}(Object(Illuminate\\Http\\Request))
#90 C:\\xampp\\htdocs\\apply like facebook\\pos6.12\\vendor\\laravel\\framework\\src\\Illuminate\\Foundation\\Http\\Kernel.php(165): Illuminate\\Pipeline\\Pipeline->then(Object(Closure))
#91 C:\\xampp\\htdocs\\apply like facebook\\pos6.12\\vendor\\laravel\\framework\\src\\Illuminate\\Foundation\\Http\\Kernel.php(134): Illuminate\\Foundation\\Http\\Kernel->sendRequestThroughRouter(Object(Illuminate\\Http\\Request))
#92 C:\\xampp\\htdocs\\apply like facebook\\pos6.12\\public\\index.php(56): Illuminate\\Foundation\\Http\\Kernel->handle(Object(Illuminate\\Http\\Request))
#93 C:\\xampp\\htdocs\\apply like facebook\\pos6.12\\vendor\\laravel\\framework\\src\\Illuminate\\Foundation\\resources\\server.php(16): require_once('C:\\\\xampp\\\\htdocs...')
#94 {main}

[previous exception] [object] (TypeError(code: 0): count(): Argument #1 ($value) must be of type Countable|array, null given at C:\\xampp\\htdocs\\apply like facebook\\pos6.12\\storage\\framework\\views\\242977bc338f2cef39795aa4e8eed0394c090d0b.php:35)
[stacktrace]
#0 C:\\xampp\\htdocs\\apply like facebook\\pos6.12\\vendor\\laravel\\framework\\src\\Illuminate\\Filesystem\\Filesystem.php(109): require()
#1 C:\\xampp\\htdocs\\apply like facebook\\pos6.12\\vendor\\laravel\\framework\\src\\Illuminate\\Filesystem\\Filesystem.php(110): Illuminate\\Filesystem\\Filesystem::Illuminate\\Filesystem\\{closure}()
#2 C:\\xampp\\htdocs\\apply like facebook\\pos6.12\\vendor\\laravel\\framework\\src\\Illuminate\\View\\Engines\\PhpEngine.php(58): Illuminate\\Filesystem\\Filesystem->getRequire('C:\\\\xampp\\\\htdocs...', Array)
#3 C:\\xampp\\htdocs\\apply like facebook\\pos6.12\\vendor\\laravel\\framework\\src\\Illuminate\\View\\Engines\\CompilerEngine.php(70): Illuminate\\View\\Engines\\PhpEngine->evaluatePath('C:\\\\xampp\\\\htdocs...', Array)
#4 C:\\xampp\\htdocs\\apply like facebook\\pos6.12\\vendor\\laravel\\framework\\src\\Illuminate\\View\\View.php(195): Illuminate\\View\\Engines\\CompilerEngine->get('C:\\\\xampp\\\\htdocs...', Array)
#5 C:\\xampp\\htdocs\\apply like facebook\\pos6.12\\vendor\\laravel\\framework\\src\\Illuminate\\View\\View.php(178): Illuminate\\View\\View->getContents()
#6 C:\\xampp\\htdocs\\apply like facebook\\pos6.12\\vendor\\laravel\\framework\\src\\Illuminate\\View\\View.php(147): Illuminate\\View\\View->renderContents()
#7 C:\\xampp\\htdocs\\apply like facebook\\pos6.12\\storage\\framework\\views\\f136a7c06a43050aed77506dd2490c7a23d3736a.php(80): Illuminate\\View\\View->render()
#8 C:\\xampp\\htdocs\\apply like facebook\\pos6.12\\vendor\\laravel\\framework\\src\\Illuminate\\Filesystem\\Filesystem.php(109): require('C:\\\\xampp\\\\htdocs...')
#9 C:\\xampp\\htdocs\\apply like facebook\\pos6.12\\vendor\\laravel\\framework\\src\\Illuminate\\Filesystem\\Filesystem.php(110): Illuminate\\Filesystem\\Filesystem::Illuminate\\Filesystem\\{closure}()
#10 C:\\xampp\\htdocs\\apply like facebook\\pos6.12\\vendor\\laravel\\framework\\src\\Illuminate\\View\\Engines\\PhpEngine.php(58): Illuminate\\Filesystem\\Filesystem->getRequire('C:\\\\xampp\\\\htdocs...', Array)
#11 C:\\xampp\\htdocs\\apply like facebook\\pos6.12\\vendor\\laravel\\framework\\src\\Illuminate\\View\\Engines\\CompilerEngine.php(70): Illuminate\\View\\Engines\\PhpEngine->evaluatePath('C:\\\\xampp\\\\htdocs...', Array)
#12 C:\\xampp\\htdocs\\apply like facebook\\pos6.12\\vendor\\laravel\\framework\\src\\Illuminate\\View\\View.php(195): Illuminate\\View\\Engines\\CompilerEngine->get('C:\\\\xampp\\\\htdocs...', Array)
#13 C:\\xampp\\htdocs\\apply like facebook\\pos6.12\\vendor\\laravel\\framework\\src\\Illuminate\\View\\View.php(178): Illuminate\\View\\View->getContents()
#14 C:\\xampp\\htdocs\\apply like facebook\\pos6.12\\vendor\\laravel\\framework\\src\\Illuminate\\View\\View.php(147): Illuminate\\View\\View->renderContents()
#15 C:\\xampp\\htdocs\\apply like facebook\\pos6.12\\storage\\framework\\views\\9f34b93f4a1df2e5ed980d612969330def9d66cd.php(408): Illuminate\\View\\View->render()
#16 C:\\xampp\\htdocs\\apply like facebook\\pos6.12\\vendor\\laravel\\framework\\src\\Illuminate\\Filesystem\\Filesystem.php(109): require('C:\\\\xampp\\\\htdocs...')
#17 C:\\xampp\\htdocs\\apply like facebook\\pos6.12\\vendor\\laravel\\framework\\src\\Illuminate\\Filesystem\\Filesystem.php(110): Illuminate\\Filesystem\\Filesystem::Illuminate\\Filesystem\\{closure}()
#18 C:\\xampp\\htdocs\\apply like facebook\\pos6.12\\vendor\\laravel\\framework\\src\\Illuminate\\View\\Engines\\PhpEngine.php(58): Illuminate\\Filesystem\\Filesystem->getRequire('C:\\\\xampp\\\\htdocs...', Array)
#19 C:\\xampp\\htdocs\\apply like facebook\\pos6.12\\vendor\\laravel\\framework\\src\\Illuminate\\View\\Engines\\CompilerEngine.php(70): Illuminate\\View\\Engines\\PhpEngine->evaluatePath('C:\\\\xampp\\\\htdocs...', Array)
#20 C:\\xampp\\htdocs\\apply like facebook\\pos6.12\\vendor\\laravel\\framework\\src\\Illuminate\\View\\View.php(195): Illuminate\\View\\Engines\\CompilerEngine->get('C:\\\\xampp\\\\htdocs...', Array)
#21 C:\\xampp\\htdocs\\apply like facebook\\pos6.12\\vendor\\laravel\\framework\\src\\Illuminate\\View\\View.php(178): Illuminate\\View\\View->getContents()
#22 C:\\xampp\\htdocs\\apply like facebook\\pos6.12\\vendor\\laravel\\framework\\src\\Illuminate\\View\\View.php(147): Illuminate\\View\\View->renderContents()
#23 C:\\xampp\\htdocs\\apply like facebook\\pos6.12\\storage\\framework\\views\\06c133c35b9314a11881c0d070ac10d07039878c.php(7): Illuminate\\View\\View->render()
#24 C:\\xampp\\htdocs\\apply like facebook\\pos6.12\\vendor\\laravel\\framework\\src\\Illuminate\\Filesystem\\Filesystem.php(109): require('C:\\\\xampp\\\\htdocs...')
#25 C:\\xampp\\htdocs\\apply like facebook\\pos6.12\\vendor\\laravel\\framework\\src\\Illuminate\\Filesystem\\Filesystem.php(110): Illuminate\\Filesystem\\Filesystem::Illuminate\\Filesystem\\{closure}()
#26 C:\\xampp\\htdocs\\apply like facebook\\pos6.12\\vendor\\laravel\\framework\\src\\Illuminate\\View\\Engines\\PhpEngine.php(58): Illuminate\\Filesystem\\Filesystem->getRequire('C:\\\\xampp\\\\htdocs...', Array)
#27 C:\\xampp\\htdocs\\apply like facebook\\pos6.12\\vendor\\laravel\\framework\\src\\Illuminate\\View\\Engines\\CompilerEngine.php(70): Illuminate\\View\\Engines\\PhpEngine->evaluatePath('C:\\\\xampp\\\\htdocs...', Array)
#28 C:\\xampp\\htdocs\\apply like facebook\\pos6.12\\vendor\\laravel\\framework\\src\\Illuminate\\View\\View.php(195): Illuminate\\View\\Engines\\CompilerEngine->get('C:\\\\xampp\\\\htdocs...', Array)
#29 C:\\xampp\\htdocs\\apply like facebook\\pos6.12\\vendor\\laravel\\framework\\src\\Illuminate\\View\\View.php(178): Illuminate\\View\\View->getContents()
#30 C:\\xampp\\htdocs\\apply like facebook\\pos6.12\\vendor\\laravel\\framework\\src\\Illuminate\\View\\View.php(147): Illuminate\\View\\View->renderContents()
#31 C:\\xampp\\htdocs\\apply like facebook\\pos6.12\\vendor\\laravel\\framework\\src\\Illuminate\\Http\\Response.php(69): Illuminate\\View\\View->render()
#32 C:\\xampp\\htdocs\\apply like facebook\\pos6.12\\vendor\\laravel\\framework\\src\\Illuminate\\Http\\Response.php(35): Illuminate\\Http\\Response->setContent(Object(Illuminate\\View\\View))
#33 C:\\xampp\\htdocs\\apply like facebook\\pos6.12\\vendor\\laravel\\framework\\src\\Illuminate\\Routing\\Router.php(906): Illuminate\\Http\\Response->__construct(Object(Illuminate\\View\\View), 200, Array)
#34 C:\\xampp\\htdocs\\apply like facebook\\pos6.12\\vendor\\laravel\\framework\\src\\Illuminate\\Routing\\Router.php(875): Illuminate\\Routing\\Router::toResponse(Object(Illuminate\\Http\\Request), Object(Illuminate\\View\\View))
#35 C:\\xampp\\htdocs\\apply like facebook\\pos6.12\\vendor\\laravel\\framework\\src\\Illuminate\\Routing\\Router.php(797): Illuminate\\Routing\\Router->prepareResponse(Object(Illuminate\\Http\\Request), Object(Illuminate\\View\\View))
#36 C:\\xampp\\htdocs\\apply like facebook\\pos6.12\\vendor\\laravel\\framework\\src\\Illuminate\\Pipeline\\Pipeline.php(141): Illuminate\\Routing\\Router->Illuminate\\Routing\\{closure}(Object(Illuminate\\Http\\Request))
#37 C:\\xampp\\htdocs\\apply like facebook\\pos6.12\\vendor\\laravel\\framework\\src\\Illuminate\\Auth\\Middleware\\Authorize.php(45): Illuminate\\Pipeline\\Pipeline->Illuminate\\Pipeline\\{closure}(Object(Illuminate\\Http\\Request))
#38 C:\\xampp\\htdocs\\apply like facebook\\pos6.12\\vendor\\laravel\\framework\\src\\Illuminate\\Pipeline\\Pipeline.php(180): Illuminate\\Auth\\Middleware\\Authorize->handle(Object(Illuminate\\Http\\Request), Object(Closure), 'loan_management...')
#39 C:\\xampp\\htdocs\\apply like facebook\\pos6.12\\app\\Http\\Middleware\\CheckUserLogin.php(22): Illuminate\\Pipeline\\Pipeline->Illuminate\\Pipeline\\{closure}(Object(Illuminate\\Http\\Request))
#40 C:\\xampp\\htdocs\\apply like facebook\\pos6.12\\vendor\\laravel\\framework\\src\\Illuminate\\Pipeline\\Pipeline.php(180): App\\Http\\Middleware\\CheckUserLogin->handle(Object(Illuminate\\Http\\Request), Object(Closure))
#41 C:\\xampp\\htdocs\\apply like facebook\\pos6.12\\app\\Http\\Middleware\\AdminSidebarMenu.php(901): Illuminate\\Pipeline\\Pipeline->Illuminate\\Pipeline\\{closure}(Object(Illuminate\\Http\\Request))
#42 C:\\xampp\\htdocs\\apply like facebook\\pos6.12\\vendor\\laravel\\framework\\src\\Illuminate\\Pipeline\\Pipeline.php(180): App\\Http\\Middleware\\AdminSidebarMenu->handle(Object(Illuminate\\Http\\Request), Object(Closure))
#43 C:\\xampp\\htdocs\\apply like facebook\\pos6.12\\app\\Http\\Middleware\\Timezone.php(30): Illuminate\\Pipeline\\Pipeline->Illuminate\\Pipeline\\{closure}(Object(Illuminate\\Http\\Request))
#44 C:\\xampp\\htdocs\\apply like facebook\\pos6.12\\vendor\\laravel\\framework\\src\\Illuminate\\Pipeline\\Pipeline.php(180): App\\Http\\Middleware\\Timezone->handle(Object(Illuminate\\Http\\Request), Object(Closure))
#45 C:\\xampp\\htdocs\\apply like facebook\\pos6.12\\app\\Http\\Middleware\\Language.php(25): Illuminate\\Pipeline\\Pipeline->Illuminate\\Pipeline\\{closure}(Object(Illuminate\\Http\\Request))
#46 C:\\xampp\\htdocs\\apply like facebook\\pos6.12\\vendor\\laravel\\framework\\src\\Illuminate\\Pipeline\\Pipeline.php(180): App\\Http\\Middleware\\Language->handle(Object(Illuminate\\Http\\Request), Object(Closure))
#47 C:\\xampp\\htdocs\\apply like facebook\\pos6.12\\app\\Http\\Middleware\\SetSessionData.php(52): Illuminate\\Pipeline\\Pipeline->Illuminate\\Pipeline\\{closure}(Object(Illuminate\\Http\\Request))
#48 C:\\xampp\\htdocs\\apply like facebook\\pos6.12\\vendor\\laravel\\framework\\src\\Illuminate\\Pipeline\\Pipeline.php(180): App\\Http\\Middleware\\SetSessionData->handle(Object(Illuminate\\Http\\Request), Object(Closure))
#49 C:\\xampp\\htdocs\\apply like facebook\\pos6.12\\vendor\\barryvdh\\laravel-debugbar\\src\\Middleware\\InjectDebugbar.php(59): Illuminate\\Pipeline\\Pipeline->Illuminate\\Pipeline\\{closure}(Object(Illuminate\\Http\\Request))
#50 C:\\xampp\\htdocs\\apply like facebook\\pos6.12\\vendor\\laravel\\framework\\src\\Illuminate\\Pipeline\\Pipeline.php(180): Barryvdh\\Debugbar\\Middleware\\InjectDebugbar->handle(Object(Illuminate\\Http\\Request), Object(Closure))
#51 C:\\xampp\\htdocs\\apply like facebook\\pos6.12\\vendor\\laravel\\framework\\src\\Illuminate\\Routing\\Middleware\\SubstituteBindings.php(50): Illuminate\\Pipeline\\Pipeline->Illuminate\\Pipeline\\{closure}(Object(Illuminate\\Http\\Request))
#52 C:\\xampp\\htdocs\\apply like facebook\\pos6.12\\vendor\\laravel\\framework\\src\\Illuminate\\Pipeline\\Pipeline.php(180): Illuminate\\Routing\\Middleware\\SubstituteBindings->handle(Object(Illuminate\\Http\\Request), Object(Closure))
#53 C:\\xampp\\htdocs\\apply like facebook\\pos6.12\\vendor\\laravel\\framework\\src\\Illuminate\\Auth\\Middleware\\Authenticate.php(44): Illuminate\\Pipeline\\Pipeline->Illuminate\\Pipeline\\{closure}(Object(Illuminate\\Http\\Request))
#54 C:\\xampp\\htdocs\\apply like facebook\\pos6.12\\vendor\\laravel\\framework\\src\\Illuminate\\Pipeline\\Pipeline.php(180): Illuminate\\Auth\\Middleware\\Authenticate->handle(Object(Illuminate\\Http\\Request), Object(Closure))
#55 C:\\xampp\\htdocs\\apply like facebook\\pos6.12\\vendor\\laravel\\framework\\src\\Illuminate\\Foundation\\Http\\Middleware\\VerifyCsrfToken.php(78): Illuminate\\Pipeline\\Pipeline->Illuminate\\Pipeline\\{closure}(Object(Illuminate\\Http\\Request))
#56 C:\\xampp\\htdocs\\apply like facebook\\pos6.12\\vendor\\laravel\\framework\\src\\Illuminate\\Pipeline\\Pipeline.php(180): Illuminate\\Foundation\\Http\\Middleware\\VerifyCsrfToken->handle(Object(Illuminate\\Http\\Request), Object(Closure))
#57 C:\\xampp\\htdocs\\apply like facebook\\pos6.12\\vendor\\laravel\\framework\\src\\Illuminate\\View\\Middleware\\ShareErrorsFromSession.php(49): Illuminate\\Pipeline\\Pipeline->Illuminate\\Pipeline\\{closure}(Object(Illuminate\\Http\\Request))
#58 C:\\xampp\\htdocs\\apply like facebook\\pos6.12\\vendor\\laravel\\framework\\src\\Illuminate\\Pipeline\\Pipeline.php(180): Illuminate\\View\\Middleware\\ShareErrorsFromSession->handle(Object(Illuminate\\Http\\Request), Object(Closure))
#59 C:\\xampp\\htdocs\\apply like facebook\\pos6.12\\vendor\\laravel\\framework\\src\\Illuminate\\Session\\Middleware\\StartSession.php(121): Illuminate\\Pipeline\\Pipeline->Illuminate\\Pipeline\\{closure}(Object(Illuminate\\Http\\Request))
#60 C:\\xampp\\htdocs\\apply like facebook\\pos6.12\\vendor\\laravel\\framework\\src\\Illuminate\\Session\\Middleware\\StartSession.php(64): Illuminate\\Session\\Middleware\\StartSession->handleStatefulRequest(Object(Illuminate\\Http\\Request), Object(Illuminate\\Session\\Store), Object(Closure))
#61 C:\\xampp\\htdocs\\apply like facebook\\pos6.12\\vendor\\laravel\\framework\\src\\Illuminate\\Pipeline\\Pipeline.php(180): Illuminate\\Session\\Middleware\\StartSession->handle(Object(Illuminate\\Http\\Request), Object(Closure))
#62 C:\\xampp\\htdocs\\apply like facebook\\pos6.12\\vendor\\laravel\\framework\\src\\Illuminate\\Cookie\\Middleware\\AddQueuedCookiesToResponse.php(37): Illuminate\\Pipeline\\Pipeline->Illuminate\\Pipeline\\{closure}(Object(Illuminate\\Http\\Request))
#63 C:\\xampp\\htdocs\\apply like facebook\\pos6.12\\vendor\\laravel\\framework\\src\\Illuminate\\Pipeline\\Pipeline.php(180): Illuminate\\Cookie\\Middleware\\AddQueuedCookiesToResponse->handle(Object(Illuminate\\Http\\Request), Object(Closure))
#64 C:\\xampp\\htdocs\\apply like facebook\\pos6.12\\vendor\\laravel\\framework\\src\\Illuminate\\Cookie\\Middleware\\EncryptCookies.php(67): Illuminate\\Pipeline\\Pipeline->Illuminate\\Pipeline\\{closure}(Object(Illuminate\\Http\\Request))
#65 C:\\xampp\\htdocs\\apply like facebook\\pos6.12\\vendor\\laravel\\framework\\src\\Illuminate\\Pipeline\\Pipeline.php(180): Illuminate\\Cookie\\Middleware\\EncryptCookies->handle(Object(Illuminate\\Http\\Request), Object(Closure))
#66 C:\\xampp\\htdocs\\apply like facebook\\pos6.12\\vendor\\laravel\\framework\\src\\Illuminate\\Pipeline\\Pipeline.php(116): Illuminate\\Pipeline\\Pipeline->Illuminate\\Pipeline\\{closure}(Object(Illuminate\\Http\\Request))
#67 C:\\xampp\\htdocs\\apply like facebook\\pos6.12\\vendor\\laravel\\framework\\src\\Illuminate\\Routing\\Router.php(797): Illuminate\\Pipeline\\Pipeline->then(Object(Closure))
#68 C:\\xampp\\htdocs\\apply like facebook\\pos6.12\\vendor\\laravel\\framework\\src\\Illuminate\\Routing\\Router.php(776): Illuminate\\Routing\\Router->runRouteWithinStack(Object(Illuminate\\Routing\\Route), Object(Illuminate\\Http\\Request))
#69 C:\\xampp\\htdocs\\apply like facebook\\pos6.12\\vendor\\laravel\\framework\\src\\Illuminate\\Routing\\Router.php(740): Illuminate\\Routing\\Router->runRoute(Object(Illuminate\\Http\\Request), Object(Illuminate\\Routing\\Route))
#70 C:\\xampp\\htdocs\\apply like facebook\\pos6.12\\vendor\\laravel\\framework\\src\\Illuminate\\Routing\\Router.php(729): Illuminate\\Routing\\Router->dispatchToRoute(Object(Illuminate\\Http\\Request))
#71 C:\\xampp\\htdocs\\apply like facebook\\pos6.12\\vendor\\laravel\\framework\\src\\Illuminate\\Foundation\\Http\\Kernel.php(190): Illuminate\\Routing\\Router->dispatch(Object(Illuminate\\Http\\Request))
#72 C:\\xampp\\htdocs\\apply like facebook\\pos6.12\\vendor\\laravel\\framework\\src\\Illuminate\\Pipeline\\Pipeline.php(141): Illuminate\\Foundation\\Http\\Kernel->Illuminate\\Foundation\\Http\\{closure}(Object(Illuminate\\Http\\Request))
#73 C:\\xampp\\htdocs\\apply like facebook\\pos6.12\\vendor\\barryvdh\\laravel-debugbar\\src\\Middleware\\InjectDebugbar.php(59): Illuminate\\Pipeline\\Pipeline->Illuminate\\Pipeline\\{closure}(Object(Illuminate\\Http\\Request))
#74 C:\\xampp\\htdocs\\apply like facebook\\pos6.12\\vendor\\laravel\\framework\\src\\Illuminate\\Pipeline\\Pipeline.php(180): Barryvdh\\Debugbar\\Middleware\\InjectDebugbar->handle(Object(Illuminate\\Http\\Request), Object(Closure))
#75 C:\\xampp\\htdocs\\apply like facebook\\pos6.12\\vendor\\laravel\\framework\\src\\Illuminate\\Foundation\\Http\\Middleware\\TransformsRequest.php(21): Illuminate\\Pipeline\\Pipeline->Illuminate\\Pipeline\\{closure}(Object(Illuminate\\Http\\Request))
#76 C:\\xampp\\htdocs\\apply like facebook\\pos6.12\\vendor\\laravel\\framework\\src\\Illuminate\\Foundation\\Http\\Middleware\\ConvertEmptyStringsToNull.php(31): Illuminate\\Foundation\\Http\\Middleware\\TransformsRequest->handle(Object(Illuminate\\Http\\Request), Object(Closure))
#77 C:\\xampp\\htdocs\\apply like facebook\\pos6.12\\vendor\\laravel\\framework\\src\\Illuminate\\Pipeline\\Pipeline.php(180): Illuminate\\Foundation\\Http\\Middleware\\ConvertEmptyStringsToNull->handle(Object(Illuminate\\Http\\Request), Object(Closure))
#78 C:\\xampp\\htdocs\\apply like facebook\\pos6.12\\vendor\\laravel\\framework\\src\\Illuminate\\Foundation\\Http\\Middleware\\TransformsRequest.php(21): Illuminate\\Pipeline\\Pipeline->Illuminate\\Pipeline\\{closure}(Object(Illuminate\\Http\\Request))
#79 C:\\xampp\\htdocs\\apply like facebook\\pos6.12\\vendor\\laravel\\framework\\src\\Illuminate\\Foundation\\Http\\Middleware\\TrimStrings.php(40): Illuminate\\Foundation\\Http\\Middleware\\TransformsRequest->handle(Object(Illuminate\\Http\\Request), Object(Closure))
#80 C:\\xampp\\htdocs\\apply like facebook\\pos6.12\\vendor\\laravel\\framework\\src\\Illuminate\\Pipeline\\Pipeline.php(180): Illuminate\\Foundation\\Http\\Middleware\\TrimStrings->handle(Object(Illuminate\\Http\\Request), Object(Closure))
#81 C:\\xampp\\htdocs\\apply like facebook\\pos6.12\\vendor\\laravel\\framework\\src\\Illuminate\\Foundation\\Http\\Middleware\\ValidatePostSize.php(27): Illuminate\\Pipeline\\Pipeline->Illuminate\\Pipeline\\{closure}(Object(Illuminate\\Http\\Request))
#82 C:\\xampp\\htdocs\\apply like facebook\\pos6.12\\vendor\\laravel\\framework\\src\\Illuminate\\Pipeline\\Pipeline.php(180): Illuminate\\Foundation\\Http\\Middleware\\ValidatePostSize->handle(Object(Illuminate\\Http\\Request), Object(Closure))
#83 C:\\xampp\\htdocs\\apply like facebook\\pos6.12\\vendor\\laravel\\framework\\src\\Illuminate\\Foundation\\Http\\Middleware\\PreventRequestsDuringMaintenance.php(86): Illuminate\\Pipeline\\Pipeline->Illuminate\\Pipeline\\{closure}(Object(Illuminate\\Http\\Request))
#84 C:\\xampp\\htdocs\\apply like facebook\\pos6.12\\vendor\\laravel\\framework\\src\\Illuminate\\Pipeline\\Pipeline.php(180): Illuminate\\Foundation\\Http\\Middleware\\PreventRequestsDuringMaintenance->handle(Object(Illuminate\\Http\\Request), Object(Closure))
#85 C:\\xampp\\htdocs\\apply like facebook\\pos6.12\\vendor\\laravel\\framework\\src\\Illuminate\\Http\\Middleware\\HandleCors.php(49): Illuminate\\Pipeline\\Pipeline->Illuminate\\Pipeline\\{closure}(Object(Illuminate\\Http\\Request))
#86 C:\\xampp\\htdocs\\apply like facebook\\pos6.12\\vendor\\laravel\\framework\\src\\Illuminate\\Pipeline\\Pipeline.php(180): Illuminate\\Http\\Middleware\\HandleCors->handle(Object(Illuminate\\Http\\Request), Object(Closure))
#87 C:\\xampp\\htdocs\\apply like facebook\\pos6.12\\vendor\\laravel\\framework\\src\\Illuminate\\Http\\Middleware\\TrustProxies.php(39): Illuminate\\Pipeline\\Pipeline->Illuminate\\Pipeline\\{closure}(Object(Illuminate\\Http\\Request))
#88 C:\\xampp\\htdocs\\apply like facebook\\pos6.12\\vendor\\laravel\\framework\\src\\Illuminate\\Pipeline\\Pipeline.php(180): Illuminate\\Http\\Middleware\\TrustProxies->handle(Object(Illuminate\\Http\\Request), Object(Closure))
#89 C:\\xampp\\htdocs\\apply like facebook\\pos6.12\\vendor\\laravel\\framework\\src\\Illuminate\\Pipeline\\Pipeline.php(116): Illuminate\\Pipeline\\Pipeline->Illuminate\\Pipeline\\{closure}(Object(Illuminate\\Http\\Request))
#90 C:\\xampp\\htdocs\\apply like facebook\\pos6.12\\vendor\\laravel\\framework\\src\\Illuminate\\Foundation\\Http\\Kernel.php(165): Illuminate\\Pipeline\\Pipeline->then(Object(Closure))
#91 C:\\xampp\\htdocs\\apply like facebook\\pos6.12\\vendor\\laravel\\framework\\src\\Illuminate\\Foundation\\Http\\Kernel.php(134): Illuminate\\Foundation\\Http\\Kernel->sendRequestThroughRouter(Object(Illuminate\\Http\\Request))
#92 C:\\xampp\\htdocs\\apply like facebook\\pos6.12\\public\\index.php(56): Illuminate\\Foundation\\Http\\Kernel->handle(Object(Illuminate\\Http\\Request))
#93 C:\\xampp\\htdocs\\apply like facebook\\pos6.12\\vendor\\laravel\\framework\\src\\Illuminate\\Foundation\\resources\\server.php(16): require_once('C:\\\\xampp\\\\htdocs...')
#94 {main}

[previous exception] [object] (ErrorException(code: 0): Undefined variable $business_locations at C:\\xampp\\htdocs\\apply like facebook\\pos6.12\\storage\\framework\\views\\242977bc338f2cef39795aa4e8eed0394c090d0b.php:35)
[stacktrace]
#0 C:\\xampp\\htdocs\\apply like facebook\\pos6.12\\vendor\\laravel\\framework\\src\\Illuminate\\Foundation\\Bootstrap\\HandleExceptions.php(270): Illuminate\\Foundation\\Bootstrap\\HandleExceptions->handleError(2, 'Undefined varia...', 'C:\\\\xampp\\\\htdocs...', 35)
#1 C:\\xampp\\htdocs\\apply like facebook\\pos6.12\\storage\\framework\\views\\242977bc338f2cef39795aa4e8eed0394c090d0b.php(35): Illuminate\\Foundation\\Bootstrap\\HandleExceptions->Illuminate\\Foundation\\Bootstrap\\{closure}(2, 'Undefined varia...', 'C:\\\\xampp\\\\htdocs...', 35)
#2 C:\\xampp\\htdocs\\apply like facebook\\pos6.12\\vendor\\laravel\\framework\\src\\Illuminate\\Filesystem\\Filesystem.php(109): require('C:\\\\xampp\\\\htdocs...')
#3 C:\\xampp\\htdocs\\apply like facebook\\pos6.12\\vendor\\laravel\\framework\\src\\Illuminate\\Filesystem\\Filesystem.php(110): Illuminate\\Filesystem\\Filesystem::Illuminate\\Filesystem\\{closure}()
#4 C:\\xampp\\htdocs\\apply like facebook\\pos6.12\\vendor\\laravel\\framework\\src\\Illuminate\\View\\Engines\\PhpEngine.php(58): Illuminate\\Filesystem\\Filesystem->getRequire('C:\\\\xampp\\\\htdocs...', Array)
#5 C:\\xampp\\htdocs\\apply like facebook\\pos6.12\\vendor\\laravel\\framework\\src\\Illuminate\\View\\Engines\\CompilerEngine.php(70): Illuminate\\View\\Engines\\PhpEngine->evaluatePath('C:\\\\xampp\\\\htdocs...', Array)
#6 C:\\xampp\\htdocs\\apply like facebook\\pos6.12\\vendor\\laravel\\framework\\src\\Illuminate\\View\\View.php(195): Illuminate\\View\\Engines\\CompilerEngine->get('C:\\\\xampp\\\\htdocs...', Array)
#7 C:\\xampp\\htdocs\\apply like facebook\\pos6.12\\vendor\\laravel\\framework\\src\\Illuminate\\View\\View.php(178): Illuminate\\View\\View->getContents()
#8 C:\\xampp\\htdocs\\apply like facebook\\pos6.12\\vendor\\laravel\\framework\\src\\Illuminate\\View\\View.php(147): Illuminate\\View\\View->renderContents()
#9 C:\\xampp\\htdocs\\apply like facebook\\pos6.12\\storage\\framework\\views\\f136a7c06a43050aed77506dd2490c7a23d3736a.php(80): Illuminate\\View\\View->render()
#10 C:\\xampp\\htdocs\\apply like facebook\\pos6.12\\vendor\\laravel\\framework\\src\\Illuminate\\Filesystem\\Filesystem.php(109): require('C:\\\\xampp\\\\htdocs...')
#11 C:\\xampp\\htdocs\\apply like facebook\\pos6.12\\vendor\\laravel\\framework\\src\\Illuminate\\Filesystem\\Filesystem.php(110): Illuminate\\Filesystem\\Filesystem::Illuminate\\Filesystem\\{closure}()
#12 C:\\xampp\\htdocs\\apply like facebook\\pos6.12\\vendor\\laravel\\framework\\src\\Illuminate\\View\\Engines\\PhpEngine.php(58): Illuminate\\Filesystem\\Filesystem->getRequire('C:\\\\xampp\\\\htdocs...', Array)
#13 C:\\xampp\\htdocs\\apply like facebook\\pos6.12\\vendor\\laravel\\framework\\src\\Illuminate\\View\\Engines\\CompilerEngine.php(70): Illuminate\\View\\Engines\\PhpEngine->evaluatePath('C:\\\\xampp\\\\htdocs...', Array)
#14 C:\\xampp\\htdocs\\apply like facebook\\pos6.12\\vendor\\laravel\\framework\\src\\Illuminate\\View\\View.php(195): Illuminate\\View\\Engines\\CompilerEngine->get('C:\\\\xampp\\\\htdocs...', Array)
#15 C:\\xampp\\htdocs\\apply like facebook\\pos6.12\\vendor\\laravel\\framework\\src\\Illuminate\\View\\View.php(178): Illuminate\\View\\View->getContents()
#16 C:\\xampp\\htdocs\\apply like facebook\\pos6.12\\vendor\\laravel\\framework\\src\\Illuminate\\View\\View.php(147): Illuminate\\View\\View->renderContents()
#17 C:\\xampp\\htdocs\\apply like facebook\\pos6.12\\storage\\framework\\views\\9f34b93f4a1df2e5ed980d612969330def9d66cd.php(408): Illuminate\\View\\View->render()
#18 C:\\xampp\\htdocs\\apply like facebook\\pos6.12\\vendor\\laravel\\framework\\src\\Illuminate\\Filesystem\\Filesystem.php(109): require('C:\\\\xampp\\\\htdocs...')
#19 C:\\xampp\\htdocs\\apply like facebook\\pos6.12\\vendor\\laravel\\framework\\src\\Illuminate\\Filesystem\\Filesystem.php(110): Illuminate\\Filesystem\\Filesystem::Illuminate\\Filesystem\\{closure}()
#20 C:\\xampp\\htdocs\\apply like facebook\\pos6.12\\vendor\\laravel\\framework\\src\\Illuminate\\View\\Engines\\PhpEngine.php(58): Illuminate\\Filesystem\\Filesystem->getRequire('C:\\\\xampp\\\\htdocs...', Array)
#21 C:\\xampp\\htdocs\\apply like facebook\\pos6.12\\vendor\\laravel\\framework\\src\\Illuminate\\View\\Engines\\CompilerEngine.php(70): Illuminate\\View\\Engines\\PhpEngine->evaluatePath('C:\\\\xampp\\\\htdocs...', Array)
#22 C:\\xampp\\htdocs\\apply like facebook\\pos6.12\\vendor\\laravel\\framework\\src\\Illuminate\\View\\View.php(195): Illuminate\\View\\Engines\\CompilerEngine->get('C:\\\\xampp\\\\htdocs...', Array)
#23 C:\\xampp\\htdocs\\apply like facebook\\pos6.12\\vendor\\laravel\\framework\\src\\Illuminate\\View\\View.php(178): Illuminate\\View\\View->getContents()
#24 C:\\xampp\\htdocs\\apply like facebook\\pos6.12\\vendor\\laravel\\framework\\src\\Illuminate\\View\\View.php(147): Illuminate\\View\\View->renderContents()
#25 C:\\xampp\\htdocs\\apply like facebook\\pos6.12\\storage\\framework\\views\\06c133c35b9314a11881c0d070ac10d07039878c.php(7): Illuminate\\View\\View->render()
#26 C:\\xampp\\htdocs\\apply like facebook\\pos6.12\\vendor\\laravel\\framework\\src\\Illuminate\\Filesystem\\Filesystem.php(109): require('C:\\\\xampp\\\\htdocs...')
#27 C:\\xampp\\htdocs\\apply like facebook\\pos6.12\\vendor\\laravel\\framework\\src\\Illuminate\\Filesystem\\Filesystem.php(110): Illuminate\\Filesystem\\Filesystem::Illuminate\\Filesystem\\{closure}()
#28 C:\\xampp\\htdocs\\apply like facebook\\pos6.12\\vendor\\laravel\\framework\\src\\Illuminate\\View\\Engines\\PhpEngine.php(58): Illuminate\\Filesystem\\Filesystem->getRequire('C:\\\\xampp\\\\htdocs...', Array)
#29 C:\\xampp\\htdocs\\apply like facebook\\pos6.12\\vendor\\laravel\\framework\\src\\Illuminate\\View\\Engines\\CompilerEngine.php(70): Illuminate\\View\\Engines\\PhpEngine->evaluatePath('C:\\\\xampp\\\\htdocs...', Array)
#30 C:\\xampp\\htdocs\\apply like facebook\\pos6.12\\vendor\\laravel\\framework\\src\\Illuminate\\View\\View.php(195): Illuminate\\View\\Engines\\CompilerEngine->get('C:\\\\xampp\\\\htdocs...', Array)
#31 C:\\xampp\\htdocs\\apply like facebook\\pos6.12\\vendor\\laravel\\framework\\src\\Illuminate\\View\\View.php(178): Illuminate\\View\\View->getContents()
#32 C:\\xampp\\htdocs\\apply like facebook\\pos6.12\\vendor\\laravel\\framework\\src\\Illuminate\\View\\View.php(147): Illuminate\\View\\View->renderContents()
#33 C:\\xampp\\htdocs\\apply like facebook\\pos6.12\\vendor\\laravel\\framework\\src\\Illuminate\\Http\\Response.php(69): Illuminate\\View\\View->render()
#34 C:\\xampp\\htdocs\\apply like facebook\\pos6.12\\vendor\\laravel\\framework\\src\\Illuminate\\Http\\Response.php(35): Illuminate\\Http\\Response->setContent(Object(Illuminate\\View\\View))
#35 C:\\xampp\\htdocs\\apply like facebook\\pos6.12\\vendor\\laravel\\framework\\src\\Illuminate\\Routing\\Router.php(906): Illuminate\\Http\\Response->__construct(Object(Illuminate\\View\\View), 200, Array)
#36 C:\\xampp\\htdocs\\apply like facebook\\pos6.12\\vendor\\laravel\\framework\\src\\Illuminate\\Routing\\Router.php(875): Illuminate\\Routing\\Router::toResponse(Object(Illuminate\\Http\\Request), Object(Illuminate\\View\\View))
#37 C:\\xampp\\htdocs\\apply like facebook\\pos6.12\\vendor\\laravel\\framework\\src\\Illuminate\\Routing\\Router.php(797): Illuminate\\Routing\\Router->prepareResponse(Object(Illuminate\\Http\\Request), Object(Illuminate\\View\\View))
#38 C:\\xampp\\htdocs\\apply like facebook\\pos6.12\\vendor\\laravel\\framework\\src\\Illuminate\\Pipeline\\Pipeline.php(141): Illuminate\\Routing\\Router->Illuminate\\Routing\\{closure}(Object(Illuminate\\Http\\Request))
#39 C:\\xampp\\htdocs\\apply like facebook\\pos6.12\\vendor\\laravel\\framework\\src\\Illuminate\\Auth\\Middleware\\Authorize.php(45): Illuminate\\Pipeline\\Pipeline->Illuminate\\Pipeline\\{closure}(Object(Illuminate\\Http\\Request))
#40 C:\\xampp\\htdocs\\apply like facebook\\pos6.12\\vendor\\laravel\\framework\\src\\Illuminate\\Pipeline\\Pipeline.php(180): Illuminate\\Auth\\Middleware\\Authorize->handle(Object(Illuminate\\Http\\Request), Object(Closure), 'loan_management...')
#41 C:\\xampp\\htdocs\\apply like facebook\\pos6.12\\app\\Http\\Middleware\\CheckUserLogin.php(22): Illuminate\\Pipeline\\Pipeline->Illuminate\\Pipeline\\{closure}(Object(Illuminate\\Http\\Request))
#42 C:\\xampp\\htdocs\\apply like facebook\\pos6.12\\vendor\\laravel\\framework\\src\\Illuminate\\Pipeline\\Pipeline.php(180): App\\Http\\Middleware\\CheckUserLogin->handle(Object(Illuminate\\Http\\Request), Object(Closure))
#43 C:\\xampp\\htdocs\\apply like facebook\\pos6.12\\app\\Http\\Middleware\\AdminSidebarMenu.php(901): Illuminate\\Pipeline\\Pipeline->Illuminate\\Pipeline\\{closure}(Object(Illuminate\\Http\\Request))
#44 C:\\xampp\\htdocs\\apply like facebook\\pos6.12\\vendor\\laravel\\framework\\src\\Illuminate\\Pipeline\\Pipeline.php(180): App\\Http\\Middleware\\AdminSidebarMenu->handle(Object(Illuminate\\Http\\Request), Object(Closure))
#45 C:\\xampp\\htdocs\\apply like facebook\\pos6.12\\app\\Http\\Middleware\\Timezone.php(30): Illuminate\\Pipeline\\Pipeline->Illuminate\\Pipeline\\{closure}(Object(Illuminate\\Http\\Request))
#46 C:\\xampp\\htdocs\\apply like facebook\\pos6.12\\vendor\\laravel\\framework\\src\\Illuminate\\Pipeline\\Pipeline.php(180): App\\Http\\Middleware\\Timezone->handle(Object(Illuminate\\Http\\Request), Object(Closure))
#47 C:\\xampp\\htdocs\\apply like facebook\\pos6.12\\app\\Http\\Middleware\\Language.php(25): Illuminate\\Pipeline\\Pipeline->Illuminate\\Pipeline\\{closure}(Object(Illuminate\\Http\\Request))
#48 C:\\xampp\\htdocs\\apply like facebook\\pos6.12\\vendor\\laravel\\framework\\src\\Illuminate\\Pipeline\\Pipeline.php(180): App\\Http\\Middleware\\Language->handle(Object(Illuminate\\Http\\Request), Object(Closure))
#49 C:\\xampp\\htdocs\\apply like facebook\\pos6.12\\app\\Http\\Middleware\\SetSessionData.php(52): Illuminate\\Pipeline\\Pipeline->Illuminate\\Pipeline\\{closure}(Object(Illuminate\\Http\\Request))
#50 C:\\xampp\\htdocs\\apply like facebook\\pos6.12\\vendor\\laravel\\framework\\src\\Illuminate\\Pipeline\\Pipeline.php(180): App\\Http\\Middleware\\SetSessionData->handle(Object(Illuminate\\Http\\Request), Object(Closure))
#51 C:\\xampp\\htdocs\\apply like facebook\\pos6.12\\vendor\\barryvdh\\laravel-debugbar\\src\\Middleware\\InjectDebugbar.php(59): Illuminate\\Pipeline\\Pipeline->Illuminate\\Pipeline\\{closure}(Object(Illuminate\\Http\\Request))
#52 C:\\xampp\\htdocs\\apply like facebook\\pos6.12\\vendor\\laravel\\framework\\src\\Illuminate\\Pipeline\\Pipeline.php(180): Barryvdh\\Debugbar\\Middleware\\InjectDebugbar->handle(Object(Illuminate\\Http\\Request), Object(Closure))
#53 C:\\xampp\\htdocs\\apply like facebook\\pos6.12\\vendor\\laravel\\framework\\src\\Illuminate\\Routing\\Middleware\\SubstituteBindings.php(50): Illuminate\\Pipeline\\Pipeline->Illuminate\\Pipeline\\{closure}(Object(Illuminate\\Http\\Request))
#54 C:\\xampp\\htdocs\\apply like facebook\\pos6.12\\vendor\\laravel\\framework\\src\\Illuminate\\Pipeline\\Pipeline.php(180): Illuminate\\Routing\\Middleware\\SubstituteBindings->handle(Object(Illuminate\\Http\\Request), Object(Closure))
#55 C:\\xampp\\htdocs\\apply like facebook\\pos6.12\\vendor\\laravel\\framework\\src\\Illuminate\\Auth\\Middleware\\Authenticate.php(44): Illuminate\\Pipeline\\Pipeline->Illuminate\\Pipeline\\{closure}(Object(Illuminate\\Http\\Request))
#56 C:\\xampp\\htdocs\\apply like facebook\\pos6.12\\vendor\\laravel\\framework\\src\\Illuminate\\Pipeline\\Pipeline.php(180): Illuminate\\Auth\\Middleware\\Authenticate->handle(Object(Illuminate\\Http\\Request), Object(Closure))
#57 C:\\xampp\\htdocs\\apply like facebook\\pos6.12\\vendor\\laravel\\framework\\src\\Illuminate\\Foundation\\Http\\Middleware\\VerifyCsrfToken.php(78): Illuminate\\Pipeline\\Pipeline->Illuminate\\Pipeline\\{closure}(Object(Illuminate\\Http\\Request))
#58 C:\\xampp\\htdocs\\apply like facebook\\pos6.12\\vendor\\laravel\\framework\\src\\Illuminate\\Pipeline\\Pipeline.php(180): Illuminate\\Foundation\\Http\\Middleware\\VerifyCsrfToken->handle(Object(Illuminate\\Http\\Request), Object(Closure))
#59 C:\\xampp\\htdocs\\apply like facebook\\pos6.12\\vendor\\laravel\\framework\\src\\Illuminate\\View\\Middleware\\ShareErrorsFromSession.php(49): Illuminate\\Pipeline\\Pipeline->Illuminate\\Pipeline\\{closure}(Object(Illuminate\\Http\\Request))
#60 C:\\xampp\\htdocs\\apply like facebook\\pos6.12\\vendor\\laravel\\framework\\src\\Illuminate\\Pipeline\\Pipeline.php(180): Illuminate\\View\\Middleware\\ShareErrorsFromSession->handle(Object(Illuminate\\Http\\Request), Object(Closure))
#61 C:\\xampp\\htdocs\\apply like facebook\\pos6.12\\vendor\\laravel\\framework\\src\\Illuminate\\Session\\Middleware\\StartSession.php(121): Illuminate\\Pipeline\\Pipeline->Illuminate\\Pipeline\\{closure}(Object(Illuminate\\Http\\Request))
#62 C:\\xampp\\htdocs\\apply like facebook\\pos6.12\\vendor\\laravel\\framework\\src\\Illuminate\\Session\\Middleware\\StartSession.php(64): Illuminate\\Session\\Middleware\\StartSession->handleStatefulRequest(Object(Illuminate\\Http\\Request), Object(Illuminate\\Session\\Store), Object(Closure))
#63 C:\\xampp\\htdocs\\apply like facebook\\pos6.12\\vendor\\laravel\\framework\\src\\Illuminate\\Pipeline\\Pipeline.php(180): Illuminate\\Session\\Middleware\\StartSession->handle(Object(Illuminate\\Http\\Request), Object(Closure))
#64 C:\\xampp\\htdocs\\apply like facebook\\pos6.12\\vendor\\laravel\\framework\\src\\Illuminate\\Cookie\\Middleware\\AddQueuedCookiesToResponse.php(37): Illuminate\\Pipeline\\Pipeline->Illuminate\\Pipeline\\{closure}(Object(Illuminate\\Http\\Request))
#65 C:\\xampp\\htdocs\\apply like facebook\\pos6.12\\vendor\\laravel\\framework\\src\\Illuminate\\Pipeline\\Pipeline.php(180): Illuminate\\Cookie\\Middleware\\AddQueuedCookiesToResponse->handle(Object(Illuminate\\Http\\Request), Object(Closure))
#66 C:\\xampp\\htdocs\\apply like facebook\\pos6.12\\vendor\\laravel\\framework\\src\\Illuminate\\Cookie\\Middleware\\EncryptCookies.php(67): Illuminate\\Pipeline\\Pipeline->Illuminate\\Pipeline\\{closure}(Object(Illuminate\\Http\\Request))
#67 C:\\xampp\\htdocs\\apply like facebook\\pos6.12\\vendor\\laravel\\framework\\src\\Illuminate\\Pipeline\\Pipeline.php(180): Illuminate\\Cookie\\Middleware\\EncryptCookies->handle(Object(Illuminate\\Http\\Request), Object(Closure))
#68 C:\\xampp\\htdocs\\apply like facebook\\pos6.12\\vendor\\laravel\\framework\\src\\Illuminate\\Pipeline\\Pipeline.php(116): Illuminate\\Pipeline\\Pipeline->Illuminate\\Pipeline\\{closure}(Object(Illuminate\\Http\\Request))
#69 C:\\xampp\\htdocs\\apply like facebook\\pos6.12\\vendor\\laravel\\framework\\src\\Illuminate\\Routing\\Router.php(797): Illuminate\\Pipeline\\Pipeline->then(Object(Closure))
#70 C:\\xampp\\htdocs\\apply like facebook\\pos6.12\\vendor\\laravel\\framework\\src\\Illuminate\\Routing\\Router.php(776): Illuminate\\Routing\\Router->runRouteWithinStack(Object(Illuminate\\Routing\\Route), Object(Illuminate\\Http\\Request))
#71 C:\\xampp\\htdocs\\apply like facebook\\pos6.12\\vendor\\laravel\\framework\\src\\Illuminate\\Routing\\Router.php(740): Illuminate\\Routing\\Router->runRoute(Object(Illuminate\\Http\\Request), Object(Illuminate\\Routing\\Route))
#72 C:\\xampp\\htdocs\\apply like facebook\\pos6.12\\vendor\\laravel\\framework\\src\\Illuminate\\Routing\\Router.php(729): Illuminate\\Routing\\Router->dispatchToRoute(Object(Illuminate\\Http\\Request))
#73 C:\\xampp\\htdocs\\apply like facebook\\pos6.12\\vendor\\laravel\\framework\\src\\Illuminate\\Foundation\\Http\\Kernel.php(190): Illuminate\\Routing\\Router->dispatch(Object(Illuminate\\Http\\Request))
#74 C:\\xampp\\htdocs\\apply like facebook\\pos6.12\\vendor\\laravel\\framework\\src\\Illuminate\\Pipeline\\Pipeline.php(141): Illuminate\\Foundation\\Http\\Kernel->Illuminate\\Foundation\\Http\\{closure}(Object(Illuminate\\Http\\Request))
#75 C:\\xampp\\htdocs\\apply like facebook\\pos6.12\\vendor\\barryvdh\\laravel-debugbar\\src\\Middleware\\InjectDebugbar.php(59): Illuminate\\Pipeline\\Pipeline->Illuminate\\Pipeline\\{closure}(Object(Illuminate\\Http\\Request))
#76 C:\\xampp\\htdocs\\apply like facebook\\pos6.12\\vendor\\laravel\\framework\\src\\Illuminate\\Pipeline\\Pipeline.php(180): Barryvdh\\Debugbar\\Middleware\\InjectDebugbar->handle(Object(Illuminate\\Http\\Request), Object(Closure))
#77 C:\\xampp\\htdocs\\apply like facebook\\pos6.12\\vendor\\laravel\\framework\\src\\Illuminate\\Foundation\\Http\\Middleware\\TransformsRequest.php(21): Illuminate\\Pipeline\\Pipeline->Illuminate\\Pipeline\\{closure}(Object(Illuminate\\Http\\Request))
#78 C:\\xampp\\htdocs\\apply like facebook\\pos6.12\\vendor\\laravel\\framework\\src\\Illuminate\\Foundation\\Http\\Middleware\\ConvertEmptyStringsToNull.php(31): Illuminate\\Foundation\\Http\\Middleware\\TransformsRequest->handle(Object(Illuminate\\Http\\Request), Object(Closure))
#79 C:\\xampp\\htdocs\\apply like facebook\\pos6.12\\vendor\\laravel\\framework\\src\\Illuminate\\Pipeline\\Pipeline.php(180): Illuminate\\Foundation\\Http\\Middleware\\ConvertEmptyStringsToNull->handle(Object(Illuminate\\Http\\Request), Object(Closure))
#80 C:\\xampp\\htdocs\\apply like facebook\\pos6.12\\vendor\\laravel\\framework\\src\\Illuminate\\Foundation\\Http\\Middleware\\TransformsRequest.php(21): Illuminate\\Pipeline\\Pipeline->Illuminate\\Pipeline\\{closure}(Object(Illuminate\\Http\\Request))
#81 C:\\xampp\\htdocs\\apply like facebook\\pos6.12\\vendor\\laravel\\framework\\src\\Illuminate\\Foundation\\Http\\Middleware\\TrimStrings.php(40): Illuminate\\Foundation\\Http\\Middleware\\TransformsRequest->handle(Object(Illuminate\\Http\\Request), Object(Closure))
#82 C:\\xampp\\htdocs\\apply like facebook\\pos6.12\\vendor\\laravel\\framework\\src\\Illuminate\\Pipeline\\Pipeline.php(180): Illuminate\\Foundation\\Http\\Middleware\\TrimStrings->handle(Object(Illuminate\\Http\\Request), Object(Closure))
#83 C:\\xampp\\htdocs\\apply like facebook\\pos6.12\\vendor\\laravel\\framework\\src\\Illuminate\\Foundation\\Http\\Middleware\\ValidatePostSize.php(27): Illuminate\\Pipeline\\Pipeline->Illuminate\\Pipeline\\{closure}(Object(Illuminate\\Http\\Request))
#84 C:\\xampp\\htdocs\\apply like facebook\\pos6.12\\vendor\\laravel\\framework\\src\\Illuminate\\Pipeline\\Pipeline.php(180): Illuminate\\Foundation\\Http\\Middleware\\ValidatePostSize->handle(Object(Illuminate\\Http\\Request), Object(Closure))
#85 C:\\xampp\\htdocs\\apply like facebook\\pos6.12\\vendor\\laravel\\framework\\src\\Illuminate\\Foundation\\Http\\Middleware\\PreventRequestsDuringMaintenance.php(86): Illuminate\\Pipeline\\Pipeline->Illuminate\\Pipeline\\{closure}(Object(Illuminate\\Http\\Request))
#86 C:\\xampp\\htdocs\\apply like facebook\\pos6.12\\vendor\\laravel\\framework\\src\\Illuminate\\Pipeline\\Pipeline.php(180): Illuminate\\Foundation\\Http\\Middleware\\PreventRequestsDuringMaintenance->handle(Object(Illuminate\\Http\\Request), Object(Closure))
#87 C:\\xampp\\htdocs\\apply like facebook\\pos6.12\\vendor\\laravel\\framework\\src\\Illuminate\\Http\\Middleware\\HandleCors.php(49): Illuminate\\Pipeline\\Pipeline->Illuminate\\Pipeline\\{closure}(Object(Illuminate\\Http\\Request))
#88 C:\\xampp\\htdocs\\apply like facebook\\pos6.12\\vendor\\laravel\\framework\\src\\Illuminate\\Pipeline\\Pipeline.php(180): Illuminate\\Http\\Middleware\\HandleCors->handle(Object(Illuminate\\Http\\Request), Object(Closure))
#89 C:\\xampp\\htdocs\\apply like facebook\\pos6.12\\vendor\\laravel\\framework\\src\\Illuminate\\Http\\Middleware\\TrustProxies.php(39): Illuminate\\Pipeline\\Pipeline->Illuminate\\Pipeline\\{closure}(Object(Illuminate\\Http\\Request))
#90 C:\\xampp\\htdocs\\apply like facebook\\pos6.12\\vendor\\laravel\\framework\\src\\Illuminate\\Pipeline\\Pipeline.php(180): Illuminate\\Http\\Middleware\\TrustProxies->handle(Object(Illuminate\\Http\\Request), Object(Closure))
#91 C:\\xampp\\htdocs\\apply like facebook\\pos6.12\\vendor\\laravel\\framework\\src\\Illuminate\\Pipeline\\Pipeline.php(116): Illuminate\\Pipeline\\Pipeline->Illuminate\\Pipeline\\{closure}(Object(Illuminate\\Http\\Request))
#92 C:\\xampp\\htdocs\\apply like facebook\\pos6.12\\vendor\\laravel\\framework\\src\\Illuminate\\Foundation\\Http\\Kernel.php(165): Illuminate\\Pipeline\\Pipeline->then(Object(Closure))
#93 C:\\xampp\\htdocs\\apply like facebook\\pos6.12\\vendor\\laravel\\framework\\src\\Illuminate\\Foundation\\Http\\Kernel.php(134): Illuminate\\Foundation\\Http\\Kernel->sendRequestThroughRouter(Object(Illuminate\\Http\\Request))
#94 C:\\xampp\\htdocs\\apply like facebook\\pos6.12\\public\\index.php(56): Illuminate\\Foundation\\Http\\Kernel->handle(Object(Illuminate\\Http\\Request))
#95 C:\\xampp\\htdocs\\apply like facebook\\pos6.12\\vendor\\laravel\\framework\\src\\Illuminate\\Foundation\\resources\\server.php(16): require_once('C:\\\\xampp\\\\htdocs...')
#96 {main}
"} 
[2026-05-24 13:10:55] local.ERROR: Undefined variable $default_location {"userId":1,"exception":"[object] (Spatie\\LaravelIgnition\\Exceptions\\ViewException(code: 0): Undefined variable $default_location at C:\\xampp\\htdocs\\apply like facebook\\pos6.12\\resources\\views\\layouts\\partials\\header-pos.blade.php:46)
[stacktrace]
#0 C:\\xampp\\htdocs\\apply like facebook\\pos6.12\\vendor\\laravel\\framework\\src\\Illuminate\\Foundation\\Bootstrap\\HandleExceptions.php(270): Illuminate\\Foundation\\Bootstrap\\HandleExceptions->handleError(2, 'Undefined varia...', 'C:\\\\xampp\\\\htdocs...', 47)
#1 C:\\xampp\\htdocs\\apply like facebook\\pos6.12\\resources\\views\\layouts\\partials\\header-pos.blade.php(46): Illuminate\\Foundation\\Bootstrap\\HandleExceptions->Illuminate\\Foundation\\Bootstrap\\{closure}(2, 'Undefined varia...', 'C:\\\\xampp\\\\htdocs...', 47)
#2 C:\\xampp\\htdocs\\apply like facebook\\pos6.12\\vendor\\laravel\\framework\\src\\Illuminate\\Filesystem\\Filesystem.php(109): require('C:\\\\xampp\\\\htdocs...')
#3 C:\\xampp\\htdocs\\apply like facebook\\pos6.12\\vendor\\laravel\\framework\\src\\Illuminate\\Filesystem\\Filesystem.php(110): Illuminate\\Filesystem\\Filesystem::Illuminate\\Filesystem\\{closure}()
#4 C:\\xampp\\htdocs\\apply like facebook\\pos6.12\\vendor\\laravel\\framework\\src\\Illuminate\\View\\Engines\\PhpEngine.php(58): Illuminate\\Filesystem\\Filesystem->getRequire('C:\\\\xampp\\\\htdocs...', Array)
#5 C:\\xampp\\htdocs\\apply like facebook\\pos6.12\\vendor\\laravel\\framework\\src\\Illuminate\\View\\Engines\\CompilerEngine.php(70): Illuminate\\View\\Engines\\PhpEngine->evaluatePath('C:\\\\xampp\\\\htdocs...', Array)
#6 C:\\xampp\\htdocs\\apply like facebook\\pos6.12\\vendor\\laravel\\framework\\src\\Illuminate\\View\\View.php(195): Illuminate\\View\\Engines\\CompilerEngine->get('C:\\\\xampp\\\\htdocs...', Array)
#7 C:\\xampp\\htdocs\\apply like facebook\\pos6.12\\vendor\\laravel\\framework\\src\\Illuminate\\View\\View.php(178): Illuminate\\View\\View->getContents()
#8 C:\\xampp\\htdocs\\apply like facebook\\pos6.12\\vendor\\laravel\\framework\\src\\Illuminate\\View\\View.php(147): Illuminate\\View\\View->renderContents()
#9 C:\\xampp\\htdocs\\apply like facebook\\pos6.12\\resources\\views\\layouts\\app.blade.php(80): Illuminate\\View\\View->render()
#10 C:\\xampp\\htdocs\\apply like facebook\\pos6.12\\vendor\\laravel\\framework\\src\\Illuminate\\Filesystem\\Filesystem.php(109): require('C:\\\\xampp\\\\htdocs...')
#11 C:\\xampp\\htdocs\\apply like facebook\\pos6.12\\vendor\\laravel\\framework\\src\\Illuminate\\Filesystem\\Filesystem.php(110): Illuminate\\Filesystem\\Filesystem::Illuminate\\Filesystem\\{closure}()
#12 C:\\xampp\\htdocs\\apply like facebook\\pos6.12\\vendor\\laravel\\framework\\src\\Illuminate\\View\\Engines\\PhpEngine.php(58): Illuminate\\Filesystem\\Filesystem->getRequire('C:\\\\xampp\\\\htdocs...', Array)
#13 C:\\xampp\\htdocs\\apply like facebook\\pos6.12\\vendor\\laravel\\framework\\src\\Illuminate\\View\\Engines\\CompilerEngine.php(70): Illuminate\\View\\Engines\\PhpEngine->evaluatePath('C:\\\\xampp\\\\htdocs...', Array)
#14 C:\\xampp\\htdocs\\apply like facebook\\pos6.12\\vendor\\laravel\\framework\\src\\Illuminate\\View\\View.php(195): Illuminate\\View\\Engines\\CompilerEngine->get('C:\\\\xampp\\\\htdocs...', Array)
#15 C:\\xampp\\htdocs\\apply like facebook\\pos6.12\\vendor\\laravel\\framework\\src\\Illuminate\\View\\View.php(178): Illuminate\\View\\View->getContents()
#16 C:\\xampp\\htdocs\\apply like facebook\\pos6.12\\vendor\\laravel\\framework\\src\\Illuminate\\View\\View.php(147): Illuminate\\View\\View->renderContents()
#17 C:\\xampp\\htdocs\\apply like facebook\\pos6.12\\Modules\\LoanManagement\\Resources\\views\\layouts\\app.blade.php(407): Illuminate\\View\\View->render()
#18 C:\\xampp\\htdocs\\apply like facebook\\pos6.12\\vendor\\laravel\\framework\\src\\Illuminate\\Filesystem\\Filesystem.php(109): require('C:\\\\xampp\\\\htdocs...')
#19 C:\\xampp\\htdocs\\apply like facebook\\pos6.12\\vendor\\laravel\\framework\\src\\Illuminate\\Filesystem\\Filesystem.php(110): Illuminate\\Filesystem\\Filesystem::Illuminate\\Filesystem\\{closure}()
#20 C:\\xampp\\htdocs\\apply like facebook\\pos6.12\\vendor\\laravel\\framework\\src\\Illuminate\\View\\Engines\\PhpEngine.php(58): Illuminate\\Filesystem\\Filesystem->getRequire('C:\\\\xampp\\\\htdocs...', Array)
#21 C:\\xampp\\htdocs\\apply like facebook\\pos6.12\\vendor\\laravel\\framework\\src\\Illuminate\\View\\Engines\\CompilerEngine.php(70): Illuminate\\View\\Engines\\PhpEngine->evaluatePath('C:\\\\xampp\\\\htdocs...', Array)
#22 C:\\xampp\\htdocs\\apply like facebook\\pos6.12\\vendor\\laravel\\framework\\src\\Illuminate\\View\\View.php(195): Illuminate\\View\\Engines\\CompilerEngine->get('C:\\\\xampp\\\\htdocs...', Array)
#23 C:\\xampp\\htdocs\\apply like facebook\\pos6.12\\vendor\\laravel\\framework\\src\\Illuminate\\View\\View.php(178): Illuminate\\View\\View->getContents()
#24 C:\\xampp\\htdocs\\apply like facebook\\pos6.12\\vendor\\laravel\\framework\\src\\Illuminate\\View\\View.php(147): Illuminate\\View\\View->renderContents()
#25 C:\\xampp\\htdocs\\apply like facebook\\pos6.12\\Modules\\LoanManagement\\Resources\\views\\dashboard\\index.blade.php(6): Illuminate\\View\\View->render()
#26 C:\\xampp\\htdocs\\apply like facebook\\pos6.12\\vendor\\laravel\\framework\\src\\Illuminate\\Filesystem\\Filesystem.php(109): require('C:\\\\xampp\\\\htdocs...')
#27 C:\\xampp\\htdocs\\apply like facebook\\pos6.12\\vendor\\laravel\\framework\\src\\Illuminate\\Filesystem\\Filesystem.php(110): Illuminate\\Filesystem\\Filesystem::Illuminate\\Filesystem\\{closure}()
#28 C:\\xampp\\htdocs\\apply like facebook\\pos6.12\\vendor\\laravel\\framework\\src\\Illuminate\\View\\Engines\\PhpEngine.php(58): Illuminate\\Filesystem\\Filesystem->getRequire('C:\\\\xampp\\\\htdocs...', Array)
#29 C:\\xampp\\htdocs\\apply like facebook\\pos6.12\\vendor\\laravel\\framework\\src\\Illuminate\\View\\Engines\\CompilerEngine.php(70): Illuminate\\View\\Engines\\PhpEngine->evaluatePath('C:\\\\xampp\\\\htdocs...', Array)
#30 C:\\xampp\\htdocs\\apply like facebook\\pos6.12\\vendor\\laravel\\framework\\src\\Illuminate\\View\\View.php(195): Illuminate\\View\\Engines\\CompilerEngine->get('C:\\\\xampp\\\\htdocs...', Array)
#31 C:\\xampp\\htdocs\\apply like facebook\\pos6.12\\vendor\\laravel\\framework\\src\\Illuminate\\View\\View.php(178): Illuminate\\View\\View->getContents()
#32 C:\\xampp\\htdocs\\apply like facebook\\pos6.12\\vendor\\laravel\\framework\\src\\Illuminate\\View\\View.php(147): Illuminate\\View\\View->renderContents()
#33 C:\\xampp\\htdocs\\apply like facebook\\pos6.12\\vendor\\laravel\\framework\\src\\Illuminate\\Http\\Response.php(69): Illuminate\\View\\View->render()
#34 C:\\xampp\\htdocs\\apply like facebook\\pos6.12\\vendor\\laravel\\framework\\src\\Illuminate\\Http\\Response.php(35): Illuminate\\Http\\Response->setContent(Object(Illuminate\\View\\View))
#35 C:\\xampp\\htdocs\\apply like facebook\\pos6.12\\vendor\\laravel\\framework\\src\\Illuminate\\Routing\\Router.php(906): Illuminate\\Http\\Response->__construct(Object(Illuminate\\View\\View), 200, Array)
#36 C:\\xampp\\htdocs\\apply like facebook\\pos6.12\\vendor\\laravel\\framework\\src\\Illuminate\\Routing\\Router.php(875): Illuminate\\Routing\\Router::toResponse(Object(Illuminate\\Http\\Request), Object(Illuminate\\View\\View))
#37 C:\\xampp\\htdocs\\apply like facebook\\pos6.12\\vendor\\laravel\\framework\\src\\Illuminate\\Routing\\Router.php(797): Illuminate\\Routing\\Router->prepareResponse(Object(Illuminate\\Http\\Request), Object(Illuminate\\View\\View))
#38 C:\\xampp\\htdocs\\apply like facebook\\pos6.12\\vendor\\laravel\\framework\\src\\Illuminate\\Pipeline\\Pipeline.php(141): Illuminate\\Routing\\Router->Illuminate\\Routing\\{closure}(Object(Illuminate\\Http\\Request))
#39 C:\\xampp\\htdocs\\apply like facebook\\pos6.12\\vendor\\laravel\\framework\\src\\Illuminate\\Auth\\Middleware\\Authorize.php(45): Illuminate\\Pipeline\\Pipeline->Illuminate\\Pipeline\\{closure}(Object(Illuminate\\Http\\Request))
#40 C:\\xampp\\htdocs\\apply like facebook\\pos6.12\\vendor\\laravel\\framework\\src\\Illuminate\\Pipeline\\Pipeline.php(180): Illuminate\\Auth\\Middleware\\Authorize->handle(Object(Illuminate\\Http\\Request), Object(Closure), 'loan_management...')
#41 C:\\xampp\\htdocs\\apply like facebook\\pos6.12\\app\\Http\\Middleware\\CheckUserLogin.php(22): Illuminate\\Pipeline\\Pipeline->Illuminate\\Pipeline\\{closure}(Object(Illuminate\\Http\\Request))
#42 C:\\xampp\\htdocs\\apply like facebook\\pos6.12\\vendor\\laravel\\framework\\src\\Illuminate\\Pipeline\\Pipeline.php(180): App\\Http\\Middleware\\CheckUserLogin->handle(Object(Illuminate\\Http\\Request), Object(Closure))
#43 C:\\xampp\\htdocs\\apply like facebook\\pos6.12\\app\\Http\\Middleware\\AdminSidebarMenu.php(901): Illuminate\\Pipeline\\Pipeline->Illuminate\\Pipeline\\{closure}(Object(Illuminate\\Http\\Request))
#44 C:\\xampp\\htdocs\\apply like facebook\\pos6.12\\vendor\\laravel\\framework\\src\\Illuminate\\Pipeline\\Pipeline.php(180): App\\Http\\Middleware\\AdminSidebarMenu->handle(Object(Illuminate\\Http\\Request), Object(Closure))
#45 C:\\xampp\\htdocs\\apply like facebook\\pos6.12\\app\\Http\\Middleware\\Timezone.php(30): Illuminate\\Pipeline\\Pipeline->Illuminate\\Pipeline\\{closure}(Object(Illuminate\\Http\\Request))
#46 C:\\xampp\\htdocs\\apply like facebook\\pos6.12\\vendor\\laravel\\framework\\src\\Illuminate\\Pipeline\\Pipeline.php(180): App\\Http\\Middleware\\Timezone->handle(Object(Illuminate\\Http\\Request), Object(Closure))
#47 C:\\xampp\\htdocs\\apply like facebook\\pos6.12\\app\\Http\\Middleware\\Language.php(25): Illuminate\\Pipeline\\Pipeline->Illuminate\\Pipeline\\{closure}(Object(Illuminate\\Http\\Request))
#48 C:\\xampp\\htdocs\\apply like facebook\\pos6.12\\vendor\\laravel\\framework\\src\\Illuminate\\Pipeline\\Pipeline.php(180): App\\Http\\Middleware\\Language->handle(Object(Illuminate\\Http\\Request), Object(Closure))
#49 C:\\xampp\\htdocs\\apply like facebook\\pos6.12\\app\\Http\\Middleware\\SetSessionData.php(52): Illuminate\\Pipeline\\Pipeline->Illuminate\\Pipeline\\{closure}(Object(Illuminate\\Http\\Request))
#50 C:\\xampp\\htdocs\\apply like facebook\\pos6.12\\vendor\\laravel\\framework\\src\\Illuminate\\Pipeline\\Pipeline.php(180): App\\Http\\Middleware\\SetSessionData->handle(Object(Illuminate\\Http\\Request), Object(Closure))
#51 C:\\xampp\\htdocs\\apply like facebook\\pos6.12\\vendor\\barryvdh\\laravel-debugbar\\src\\Middleware\\InjectDebugbar.php(59): Illuminate\\Pipeline\\Pipeline->Illuminate\\Pipeline\\{closure}(Object(Illuminate\\Http\\Request))
#52 C:\\xampp\\htdocs\\apply like facebook\\pos6.12\\vendor\\laravel\\framework\\src\\Illuminate\\Pipeline\\Pipeline.php(180): Barryvdh\\Debugbar\\Middleware\\InjectDebugbar->handle(Object(Illuminate\\Http\\Request), Object(Closure))
#53 C:\\xampp\\htdocs\\apply like facebook\\pos6.12\\vendor\\laravel\\framework\\src\\Illuminate\\Routing\\Middleware\\SubstituteBindings.php(50): Illuminate\\Pipeline\\Pipeline->Illuminate\\Pipeline\\{closure}(Object(Illuminate\\Http\\Request))
#54 C:\\xampp\\htdocs\\apply like facebook\\pos6.12\\vendor\\laravel\\framework\\src\\Illuminate\\Pipeline\\Pipeline.php(180): Illuminate\\Routing\\Middleware\\SubstituteBindings->handle(Object(Illuminate\\Http\\Request), Object(Closure))
#55 C:\\xampp\\htdocs\\apply like facebook\\pos6.12\\vendor\\laravel\\framework\\src\\Illuminate\\Auth\\Middleware\\Authenticate.php(44): Illuminate\\Pipeline\\Pipeline->Illuminate\\Pipeline\\{closure}(Object(Illuminate\\Http\\Request))
#56 C:\\xampp\\htdocs\\apply like facebook\\pos6.12\\vendor\\laravel\\framework\\src\\Illuminate\\Pipeline\\Pipeline.php(180): Illuminate\\Auth\\Middleware\\Authenticate->handle(Object(Illuminate\\Http\\Request), Object(Closure))
#57 C:\\xampp\\htdocs\\apply like facebook\\pos6.12\\vendor\\laravel\\framework\\src\\Illuminate\\Foundation\\Http\\Middleware\\VerifyCsrfToken.php(78): Illuminate\\Pipeline\\Pipeline->Illuminate\\Pipeline\\{closure}(Object(Illuminate\\Http\\Request))
#58 C:\\xampp\\htdocs\\apply like facebook\\pos6.12\\vendor\\laravel\\framework\\src\\Illuminate\\Pipeline\\Pipeline.php(180): Illuminate\\Foundation\\Http\\Middleware\\VerifyCsrfToken->handle(Object(Illuminate\\Http\\Request), Object(Closure))
#59 C:\\xampp\\htdocs\\apply like facebook\\pos6.12\\vendor\\laravel\\framework\\src\\Illuminate\\View\\Middleware\\ShareErrorsFromSession.php(49): Illuminate\\Pipeline\\Pipeline->Illuminate\\Pipeline\\{closure}(Object(Illuminate\\Http\\Request))
#60 C:\\xampp\\htdocs\\apply like facebook\\pos6.12\\vendor\\laravel\\framework\\src\\Illuminate\\Pipeline\\Pipeline.php(180): Illuminate\\View\\Middleware\\ShareErrorsFromSession->handle(Object(Illuminate\\Http\\Request), Object(Closure))
#61 C:\\xampp\\htdocs\\apply like facebook\\pos6.12\\vendor\\laravel\\framework\\src\\Illuminate\\Session\\Middleware\\StartSession.php(121): Illuminate\\Pipeline\\Pipeline->Illuminate\\Pipeline\\{closure}(Object(Illuminate\\Http\\Request))
#62 C:\\xampp\\htdocs\\apply like facebook\\pos6.12\\vendor\\laravel\\framework\\src\\Illuminate\\Session\\Middleware\\StartSession.php(64): Illuminate\\Session\\Middleware\\StartSession->handleStatefulRequest(Object(Illuminate\\Http\\Request), Object(Illuminate\\Session\\Store), Object(Closure))
#63 C:\\xampp\\htdocs\\apply like facebook\\pos6.12\\vendor\\laravel\\framework\\src\\Illuminate\\Pipeline\\Pipeline.php(180): Illuminate\\Session\\Middleware\\StartSession->handle(Object(Illuminate\\Http\\Request), Object(Closure))
#64 C:\\xampp\\htdocs\\apply like facebook\\pos6.12\\vendor\\laravel\\framework\\src\\Illuminate\\Cookie\\Middleware\\AddQueuedCookiesToResponse.php(37): Illuminate\\Pipeline\\Pipeline->Illuminate\\Pipeline\\{closure}(Object(Illuminate\\Http\\Request))
#65 C:\\xampp\\htdocs\\apply like facebook\\pos6.12\\vendor\\laravel\\framework\\src\\Illuminate\\Pipeline\\Pipeline.php(180): Illuminate\\Cookie\\Middleware\\AddQueuedCookiesToResponse->handle(Object(Illuminate\\Http\\Request), Object(Closure))
#66 C:\\xampp\\htdocs\\apply like facebook\\pos6.12\\vendor\\laravel\\framework\\src\\Illuminate\\Cookie\\Middleware\\EncryptCookies.php(67): Illuminate\\Pipeline\\Pipeline->Illuminate\\Pipeline\\{closure}(Object(Illuminate\\Http\\Request))
#67 C:\\xampp\\htdocs\\apply like facebook\\pos6.12\\vendor\\laravel\\framework\\src\\Illuminate\\Pipeline\\Pipeline.php(180): Illuminate\\Cookie\\Middleware\\EncryptCookies->handle(Object(Illuminate\\Http\\Request), Object(Closure))
#68 C:\\xampp\\htdocs\\apply like facebook\\pos6.12\\vendor\\laravel\\framework\\src\\Illuminate\\Pipeline\\Pipeline.php(116): Illuminate\\Pipeline\\Pipeline->Illuminate\\Pipeline\\{closure}(Object(Illuminate\\Http\\Request))
#69 C:\\xampp\\htdocs\\apply like facebook\\pos6.12\\vendor\\laravel\\framework\\src\\Illuminate\\Routing\\Router.php(797): Illuminate\\Pipeline\\Pipeline->then(Object(Closure))
#70 C:\\xampp\\htdocs\\apply like facebook\\pos6.12\\vendor\\laravel\\framework\\src\\Illuminate\\Routing\\Router.php(776): Illuminate\\Routing\\Router->runRouteWithinStack(Object(Illuminate\\Routing\\Route), Object(Illuminate\\Http\\Request))
#71 C:\\xampp\\htdocs\\apply like facebook\\pos6.12\\vendor\\laravel\\framework\\src\\Illuminate\\Routing\\Router.php(740): Illuminate\\Routing\\Router->runRoute(Object(Illuminate\\Http\\Request), Object(Illuminate\\Routing\\Route))
#72 C:\\xampp\\htdocs\\apply like facebook\\pos6.12\\vendor\\laravel\\framework\\src\\Illuminate\\Routing\\Router.php(729): Illuminate\\Routing\\Router->dispatchToRoute(Object(Illuminate\\Http\\Request))
#73 C:\\xampp\\htdocs\\apply like facebook\\pos6.12\\vendor\\laravel\\framework\\src\\Illuminate\\Foundation\\Http\\Kernel.php(190): Illuminate\\Routing\\Router->dispatch(Object(Illuminate\\Http\\Request))
#74 C:\\xampp\\htdocs\\apply like facebook\\pos6.12\\vendor\\laravel\\framework\\src\\Illuminate\\Pipeline\\Pipeline.php(141): Illuminate\\Foundation\\Http\\Kernel->Illuminate\\Foundation\\Http\\{closure}(Object(Illuminate\\Http\\Request))
#75 C:\\xampp\\htdocs\\apply like facebook\\pos6.12\\vendor\\barryvdh\\laravel-debugbar\\src\\Middleware\\InjectDebugbar.php(59): Illuminate\\Pipeline\\Pipeline->Illuminate\\Pipeline\\{closure}(Object(Illuminate\\Http\\Request))
#76 C:\\xampp\\htdocs\\apply like facebook\\pos6.12\\vendor\\laravel\\framework\\src\\Illuminate\\Pipeline\\Pipeline.php(180): Barryvdh\\Debugbar\\Middleware\\InjectDebugbar->handle(Object(Illuminate\\Http\\Request), Object(Closure))
#77 C:\\xampp\\htdocs\\apply like facebook\\pos6.12\\vendor\\laravel\\framework\\src\\Illuminate\\Foundation\\Http\\Middleware\\TransformsRequest.php(21): Illuminate\\Pipeline\\Pipeline->Illuminate\\Pipeline\\{closure}(Object(Illuminate\\Http\\Request))
#78 C:\\xampp\\htdocs\\apply like facebook\\pos6.12\\vendor\\laravel\\framework\\src\\Illuminate\\Foundation\\Http\\Middleware\\ConvertEmptyStringsToNull.php(31): Illuminate\\Foundation\\Http\\Middleware\\TransformsRequest->handle(Object(Illuminate\\Http\\Request), Object(Closure))
#79 C:\\xampp\\htdocs\\apply like facebook\\pos6.12\\vendor\\laravel\\framework\\src\\Illuminate\\Pipeline\\Pipeline.php(180): Illuminate\\Foundation\\Http\\Middleware\\ConvertEmptyStringsToNull->handle(Object(Illuminate\\Http\\Request), Object(Closure))
#80 C:\\xampp\\htdocs\\apply like facebook\\pos6.12\\vendor\\laravel\\framework\\src\\Illuminate\\Foundation\\Http\\Middleware\\TransformsRequest.php(21): Illuminate\\Pipeline\\Pipeline->Illuminate\\Pipeline\\{closure}(Object(Illuminate\\Http\\Request))
#81 C:\\xampp\\htdocs\\apply like facebook\\pos6.12\\vendor\\laravel\\framework\\src\\Illuminate\\Foundation\\Http\\Middleware\\TrimStrings.php(40): Illuminate\\Foundation\\Http\\Middleware\\TransformsRequest->handle(Object(Illuminate\\Http\\Request), Object(Closure))
#82 C:\\xampp\\htdocs\\apply like facebook\\pos6.12\\vendor\\laravel\\framework\\src\\Illuminate\\Pipeline\\Pipeline.php(180): Illuminate\\Foundation\\Http\\Middleware\\TrimStrings->handle(Object(Illuminate\\Http\\Request), Object(Closure))
#83 C:\\xampp\\htdocs\\apply like facebook\\pos6.12\\vendor\\laravel\\framework\\src\\Illuminate\\Foundation\\Http\\Middleware\\ValidatePostSize.php(27): Illuminate\\Pipeline\\Pipeline->Illuminate\\Pipeline\\{closure}(Object(Illuminate\\Http\\Request))
#84 C:\\xampp\\htdocs\\apply like facebook\\pos6.12\\vendor\\laravel\\framework\\src\\Illuminate\\Pipeline\\Pipeline.php(180): Illuminate\\Foundation\\Http\\Middleware\\ValidatePostSize->handle(Object(Illuminate\\Http\\Request), Object(Closure))
#85 C:\\xampp\\htdocs\\apply like facebook\\pos6.12\\vendor\\laravel\\framework\\src\\Illuminate\\Foundation\\Http\\Middleware\\PreventRequestsDuringMaintenance.php(86): Illuminate\\Pipeline\\Pipeline->Illuminate\\Pipeline\\{closure}(Object(Illuminate\\Http\\Request))
#86 C:\\xampp\\htdocs\\apply like facebook\\pos6.12\\vendor\\laravel\\framework\\src\\Illuminate\\Pipeline\\Pipeline.php(180): Illuminate\\Foundation\\Http\\Middleware\\PreventRequestsDuringMaintenance->handle(Object(Illuminate\\Http\\Request), Object(Closure))
#87 C:\\xampp\\htdocs\\apply like facebook\\pos6.12\\vendor\\laravel\\framework\\src\\Illuminate\\Http\\Middleware\\HandleCors.php(49): Illuminate\\Pipeline\\Pipeline->Illuminate\\Pipeline\\{closure}(Object(Illuminate\\Http\\Request))
#88 C:\\xampp\\htdocs\\apply like facebook\\pos6.12\\vendor\\laravel\\framework\\src\\Illuminate\\Pipeline\\Pipeline.php(180): Illuminate\\Http\\Middleware\\HandleCors->handle(Object(Illuminate\\Http\\Request), Object(Closure))
#89 C:\\xampp\\htdocs\\apply like facebook\\pos6.12\\vendor\\laravel\\framework\\src\\Illuminate\\Http\\Middleware\\TrustProxies.php(39): Illuminate\\Pipeline\\Pipeline->Illuminate\\Pipeline\\{closure}(Object(Illuminate\\Http\\Request))
#90 C:\\xampp\\htdocs\\apply like facebook\\pos6.12\\vendor\\laravel\\framework\\src\\Illuminate\\Pipeline\\Pipeline.php(180): Illuminate\\Http\\Middleware\\TrustProxies->handle(Object(Illuminate\\Http\\Request), Object(Closure))
#91 C:\\xampp\\htdocs\\apply like facebook\\pos6.12\\vendor\\laravel\\framework\\src\\Illuminate\\Pipeline\\Pipeline.php(116): Illuminate\\Pipeline\\Pipeline->Illuminate\\Pipeline\\{closure}(Object(Illuminate\\Http\\Request))
#92 C:\\xampp\\htdocs\\apply like facebook\\pos6.12\\vendor\\laravel\\framework\\src\\Illuminate\\Foundation\\Http\\Kernel.php(165): Illuminate\\Pipeline\\Pipeline->then(Object(Closure))
#93 C:\\xampp\\htdocs\\apply like facebook\\pos6.12\\vendor\\laravel\\framework\\src\\Illuminate\\Foundation\\Http\\Kernel.php(134): Illuminate\\Foundation\\Http\\Kernel->sendRequestThroughRouter(Object(Illuminate\\Http\\Request))
#94 C:\\xampp\\htdocs\\apply like facebook\\pos6.12\\public\\index.php(56): Illuminate\\Foundation\\Http\\Kernel->handle(Object(Illuminate\\Http\\Request))
#95 C:\\xampp\\htdocs\\apply like facebook\\pos6.12\\vendor\\laravel\\framework\\src\\Illuminate\\Foundation\\resources\\server.php(16): require_once('C:\\\\xampp\\\\htdocs...')
#96 {main}

[previous exception] [object] (ErrorException(code: 0): Undefined variable $default_location at C:\\xampp\\htdocs\\apply like facebook\\pos6.12\\storage\\framework\\views\\242977bc338f2cef39795aa4e8eed0394c090d0b.php:47)
[stacktrace]
#0 C:\\xampp\\htdocs\\apply like facebook\\pos6.12\\vendor\\laravel\\framework\\src\\Illuminate\\Foundation\\Bootstrap\\HandleExceptions.php(270): Illuminate\\Foundation\\Bootstrap\\HandleExceptions->handleError(2, 'Undefined varia...', 'C:\\\\xampp\\\\htdocs...', 47)
#1 C:\\xampp\\htdocs\\apply like facebook\\pos6.12\\storage\\framework\\views\\242977bc338f2cef39795aa4e8eed0394c090d0b.php(47): Illuminate\\Foundation\\Bootstrap\\HandleExceptions->Illuminate\\Foundation\\Bootstrap\\{closure}(2, 'Undefined varia...', 'C:\\\\xampp\\\\htdocs...', 47)
#2 C:\\xampp\\htdocs\\apply like facebook\\pos6.12\\vendor\\laravel\\framework\\src\\Illuminate\\Filesystem\\Filesystem.php(109): require('C:\\\\xampp\\\\htdocs...')
#3 C:\\xampp\\htdocs\\apply like facebook\\pos6.12\\vendor\\laravel\\framework\\src\\Illuminate\\Filesystem\\Filesystem.php(110): Illuminate\\Filesystem\\Filesystem::Illuminate\\Filesystem\\{closure}()
#4 C:\\xampp\\htdocs\\apply like facebook\\pos6.12\\vendor\\laravel\\framework\\src\\Illuminate\\View\\Engines\\PhpEngine.php(58): Illuminate\\Filesystem\\Filesystem->getRequire('C:\\\\xampp\\\\htdocs...', Array)
#5 C:\\xampp\\htdocs\\apply like facebook\\pos6.12\\vendor\\laravel\\framework\\src\\Illuminate\\View\\Engines\\CompilerEngine.php(70): Illuminate\\View\\Engines\\PhpEngine->evaluatePath('C:\\\\xampp\\\\htdocs...', Array)
#6 C:\\xampp\\htdocs\\apply like facebook\\pos6.12\\vendor\\laravel\\framework\\src\\Illuminate\\View\\View.php(195): Illuminate\\View\\Engines\\CompilerEngine->get('C:\\\\xampp\\\\htdocs...', Array)
#7 C:\\xampp\\htdocs\\apply like facebook\\pos6.12\\vendor\\laravel\\framework\\src\\Illuminate\\View\\View.php(178): Illuminate\\View\\View->getContents()
#8 C:\\xampp\\htdocs\\apply like facebook\\pos6.12\\vendor\\laravel\\framework\\src\\Illuminate\\View\\View.php(147): Illuminate\\View\\View->renderContents()
#9 C:\\xampp\\htdocs\\apply like facebook\\pos6.12\\storage\\framework\\views\\f136a7c06a43050aed77506dd2490c7a23d3736a.php(80): Illuminate\\View\\View->render()
#10 C:\\xampp\\htdocs\\apply like facebook\\pos6.12\\vendor\\laravel\\framework\\src\\Illuminate\\Filesystem\\Filesystem.php(109): require('C:\\\\xampp\\\\htdocs...')
#11 C:\\xampp\\htdocs\\apply like facebook\\pos6.12\\vendor\\laravel\\framework\\src\\Illuminate\\Filesystem\\Filesystem.php(110): Illuminate\\Filesystem\\Filesystem::Illuminate\\Filesystem\\{closure}()
#12 C:\\xampp\\htdocs\\apply like facebook\\pos6.12\\vendor\\laravel\\framework\\src\\Illuminate\\View\\Engines\\PhpEngine.php(58): Illuminate\\Filesystem\\Filesystem->getRequire('C:\\\\xampp\\\\htdocs...', Array)
#13 C:\\xampp\\htdocs\\apply like facebook\\pos6.12\\vendor\\laravel\\framework\\src\\Illuminate\\View\\Engines\\CompilerEngine.php(70): Illuminate\\View\\Engines\\PhpEngine->evaluatePath('C:\\\\xampp\\\\htdocs...', Array)
#14 C:\\xampp\\htdocs\\apply like facebook\\pos6.12\\vendor\\laravel\\framework\\src\\Illuminate\\View\\View.php(195): Illuminate\\View\\Engines\\CompilerEngine->get('C:\\\\xampp\\\\htdocs...', Array)
#15 C:\\xampp\\htdocs\\apply like facebook\\pos6.12\\vendor\\laravel\\framework\\src\\Illuminate\\View\\View.php(178): Illuminate\\View\\View->getContents()
#16 C:\\xampp\\htdocs\\apply like facebook\\pos6.12\\vendor\\laravel\\framework\\src\\Illuminate\\View\\View.php(147): Illuminate\\View\\View->renderContents()
#17 C:\\xampp\\htdocs\\apply like facebook\\pos6.12\\storage\\framework\\views\\9f34b93f4a1df2e5ed980d612969330def9d66cd.php(408): Illuminate\\View\\View->render()
#18 C:\\xampp\\htdocs\\apply like facebook\\pos6.12\\vendor\\laravel\\framework\\src\\Illuminate\\Filesystem\\Filesystem.php(109): require('C:\\\\xampp\\\\htdocs...')
#19 C:\\xampp\\htdocs\\apply like facebook\\pos6.12\\vendor\\laravel\\framework\\src\\Illuminate\\Filesystem\\Filesystem.php(110): Illuminate\\Filesystem\\Filesystem::Illuminate\\Filesystem\\{closure}()
#20 C:\\xampp\\htdocs\\apply like facebook\\pos6.12\\vendor\\laravel\\framework\\src\\Illuminate\\View\\Engines\\PhpEngine.php(58): Illuminate\\Filesystem\\Filesystem->getRequire('C:\\\\xampp\\\\htdocs...', Array)
#21 C:\\xampp\\htdocs\\apply like facebook\\pos6.12\\vendor\\laravel\\framework\\src\\Illuminate\\View\\Engines\\CompilerEngine.php(70): Illuminate\\View\\Engines\\PhpEngine->evaluatePath('C:\\\\xampp\\\\htdocs...', Array)
#22 C:\\xampp\\htdocs\\apply like facebook\\pos6.12\\vendor\\laravel\\framework\\src\\Illuminate\\View\\View.php(195): Illuminate\\View\\Engines\\CompilerEngine->get('C:\\\\xampp\\\\htdocs...', Array)
#23 C:\\xampp\\htdocs\\apply like facebook\\pos6.12\\vendor\\laravel\\framework\\src\\Illuminate\\View\\View.php(178): Illuminate\\View\\View->getContents()
#24 C:\\xampp\\htdocs\\apply like facebook\\pos6.12\\vendor\\laravel\\framework\\src\\Illuminate\\View\\View.php(147): Illuminate\\View\\View->renderContents()
#25 C:\\xampp\\htdocs\\apply like facebook\\pos6.12\\storage\\framework\\views\\06c133c35b9314a11881c0d070ac10d07039878c.php(7): Illuminate\\View\\View->render()
#26 C:\\xampp\\htdocs\\apply like facebook\\pos6.12\\vendor\\laravel\\framework\\src\\Illuminate\\Filesystem\\Filesystem.php(109): require('C:\\\\xampp\\\\htdocs...')
#27 C:\\xampp\\htdocs\\apply like facebook\\pos6.12\\vendor\\laravel\\framework\\src\\Illuminate\\Filesystem\\Filesystem.php(110): Illuminate\\Filesystem\\Filesystem::Illuminate\\Filesystem\\{closure}()
#28 C:\\xampp\\htdocs\\apply like facebook\\pos6.12\\vendor\\laravel\\framework\\src\\Illuminate\\View\\Engines\\PhpEngine.php(58): Illuminate\\Filesystem\\Filesystem->getRequire('C:\\\\xampp\\\\htdocs...', Array)
#29 C:\\xampp\\htdocs\\apply like facebook\\pos6.12\\vendor\\laravel\\framework\\src\\Illuminate\\View\\Engines\\CompilerEngine.php(70): Illuminate\\View\\Engines\\PhpEngine->evaluatePath('C:\\\\xampp\\\\htdocs...', Array)
#30 C:\\xampp\\htdocs\\apply like facebook\\pos6.12\\vendor\\laravel\\framework\\src\\Illuminate\\View\\View.php(195): Illuminate\\View\\Engines\\CompilerEngine->get('C:\\\\xampp\\\\htdocs...', Array)
#31 C:\\xampp\\htdocs\\apply like facebook\\pos6.12\\vendor\\laravel\\framework\\src\\Illuminate\\View\\View.php(178): Illuminate\\View\\View->getContents()
#32 C:\\xampp\\htdocs\\apply like facebook\\pos6.12\\vendor\\laravel\\framework\\src\\Illuminate\\View\\View.php(147): Illuminate\\View\\View->renderContents()
#33 C:\\xampp\\htdocs\\apply like facebook\\pos6.12\\vendor\\laravel\\framework\\src\\Illuminate\\Http\\Response.php(69): Illuminate\\View\\View->render()
#34 C:\\xampp\\htdocs\\apply like facebook\\pos6.12\\vendor\\laravel\\framework\\src\\Illuminate\\Http\\Response.php(35): Illuminate\\Http\\Response->setContent(Object(Illuminate\\View\\View))
#35 C:\\xampp\\htdocs\\apply like facebook\\pos6.12\\vendor\\laravel\\framework\\src\\Illuminate\\Routing\\Router.php(906): Illuminate\\Http\\Response->__construct(Object(Illuminate\\View\\View), 200, Array)
#36 C:\\xampp\\htdocs\\apply like facebook\\pos6.12\\vendor\\laravel\\framework\\src\\Illuminate\\Routing\\Router.php(875): Illuminate\\Routing\\Router::toResponse(Object(Illuminate\\Http\\Request), Object(Illuminate\\View\\View))
#37 C:\\xampp\\htdocs\\apply like facebook\\pos6.12\\vendor\\laravel\\framework\\src\\Illuminate\\Routing\\Router.php(797): Illuminate\\Routing\\Router->prepareResponse(Object(Illuminate\\Http\\Request), Object(Illuminate\\View\\View))
#38 C:\\xampp\\htdocs\\apply like facebook\\pos6.12\\vendor\\laravel\\framework\\src\\Illuminate\\Pipeline\\Pipeline.php(141): Illuminate\\Routing\\Router->Illuminate\\Routing\\{closure}(Object(Illuminate\\Http\\Request))
#39 C:\\xampp\\htdocs\\apply like facebook\\pos6.12\\vendor\\laravel\\framework\\src\\Illuminate\\Auth\\Middleware\\Authorize.php(45): Illuminate\\Pipeline\\Pipeline->Illuminate\\Pipeline\\{closure}(Object(Illuminate\\Http\\Request))
#40 C:\\xampp\\htdocs\\apply like facebook\\pos6.12\\vendor\\laravel\\framework\\src\\Illuminate\\Pipeline\\Pipeline.php(180): Illuminate\\Auth\\Middleware\\Authorize->handle(Object(Illuminate\\Http\\Request), Object(Closure), 'loan_management...')
#41 C:\\xampp\\htdocs\\apply like facebook\\pos6.12\\app\\Http\\Middleware\\CheckUserLogin.php(22): Illuminate\\Pipeline\\Pipeline->Illuminate\\Pipeline\\{closure}(Object(Illuminate\\Http\\Request))
#42 C:\\xampp\\htdocs\\apply like facebook\\pos6.12\\vendor\\laravel\\framework\\src\\Illuminate\\Pipeline\\Pipeline.php(180): App\\Http\\Middleware\\CheckUserLogin->handle(Object(Illuminate\\Http\\Request), Object(Closure))
#43 C:\\xampp\\htdocs\\apply like facebook\\pos6.12\\app\\Http\\Middleware\\AdminSidebarMenu.php(901): Illuminate\\Pipeline\\Pipeline->Illuminate\\Pipeline\\{closure}(Object(Illuminate\\Http\\Request))
#44 C:\\xampp\\htdocs\\apply like facebook\\pos6.12\\vendor\\laravel\\framework\\src\\Illuminate\\Pipeline\\Pipeline.php(180): App\\Http\\Middleware\\AdminSidebarMenu->handle(Object(Illuminate\\Http\\Request), Object(Closure))
#45 C:\\xampp\\htdocs\\apply like facebook\\pos6.12\\app\\Http\\Middleware\\Timezone.php(30): Illuminate\\Pipeline\\Pipeline->Illuminate\\Pipeline\\{closure}(Object(Illuminate\\Http\\Request))
#46 C:\\xampp\\htdocs\\apply like facebook\\pos6.12\\vendor\\laravel\\framework\\src\\Illuminate\\Pipeline\\Pipeline.php(180): App\\Http\\Middleware\\Timezone->handle(Object(Illuminate\\Http\\Request), Object(Closure))
#47 C:\\xampp\\htdocs\\apply like facebook\\pos6.12\\app\\Http\\Middleware\\Language.php(25): Illuminate\\Pipeline\\Pipeline->Illuminate\\Pipeline\\{closure}(Object(Illuminate\\Http\\Request))
#48 C:\\xampp\\htdocs\\apply like facebook\\pos6.12\\vendor\\laravel\\framework\\src\\Illuminate\\Pipeline\\Pipeline.php(180): App\\Http\\Middleware\\Language->handle(Object(Illuminate\\Http\\Request), Object(Closure))
#49 C:\\xampp\\htdocs\\apply like facebook\\pos6.12\\app\\Http\\Middleware\\SetSessionData.php(52): Illuminate\\Pipeline\\Pipeline->Illuminate\\Pipeline\\{closure}(Object(Illuminate\\Http\\Request))
#50 C:\\xampp\\htdocs\\apply like facebook\\pos6.12\\vendor\\laravel\\framework\\src\\Illuminate\\Pipeline\\Pipeline.php(180): App\\Http\\Middleware\\SetSessionData->handle(Object(Illuminate\\Http\\Request), Object(Closure))
#51 C:\\xampp\\htdocs\\apply like facebook\\pos6.12\\vendor\\barryvdh\\laravel-debugbar\\src\\Middleware\\InjectDebugbar.php(59): Illuminate\\Pipeline\\Pipeline->Illuminate\\Pipeline\\{closure}(Object(Illuminate\\Http\\Request))
#52 C:\\xampp\\htdocs\\apply like facebook\\pos6.12\\vendor\\laravel\\framework\\src\\Illuminate\\Pipeline\\Pipeline.php(180): Barryvdh\\Debugbar\\Middleware\\InjectDebugbar->handle(Object(Illuminate\\Http\\Request), Object(Closure))
#53 C:\\xampp\\htdocs\\apply like facebook\\pos6.12\\vendor\\laravel\\framework\\src\\Illuminate\\Routing\\Middleware\\SubstituteBindings.php(50): Illuminate\\Pipeline\\Pipeline->Illuminate\\Pipeline\\{closure}(Object(Illuminate\\Http\\Request))
#54 C:\\xampp\\htdocs\\apply like facebook\\pos6.12\\vendor\\laravel\\framework\\src\\Illuminate\\Pipeline\\Pipeline.php(180): Illuminate\\Routing\\Middleware\\SubstituteBindings->handle(Object(Illuminate\\Http\\Request), Object(Closure))
#55 C:\\xampp\\htdocs\\apply like facebook\\pos6.12\\vendor\\laravel\\framework\\src\\Illuminate\\Auth\\Middleware\\Authenticate.php(44): Illuminate\\Pipeline\\Pipeline->Illuminate\\Pipeline\\{closure}(Object(Illuminate\\Http\\Request))
#56 C:\\xampp\\htdocs\\apply like facebook\\pos6.12\\vendor\\laravel\\framework\\src\\Illuminate\\Pipeline\\Pipeline.php(180): Illuminate\\Auth\\Middleware\\Authenticate->handle(Object(Illuminate\\Http\\Request), Object(Closure))
#57 C:\\xampp\\htdocs\\apply like facebook\\pos6.12\\vendor\\laravel\\framework\\src\\Illuminate\\Foundation\\Http\\Middleware\\VerifyCsrfToken.php(78): Illuminate\\Pipeline\\Pipeline->Illuminate\\Pipeline\\{closure}(Object(Illuminate\\Http\\Request))
#58 C:\\xampp\\htdocs\\apply like facebook\\pos6.12\\vendor\\laravel\\framework\\src\\Illuminate\\Pipeline\\Pipeline.php(180): Illuminate\\Foundation\\Http\\Middleware\\VerifyCsrfToken->handle(Object(Illuminate\\Http\\Request), Object(Closure))
#59 C:\\xampp\\htdocs\\apply like facebook\\pos6.12\\vendor\\laravel\\framework\\src\\Illuminate\\View\\Middleware\\ShareErrorsFromSession.php(49): Illuminate\\Pipeline\\Pipeline->Illuminate\\Pipeline\\{closure}(Object(Illuminate\\Http\\Request))
#60 C:\\xampp\\htdocs\\apply like facebook\\pos6.12\\vendor\\laravel\\framework\\src\\Illuminate\\Pipeline\\Pipeline.php(180): Illuminate\\View\\Middleware\\ShareErrorsFromSession->handle(Object(Illuminate\\Http\\Request), Object(Closure))
#61 C:\\xampp\\htdocs\\apply like facebook\\pos6.12\\vendor\\laravel\\framework\\src\\Illuminate\\Session\\Middleware\\StartSession.php(121): Illuminate\\Pipeline\\Pipeline->Illuminate\\Pipeline\\{closure}(Object(Illuminate\\Http\\Request))
#62 C:\\xampp\\htdocs\\apply like facebook\\pos6.12\\vendor\\laravel\\framework\\src\\Illuminate\\Session\\Middleware\\StartSession.php(64): Illuminate\\Session\\Middleware\\StartSession->handleStatefulRequest(Object(Illuminate\\Http\\Request), Object(Illuminate\\Session\\Store), Object(Closure))
#63 C:\\xampp\\htdocs\\apply like facebook\\pos6.12\\vendor\\laravel\\framework\\src\\Illuminate\\Pipeline\\Pipeline.php(180): Illuminate\\Session\\Middleware\\StartSession->handle(Object(Illuminate\\Http\\Request), Object(Closure))
#64 C:\\xampp\\htdocs\\apply like facebook\\pos6.12\\vendor\\laravel\\framework\\src\\Illuminate\\Cookie\\Middleware\\AddQueuedCookiesToResponse.php(37): Illuminate\\Pipeline\\Pipeline->Illuminate\\Pipeline\\{closure}(Object(Illuminate\\Http\\Request))
#65 C:\\xampp\\htdocs\\apply like facebook\\pos6.12\\vendor\\laravel\\framework\\src\\Illuminate\\Pipeline\\Pipeline.php(180): Illuminate\\Cookie\\Middleware\\AddQueuedCookiesToResponse->handle(Object(Illuminate\\Http\\Request), Object(Closure))
#66 C:\\xampp\\htdocs\\apply like facebook\\pos6.12\\vendor\\laravel\\framework\\src\\Illuminate\\Cookie\\Middleware\\EncryptCookies.php(67): Illuminate\\Pipeline\\Pipeline->Illuminate\\Pipeline\\{closure}(Object(Illuminate\\Http\\Request))
#67 C:\\xampp\\htdocs\\apply like facebook\\pos6.12\\vendor\\laravel\\framework\\src\\Illuminate\\Pipeline\\Pipeline.php(180): Illuminate\\Cookie\\Middleware\\EncryptCookies->handle(Object(Illuminate\\Http\\Request), Object(Closure))
#68 C:\\xampp\\htdocs\\apply like facebook\\pos6.12\\vendor\\laravel\\framework\\src\\Illuminate\\Pipeline\\Pipeline.php(116): Illuminate\\Pipeline\\Pipeline->Illuminate\\Pipeline\\{closure}(Object(Illuminate\\Http\\Request))
#69 C:\\xampp\\htdocs\\apply like facebook\\pos6.12\\vendor\\laravel\\framework\\src\\Illuminate\\Routing\\Router.php(797): Illuminate\\Pipeline\\Pipeline->then(Object(Closure))
#70 C:\\xampp\\htdocs\\apply like facebook\\pos6.12\\vendor\\laravel\\framework\\src\\Illuminate\\Routing\\Router.php(776): Illuminate\\Routing\\Router->runRouteWithinStack(Object(Illuminate\\Routing\\Route), Object(Illuminate\\Http\\Request))
#71 C:\\xampp\\htdocs\\apply like facebook\\pos6.12\\vendor\\laravel\\framework\\src\\Illuminate\\Routing\\Router.php(740): Illuminate\\Routing\\Router->runRoute(Object(Illuminate\\Http\\Request), Object(Illuminate\\Routing\\Route))
#72 C:\\xampp\\htdocs\\apply like facebook\\pos6.12\\vendor\\laravel\\framework\\src\\Illuminate\\Routing\\Router.php(729): Illuminate\\Routing\\Router->dispatchToRoute(Object(Illuminate\\Http\\Request))
#73 C:\\xampp\\htdocs\\apply like facebook\\pos6.12\\vendor\\laravel\\framework\\src\\Illuminate\\Foundation\\Http\\Kernel.php(190): Illuminate\\Routing\\Router->dispatch(Object(Illuminate\\Http\\Request))
#74 C:\\xampp\\htdocs\\apply like facebook\\pos6.12\\vendor\\laravel\\framework\\src\\Illuminate\\Pipeline\\Pipeline.php(141): Illuminate\\Foundation\\Http\\Kernel->Illuminate\\Foundation\\Http\\{closure}(Object(Illuminate\\Http\\Request))
#75 C:\\xampp\\htdocs\\apply like facebook\\pos6.12\\vendor\\barryvdh\\laravel-debugbar\\src\\Middleware\\InjectDebugbar.php(59): Illuminate\\Pipeline\\Pipeline->Illuminate\\Pipeline\\{closure}(Object(Illuminate\\Http\\Request))
#76 C:\\xampp\\htdocs\\apply like facebook\\pos6.12\\vendor\\laravel\\framework\\src\\Illuminate\\Pipeline\\Pipeline.php(180): Barryvdh\\Debugbar\\Middleware\\InjectDebugbar->handle(Object(Illuminate\\Http\\Request), Object(Closure))
#77 C:\\xampp\\htdocs\\apply like facebook\\pos6.12\\vendor\\laravel\\framework\\src\\Illuminate\\Foundation\\Http\\Middleware\\TransformsRequest.php(21): Illuminate\\Pipeline\\Pipeline->Illuminate\\Pipeline\\{closure}(Object(Illuminate\\Http\\Request))
#78 C:\\xampp\\htdocs\\apply like facebook\\pos6.12\\vendor\\laravel\\framework\\src\\Illuminate\\Foundation\\Http\\Middleware\\ConvertEmptyStringsToNull.php(31): Illuminate\\Foundation\\Http\\Middleware\\TransformsRequest->handle(Object(Illuminate\\Http\\Request), Object(Closure))
#79 C:\\xampp\\htdocs\\apply like facebook\\pos6.12\\vendor\\laravel\\framework\\src\\Illuminate\\Pipeline\\Pipeline.php(180): Illuminate\\Foundation\\Http\\Middleware\\ConvertEmptyStringsToNull->handle(Object(Illuminate\\Http\\Request), Object(Closure))
#80 C:\\xampp\\htdocs\\apply like facebook\\pos6.12\\vendor\\laravel\\framework\\src\\Illuminate\\Foundation\\Http\\Middleware\\TransformsRequest.php(21): Illuminate\\Pipeline\\Pipeline->Illuminate\\Pipeline\\{closure}(Object(Illuminate\\Http\\Request))
#81 C:\\xampp\\htdocs\\apply like facebook\\pos6.12\\vendor\\laravel\\framework\\src\\Illuminate\\Foundation\\Http\\Middleware\\TrimStrings.php(40): Illuminate\\Foundation\\Http\\Middleware\\TransformsRequest->handle(Object(Illuminate\\Http\\Request), Object(Closure))
#82 C:\\xampp\\htdocs\\apply like facebook\\pos6.12\\vendor\\laravel\\framework\\src\\Illuminate\\Pipeline\\Pipeline.php(180): Illuminate\\Foundation\\Http\\Middleware\\TrimStrings->handle(Object(Illuminate\\Http\\Request), Object(Closure))
#83 C:\\xampp\\htdocs\\apply like facebook\\pos6.12\\vendor\\laravel\\framework\\src\\Illuminate\\Foundation\\Http\\Middleware\\ValidatePostSize.php(27): Illuminate\\Pipeline\\Pipeline->Illuminate\\Pipeline\\{closure}(Object(Illuminate\\Http\\Request))
#84 C:\\xampp\\htdocs\\apply like facebook\\pos6.12\\vendor\\laravel\\framework\\src\\Illuminate\\Pipeline\\Pipeline.php(180): Illuminate\\Foundation\\Http\\Middleware\\ValidatePostSize->handle(Object(Illuminate\\Http\\Request), Object(Closure))
#85 C:\\xampp\\htdocs\\apply like facebook\\pos6.12\\vendor\\laravel\\framework\\src\\Illuminate\\Foundation\\Http\\Middleware\\PreventRequestsDuringMaintenance.php(86): Illuminate\\Pipeline\\Pipeline->Illuminate\\Pipeline\\{closure}(Object(Illuminate\\Http\\Request))
#86 C:\\xampp\\htdocs\\apply like facebook\\pos6.12\\vendor\\laravel\\framework\\src\\Illuminate\\Pipeline\\Pipeline.php(180): Illuminate\\Foundation\\Http\\Middleware\\PreventRequestsDuringMaintenance->handle(Object(Illuminate\\Http\\Request), Object(Closure))
#87 C:\\xampp\\htdocs\\apply like facebook\\pos6.12\\vendor\\laravel\\framework\\src\\Illuminate\\Http\\Middleware\\HandleCors.php(49): Illuminate\\Pipeline\\Pipeline->Illuminate\\Pipeline\\{closure}(Object(Illuminate\\Http\\Request))
#88 C:\\xampp\\htdocs\\apply like facebook\\pos6.12\\vendor\\laravel\\framework\\src\\Illuminate\\Pipeline\\Pipeline.php(180): Illuminate\\Http\\Middleware\\HandleCors->handle(Object(Illuminate\\Http\\Request), Object(Closure))
#89 C:\\xampp\\htdocs\\apply like facebook\\pos6.12\\vendor\\laravel\\framework\\src\\Illuminate\\Http\\Middleware\\TrustProxies.php(39): Illuminate\\Pipeline\\Pipeline->Illuminate\\Pipeline\\{closure}(Object(Illuminate\\Http\\Request))
#90 C:\\xampp\\htdocs\\apply like facebook\\pos6.12\\vendor\\laravel\\framework\\src\\Illuminate\\Pipeline\\Pipeline.php(180): Illuminate\\Http\\Middleware\\TrustProxies->handle(Object(Illuminate\\Http\\Request), Object(Closure))
#91 C:\\xampp\\htdocs\\apply like facebook\\pos6.12\\vendor\\laravel\\framework\\src\\Illuminate\\Pipeline\\Pipeline.php(116): Illuminate\\Pipeline\\Pipeline->Illuminate\\Pipeline\\{closure}(Object(Illuminate\\Http\\Request))
#92 C:\\xampp\\htdocs\\apply like facebook\\pos6.12\\vendor\\laravel\\framework\\src\\Illuminate\\Foundation\\Http\\Kernel.php(165): Illuminate\\Pipeline\\Pipeline->then(Object(Closure))
#93 C:\\xampp\\htdocs\\apply like facebook\\pos6.12\\vendor\\laravel\\framework\\src\\Illuminate\\Foundation\\Http\\Kernel.php(134): Illuminate\\Foundation\\Http\\Kernel->sendRequestThroughRouter(Object(Illuminate\\Http\\Request))
#94 C:\\xampp\\htdocs\\apply like facebook\\pos6.12\\public\\index.php(56): Illuminate\\Foundation\\Http\\Kernel->handle(Object(Illuminate\\Http\\Request))
#95 C:\\xampp\\htdocs\\apply like facebook\\pos6.12\\vendor\\laravel\\framework\\src\\Illuminate\\Foundation\\resources\\server.php(16): require_once('C:\\\\xampp\\\\htdocs...')
#96 {main}
"} 
[2026-05-24 13:11:27] local.ERROR: Undefined variable $pos_settings {"userId":1,"exception":"[object] (Spatie\\LaravelIgnition\\Exceptions\\ViewException(code: 0): Undefined variable $pos_settings at C:\\xampp\\htdocs\\apply like facebook\\pos6.12\\resources\\views\\sale_pos\\partials\\keyboard_shortcuts_details.blade.php:7)
[stacktrace]
#0 C:\\xampp\\htdocs\\apply like facebook\\pos6.12\\vendor\\laravel\\framework\\src\\Illuminate\\Foundation\\Bootstrap\\HandleExceptions.php(270): Illuminate\\Foundation\\Bootstrap\\HandleExceptions->handleError(2, 'Undefined varia...', 'C:\\\\xampp\\\\htdocs...', 7)
#1 C:\\xampp\\htdocs\\apply like facebook\\pos6.12\\resources\\views\\sale_pos\\partials\\keyboard_shortcuts_details.blade.php(7): Illuminate\\Foundation\\Bootstrap\\HandleExceptions->Illuminate\\Foundation\\Bootstrap\\{closure}(2, 'Undefined varia...', 'C:\\\\xampp\\\\htdocs...', 7)
#2 C:\\xampp\\htdocs\\apply like facebook\\pos6.12\\vendor\\laravel\\framework\\src\\Illuminate\\Filesystem\\Filesystem.php(109): require('C:\\\\xampp\\\\htdocs...')
#3 C:\\xampp\\htdocs\\apply like facebook\\pos6.12\\vendor\\laravel\\framework\\src\\Illuminate\\Filesystem\\Filesystem.php(110): Illuminate\\Filesystem\\Filesystem::Illuminate\\Filesystem\\{closure}()
#4 C:\\xampp\\htdocs\\apply like facebook\\pos6.12\\vendor\\laravel\\framework\\src\\Illuminate\\View\\Engines\\PhpEngine.php(58): Illuminate\\Filesystem\\Filesystem->getRequire('C:\\\\xampp\\\\htdocs...', Array)
#5 C:\\xampp\\htdocs\\apply like facebook\\pos6.12\\vendor\\laravel\\framework\\src\\Illuminate\\View\\Engines\\CompilerEngine.php(70): Illuminate\\View\\Engines\\PhpEngine->evaluatePath('C:\\\\xampp\\\\htdocs...', Array)
#6 C:\\xampp\\htdocs\\apply like facebook\\pos6.12\\vendor\\laravel\\framework\\src\\Illuminate\\View\\View.php(195): Illuminate\\View\\Engines\\CompilerEngine->get('C:\\\\xampp\\\\htdocs...', Array)
#7 C:\\xampp\\htdocs\\apply like facebook\\pos6.12\\vendor\\laravel\\framework\\src\\Illuminate\\View\\View.php(178): Illuminate\\View\\View->getContents()
#8 C:\\xampp\\htdocs\\apply like facebook\\pos6.12\\vendor\\laravel\\framework\\src\\Illuminate\\View\\View.php(147): Illuminate\\View\\View->renderContents()
#9 C:\\xampp\\htdocs\\apply like facebook\\pos6.12\\resources\\views\\layouts\\partials\\header-pos.blade.php(59): Illuminate\\View\\View->render()
#10 C:\\xampp\\htdocs\\apply like facebook\\pos6.12\\vendor\\laravel\\framework\\src\\Illuminate\\Filesystem\\Filesystem.php(109): require('C:\\\\xampp\\\\htdocs...')
#11 C:\\xampp\\htdocs\\apply like facebook\\pos6.12\\vendor\\laravel\\framework\\src\\Illuminate\\Filesystem\\Filesystem.php(110): Illuminate\\Filesystem\\Filesystem::Illuminate\\Filesystem\\{closure}()
#12 C:\\xampp\\htdocs\\apply like facebook\\pos6.12\\vendor\\laravel\\framework\\src\\Illuminate\\View\\Engines\\PhpEngine.php(58): Illuminate\\Filesystem\\Filesystem->getRequire('C:\\\\xampp\\\\htdocs...', Array)
#13 C:\\xampp\\htdocs\\apply like facebook\\pos6.12\\vendor\\laravel\\framework\\src\\Illuminate\\View\\Engines\\CompilerEngine.php(70): Illuminate\\View\\Engines\\PhpEngine->evaluatePath('C:\\\\xampp\\\\htdocs...', Array)
#14 C:\\xampp\\htdocs\\apply like facebook\\pos6.12\\vendor\\laravel\\framework\\src\\Illuminate\\View\\View.php(195): Illuminate\\View\\Engines\\CompilerEngine->get('C:\\\\xampp\\\\htdocs...', Array)
#15 C:\\xampp\\htdocs\\apply like facebook\\pos6.12\\vendor\\laravel\\framework\\src\\Illuminate\\View\\View.php(178): Illuminate\\View\\View->getContents()
#16 C:\\xampp\\htdocs\\apply like facebook\\pos6.12\\vendor\\laravel\\framework\\src\\Illuminate\\View\\View.php(147): Illuminate\\View\\View->renderContents()
#17 C:\\xampp\\htdocs\\apply like facebook\\pos6.12\\resources\\views\\layouts\\app.blade.php(80): Illuminate\\View\\View->render()
#18 C:\\xampp\\htdocs\\apply like facebook\\pos6.12\\vendor\\laravel\\framework\\src\\Illuminate\\Filesystem\\Filesystem.php(109): require('C:\\\\xampp\\\\htdocs...')
#19 C:\\xampp\\htdocs\\apply like facebook\\pos6.12\\vendor\\laravel\\framework\\src\\Illuminate\\Filesystem\\Filesystem.php(110): Illuminate\\Filesystem\\Filesystem::Illuminate\\Filesystem\\{closure}()
#20 C:\\xampp\\htdocs\\apply like facebook\\pos6.12\\vendor\\laravel\\framework\\src\\Illuminate\\View\\Engines\\PhpEngine.php(58): Illuminate\\Filesystem\\Filesystem->getRequire('C:\\\\xampp\\\\htdocs...', Array)
#21 C:\\xampp\\htdocs\\apply like facebook\\pos6.12\\vendor\\laravel\\framework\\src\\Illuminate\\View\\Engines\\CompilerEngine.php(70): Illuminate\\View\\Engines\\PhpEngine->evaluatePath('C:\\\\xampp\\\\htdocs...', Array)
#22 C:\\xampp\\htdocs\\apply like facebook\\pos6.12\\vendor\\laravel\\framework\\src\\Illuminate\\View\\View.php(195): Illuminate\\View\\Engines\\CompilerEngine->get('C:\\\\xampp\\\\htdocs...', Array)
#23 C:\\xampp\\htdocs\\apply like facebook\\pos6.12\\vendor\\laravel\\framework\\src\\Illuminate\\View\\View.php(178): Illuminate\\View\\View->getContents()
#24 C:\\xampp\\htdocs\\apply like facebook\\pos6.12\\vendor\\laravel\\framework\\src\\Illuminate\\View\\View.php(147): Illuminate\\View\\View->renderContents()
#25 C:\\xampp\\htdocs\\apply like facebook\\pos6.12\\Modules\\LoanManagement\\Resources\\views\\layouts\\app.blade.php(407): Illuminate\\View\\View->render()
#26 C:\\xampp\\htdocs\\apply like facebook\\pos6.12\\vendor\\laravel\\framework\\src\\Illuminate\\Filesystem\\Filesystem.php(109): require('C:\\\\xampp\\\\htdocs...')
#27 C:\\xampp\\htdocs\\apply like facebook\\pos6.12\\vendor\\laravel\\framework\\src\\Illuminate\\Filesystem\\Filesystem.php(110): Illuminate\\Filesystem\\Filesystem::Illuminate\\Filesystem\\{closure}()
#28 C:\\xampp\\htdocs\\apply like facebook\\pos6.12\\vendor\\laravel\\framework\\src\\Illuminate\\View\\Engines\\PhpEngine.php(58): Illuminate\\Filesystem\\Filesystem->getRequire('C:\\\\xampp\\\\htdocs...', Array)
#29 C:\\xampp\\htdocs\\apply like facebook\\pos6.12\\vendor\\laravel\\framework\\src\\Illuminate\\View\\Engines\\CompilerEngine.php(70): Illuminate\\View\\Engines\\PhpEngine->evaluatePath('C:\\\\xampp\\\\htdocs...', Array)
#30 C:\\xampp\\htdocs\\apply like facebook\\pos6.12\\vendor\\laravel\\framework\\src\\Illuminate\\View\\View.php(195): Illuminate\\View\\Engines\\CompilerEngine->get('C:\\\\xampp\\\\htdocs...', Array)
#31 C:\\xampp\\htdocs\\apply like facebook\\pos6.12\\vendor\\laravel\\framework\\src\\Illuminate\\View\\View.php(178): Illuminate\\View\\View->getContents()
#32 C:\\xampp\\htdocs\\apply like facebook\\pos6.12\\vendor\\laravel\\framework\\src\\Illuminate\\View\\View.php(147): Illuminate\\View\\View->renderContents()
#33 C:\\xampp\\htdocs\\apply like facebook\\pos6.12\\Modules\\LoanManagement\\Resources\\views\\dashboard\\index.blade.php(6): Illuminate\\View\\View->render()
#34 C:\\xampp\\htdocs\\apply like facebook\\pos6.12\\vendor\\laravel\\framework\\src\\Illuminate\\Filesystem\\Filesystem.php(109): require('C:\\\\xampp\\\\htdocs...')
#35 C:\\xampp\\htdocs\\apply like facebook\\pos6.12\\vendor\\laravel\\framework\\src\\Illuminate\\Filesystem\\Filesystem.php(110): Illuminate\\Filesystem\\Filesystem::Illuminate\\Filesystem\\{closure}()
#36 C:\\xampp\\htdocs\\apply like facebook\\pos6.12\\vendor\\laravel\\framework\\src\\Illuminate\\View\\Engines\\PhpEngine.php(58): Illuminate\\Filesystem\\Filesystem->getRequire('C:\\\\xampp\\\\htdocs...', Array)
#37 C:\\xampp\\htdocs\\apply like facebook\\pos6.12\\vendor\\laravel\\framework\\src\\Illuminate\\View\\Engines\\CompilerEngine.php(70): Illuminate\\View\\Engines\\PhpEngine->evaluatePath('C:\\\\xampp\\\\htdocs...', Array)
#38 C:\\xampp\\htdocs\\apply like facebook\\pos6.12\\vendor\\laravel\\framework\\src\\Illuminate\\View\\View.php(195): Illuminate\\View\\Engines\\CompilerEngine->get('C:\\\\xampp\\\\htdocs...', Array)
#39 C:\\xampp\\htdocs\\apply like facebook\\pos6.12\\vendor\\laravel\\framework\\src\\Illuminate\\View\\View.php(178): Illuminate\\View\\View->getContents()
#40 C:\\xampp\\htdocs\\apply like facebook\\pos6.12\\vendor\\laravel\\framework\\src\\Illuminate\\View\\View.php(147): Illuminate\\View\\View->renderContents()
#41 C:\\xampp\\htdocs\\apply like facebook\\pos6.12\\vendor\\laravel\\framework\\src\\Illuminate\\Http\\Response.php(69): Illuminate\\View\\View->render()
#42 C:\\xampp\\htdocs\\apply like facebook\\pos6.12\\vendor\\laravel\\framework\\src\\Illuminate\\Http\\Response.php(35): Illuminate\\Http\\Response->setContent(Object(Illuminate\\View\\View))
#43 C:\\xampp\\htdocs\\apply like facebook\\pos6.12\\vendor\\laravel\\framework\\src\\Illuminate\\Routing\\Router.php(906): Illuminate\\Http\\Response->__construct(Object(Illuminate\\View\\View), 200, Array)
#44 C:\\xampp\\htdocs\\apply like facebook\\pos6.12\\vendor\\laravel\\framework\\src\\Illuminate\\Routing\\Router.php(875): Illuminate\\Routing\\Router::toResponse(Object(Illuminate\\Http\\Request), Object(Illuminate\\View\\View))
#45 C:\\xampp\\htdocs\\apply like facebook\\pos6.12\\vendor\\laravel\\framework\\src\\Illuminate\\Routing\\Router.php(797): Illuminate\\Routing\\Router->prepareResponse(Object(Illuminate\\Http\\Request), Object(Illuminate\\View\\View))
#46 C:\\xampp\\htdocs\\apply like facebook\\pos6.12\\vendor\\laravel\\framework\\src\\Illuminate\\Pipeline\\Pipeline.php(141): Illuminate\\Routing\\Router->Illuminate\\Routing\\{closure}(Object(Illuminate\\Http\\Request))
#47 C:\\xampp\\htdocs\\apply like facebook\\pos6.12\\vendor\\laravel\\framework\\src\\Illuminate\\Auth\\Middleware\\Authorize.php(45): Illuminate\\Pipeline\\Pipeline->Illuminate\\Pipeline\\{closure}(Object(Illuminate\\Http\\Request))
#48 C:\\xampp\\htdocs\\apply like facebook\\pos6.12\\vendor\\laravel\\framework\\src\\Illuminate\\Pipeline\\Pipeline.php(180): Illuminate\\Auth\\Middleware\\Authorize->handle(Object(Illuminate\\Http\\Request), Object(Closure), 'loan_management...')
#49 C:\\xampp\\htdocs\\apply like facebook\\pos6.12\\app\\Http\\Middleware\\CheckUserLogin.php(22): Illuminate\\Pipeline\\Pipeline->Illuminate\\Pipeline\\{closure}(Object(Illuminate\\Http\\Request))
#50 C:\\xampp\\htdocs\\apply like facebook\\pos6.12\\vendor\\laravel\\framework\\src\\Illuminate\\Pipeline\\Pipeline.php(180): App\\Http\\Middleware\\CheckUserLogin->handle(Object(Illuminate\\Http\\Request), Object(Closure))
#51 C:\\xampp\\htdocs\\apply like facebook\\pos6.12\\app\\Http\\Middleware\\AdminSidebarMenu.php(901): Illuminate\\Pipeline\\Pipeline->Illuminate\\Pipeline\\{closure}(Object(Illuminate\\Http\\Request))
#52 C:\\xampp\\htdocs\\apply like facebook\\pos6.12\\vendor\\laravel\\framework\\src\\Illuminate\\Pipeline\\Pipeline.php(180): App\\Http\\Middleware\\AdminSidebarMenu->handle(Object(Illuminate\\Http\\Request), Object(Closure))
#53 C:\\xampp\\htdocs\\apply like facebook\\pos6.12\\app\\Http\\Middleware\\Timezone.php(30): Illuminate\\Pipeline\\Pipeline->Illuminate\\Pipeline\\{closure}(Object(Illuminate\\Http\\Request))
#54 C:\\xampp\\htdocs\\apply like facebook\\pos6.12\\vendor\\laravel\\framework\\src\\Illuminate\\Pipeline\\Pipeline.php(180): App\\Http\\Middleware\\Timezone->handle(Object(Illuminate\\Http\\Request), Object(Closure))
#55 C:\\xampp\\htdocs\\apply like facebook\\pos6.12\\app\\Http\\Middleware\\Language.php(25): Illuminate\\Pipeline\\Pipeline->Illuminate\\Pipeline\\{closure}(Object(Illuminate\\Http\\Request))
#56 C:\\xampp\\htdocs\\apply like facebook\\pos6.12\\vendor\\laravel\\framework\\src\\Illuminate\\Pipeline\\Pipeline.php(180): App\\Http\\Middleware\\Language->handle(Object(Illuminate\\Http\\Request), Object(Closure))
#57 C:\\xampp\\htdocs\\apply like facebook\\pos6.12\\app\\Http\\Middleware\\SetSessionData.php(52): Illuminate\\Pipeline\\Pipeline->Illuminate\\Pipeline\\{closure}(Object(Illuminate\\Http\\Request))
#58 C:\\xampp\\htdocs\\apply like facebook\\pos6.12\\vendor\\laravel\\framework\\src\\Illuminate\\Pipeline\\Pipeline.php(180): App\\Http\\Middleware\\SetSessionData->handle(Object(Illuminate\\Http\\Request), Object(Closure))
#59 C:\\xampp\\htdocs\\apply like facebook\\pos6.12\\vendor\\barryvdh\\laravel-debugbar\\src\\Middleware\\InjectDebugbar.php(59): Illuminate\\Pipeline\\Pipeline->Illuminate\\Pipeline\\{closure}(Object(Illuminate\\Http\\Request))
#60 C:\\xampp\\htdocs\\apply like facebook\\pos6.12\\vendor\\laravel\\framework\\src\\Illuminate\\Pipeline\\Pipeline.php(180): Barryvdh\\Debugbar\\Middleware\\InjectDebugbar->handle(Object(Illuminate\\Http\\Request), Object(Closure))
#61 C:\\xampp\\htdocs\\apply like facebook\\pos6.12\\vendor\\laravel\\framework\\src\\Illuminate\\Routing\\Middleware\\SubstituteBindings.php(50): Illuminate\\Pipeline\\Pipeline->Illuminate\\Pipeline\\{closure}(Object(Illuminate\\Http\\Request))
#62 C:\\xampp\\htdocs\\apply like facebook\\pos6.12\\vendor\\laravel\\framework\\src\\Illuminate\\Pipeline\\Pipeline.php(180): Illuminate\\Routing\\Middleware\\SubstituteBindings->handle(Object(Illuminate\\Http\\Request), Object(Closure))
#63 C:\\xampp\\htdocs\\apply like facebook\\pos6.12\\vendor\\laravel\\framework\\src\\Illuminate\\Auth\\Middleware\\Authenticate.php(44): Illuminate\\Pipeline\\Pipeline->Illuminate\\Pipeline\\{closure}(Object(Illuminate\\Http\\Request))
#64 C:\\xampp\\htdocs\\apply like facebook\\pos6.12\\vendor\\laravel\\framework\\src\\Illuminate\\Pipeline\\Pipeline.php(180): Illuminate\\Auth\\Middleware\\Authenticate->handle(Object(Illuminate\\Http\\Request), Object(Closure))
#65 C:\\xampp\\htdocs\\apply like facebook\\pos6.12\\vendor\\laravel\\framework\\src\\Illuminate\\Foundation\\Http\\Middleware\\VerifyCsrfToken.php(78): Illuminate\\Pipeline\\Pipeline->Illuminate\\Pipeline\\{closure}(Object(Illuminate\\Http\\Request))
#66 C:\\xampp\\htdocs\\apply like facebook\\pos6.12\\vendor\\laravel\\framework\\src\\Illuminate\\Pipeline\\Pipeline.php(180): Illuminate\\Foundation\\Http\\Middleware\\VerifyCsrfToken->handle(Object(Illuminate\\Http\\Request), Object(Closure))
#67 C:\\xampp\\htdocs\\apply like facebook\\pos6.12\\vendor\\laravel\\framework\\src\\Illuminate\\View\\Middleware\\ShareErrorsFromSession.php(49): Illuminate\\Pipeline\\Pipeline->Illuminate\\Pipeline\\{closure}(Object(Illuminate\\Http\\Request))
#68 C:\\xampp\\htdocs\\apply like facebook\\pos6.12\\vendor\\laravel\\framework\\src\\Illuminate\\Pipeline\\Pipeline.php(180): Illuminate\\View\\Middleware\\ShareErrorsFromSession->handle(Object(Illuminate\\Http\\Request), Object(Closure))
#69 C:\\xampp\\htdocs\\apply like facebook\\pos6.12\\vendor\\laravel\\framework\\src\\Illuminate\\Session\\Middleware\\StartSession.php(121): Illuminate\\Pipeline\\Pipeline->Illuminate\\Pipeline\\{closure}(Object(Illuminate\\Http\\Request))
#70 C:\\xampp\\htdocs\\apply like facebook\\pos6.12\\vendor\\laravel\\framework\\src\\Illuminate\\Session\\Middleware\\StartSession.php(64): Illuminate\\Session\\Middleware\\StartSession->handleStatefulRequest(Object(Illuminate\\Http\\Request), Object(Illuminate\\Session\\Store), Object(Closure))
#71 C:\\xampp\\htdocs\\apply like facebook\\pos6.12\\vendor\\laravel\\framework\\src\\Illuminate\\Pipeline\\Pipeline.php(180): Illuminate\\Session\\Middleware\\StartSession->handle(Object(Illuminate\\Http\\Request), Object(Closure))
#72 C:\\xampp\\htdocs\\apply like facebook\\pos6.12\\vendor\\laravel\\framework\\src\\Illuminate\\Cookie\\Middleware\\AddQueuedCookiesToResponse.php(37): Illuminate\\Pipeline\\Pipeline->Illuminate\\Pipeline\\{closure}(Object(Illuminate\\Http\\Request))
#73 C:\\xampp\\htdocs\\apply like facebook\\pos6.12\\vendor\\laravel\\framework\\src\\Illuminate\\Pipeline\\Pipeline.php(180): Illuminate\\Cookie\\Middleware\\AddQueuedCookiesToResponse->handle(Object(Illuminate\\Http\\Request), Object(Closure))
#74 C:\\xampp\\htdocs\\apply like facebook\\pos6.12\\vendor\\laravel\\framework\\src\\Illuminate\\Cookie\\Middleware\\EncryptCookies.php(67): Illuminate\\Pipeline\\Pipeline->Illuminate\\Pipeline\\{closure}(Object(Illuminate\\Http\\Request))
#75 C:\\xampp\\htdocs\\apply like facebook\\pos6.12\\vendor\\laravel\\framework\\src\\Illuminate\\Pipeline\\Pipeline.php(180): Illuminate\\Cookie\\Middleware\\EncryptCookies->handle(Object(Illuminate\\Http\\Request), Object(Closure))
#76 C:\\xampp\\htdocs\\apply like facebook\\pos6.12\\vendor\\laravel\\framework\\src\\Illuminate\\Pipeline\\Pipeline.php(116): Illuminate\\Pipeline\\Pipeline->Illuminate\\Pipeline\\{closure}(Object(Illuminate\\Http\\Request))
#77 C:\\xampp\\htdocs\\apply like facebook\\pos6.12\\vendor\\laravel\\framework\\src\\Illuminate\\Routing\\Router.php(797): Illuminate\\Pipeline\\Pipeline->then(Object(Closure))
#78 C:\\xampp\\htdocs\\apply like facebook\\pos6.12\\vendor\\laravel\\framework\\src\\Illuminate\\Routing\\Router.php(776): Illuminate\\Routing\\Router->runRouteWithinStack(Object(Illuminate\\Routing\\Route), Object(Illuminate\\Http\\Request))
#79 C:\\xampp\\htdocs\\apply like facebook\\pos6.12\\vendor\\laravel\\framework\\src\\Illuminate\\Routing\\Router.php(740): Illuminate\\Routing\\Router->runRoute(Object(Illuminate\\Http\\Request), Object(Illuminate\\Routing\\Route))
#80 C:\\xampp\\htdocs\\apply like facebook\\pos6.12\\vendor\\laravel\\framework\\src\\Illuminate\\Routing\\Router.php(729): Illuminate\\Routing\\Router->dispatchToRoute(Object(Illuminate\\Http\\Request))
#81 C:\\xampp\\htdocs\\apply like facebook\\pos6.12\\vendor\\laravel\\framework\\src\\Illuminate\\Foundation\\Http\\Kernel.php(190): Illuminate\\Routing\\Router->dispatch(Object(Illuminate\\Http\\Request))
#82 C:\\xampp\\htdocs\\apply like facebook\\pos6.12\\vendor\\laravel\\framework\\src\\Illuminate\\Pipeline\\Pipeline.php(141): Illuminate\\Foundation\\Http\\Kernel->Illuminate\\Foundation\\Http\\{closure}(Object(Illuminate\\Http\\Request))
#83 C:\\xampp\\htdocs\\apply like facebook\\pos6.12\\vendor\\barryvdh\\laravel-debugbar\\src\\Middleware\\InjectDebugbar.php(59): Illuminate\\Pipeline\\Pipeline->Illuminate\\Pipeline\\{closure}(Object(Illuminate\\Http\\Request))
#84 C:\\xampp\\htdocs\\apply like facebook\\pos6.12\\vendor\\laravel\\framework\\src\\Illuminate\\Pipeline\\Pipeline.php(180): Barryvdh\\Debugbar\\Middleware\\InjectDebugbar->handle(Object(Illuminate\\Http\\Request), Object(Closure))
#85 C:\\xampp\\htdocs\\apply like facebook\\pos6.12\\vendor\\laravel\\framework\\src\\Illuminate\\Foundation\\Http\\Middleware\\TransformsRequest.php(21): Illuminate\\Pipeline\\Pipeline->Illuminate\\Pipeline\\{closure}(Object(Illuminate\\Http\\Request))
#86 C:\\xampp\\htdocs\\apply like facebook\\pos6.12\\vendor\\laravel\\framework\\src\\Illuminate\\Foundation\\Http\\Middleware\\ConvertEmptyStringsToNull.php(31): Illuminate\\Foundation\\Http\\Middleware\\TransformsRequest->handle(Object(Illuminate\\Http\\Request), Object(Closure))
#87 C:\\xampp\\htdocs\\apply like facebook\\pos6.12\\vendor\\laravel\\framework\\src\\Illuminate\\Pipeline\\Pipeline.php(180): Illuminate\\Foundation\\Http\\Middleware\\ConvertEmptyStringsToNull->handle(Object(Illuminate\\Http\\Request), Object(Closure))
#88 C:\\xampp\\htdocs\\apply like facebook\\pos6.12\\vendor\\laravel\\framework\\src\\Illuminate\\Foundation\\Http\\Middleware\\TransformsRequest.php(21): Illuminate\\Pipeline\\Pipeline->Illuminate\\Pipeline\\{closure}(Object(Illuminate\\Http\\Request))
#89 C:\\xampp\\htdocs\\apply like facebook\\pos6.12\\vendor\\laravel\\framework\\src\\Illuminate\\Foundation\\Http\\Middleware\\TrimStrings.php(40): Illuminate\\Foundation\\Http\\Middleware\\TransformsRequest->handle(Object(Illuminate\\Http\\Request), Object(Closure))
#90 C:\\xampp\\htdocs\\apply like facebook\\pos6.12\\vendor\\laravel\\framework\\src\\Illuminate\\Pipeline\\Pipeline.php(180): Illuminate\\Foundation\\Http\\Middleware\\TrimStrings->handle(Object(Illuminate\\Http\\Request), Object(Closure))
#91 C:\\xampp\\htdocs\\apply like facebook\\pos6.12\\vendor\\laravel\\framework\\src\\Illuminate\\Foundation\\Http\\Middleware\\ValidatePostSize.php(27): Illuminate\\Pipeline\\Pipeline->Illuminate\\Pipeline\\{closure}(Object(Illuminate\\Http\\Request))
#92 C:\\xampp\\htdocs\\apply like facebook\\pos6.12\\vendor\\laravel\\framework\\src\\Illuminate\\Pipeline\\Pipeline.php(180): Illuminate\\Foundation\\Http\\Middleware\\ValidatePostSize->handle(Object(Illuminate\\Http\\Request), Object(Closure))
#93 C:\\xampp\\htdocs\\apply like facebook\\pos6.12\\vendor\\laravel\\framework\\src\\Illuminate\\Foundation\\Http\\Middleware\\PreventRequestsDuringMaintenance.php(86): Illuminate\\Pipeline\\Pipeline->Illuminate\\Pipeline\\{closure}(Object(Illuminate\\Http\\Request))
#94 C:\\xampp\\htdocs\\apply like facebook\\pos6.12\\vendor\\laravel\\framework\\src\\Illuminate\\Pipeline\\Pipeline.php(180): Illuminate\\Foundation\\Http\\Middleware\\PreventRequestsDuringMaintenance->handle(Object(Illuminate\\Http\\Request), Object(Closure))
#95 C:\\xampp\\htdocs\\apply like facebook\\pos6.12\\vendor\\laravel\\framework\\src\\Illuminate\\Http\\Middleware\\HandleCors.php(49): Illuminate\\Pipeline\\Pipeline->Illuminate\\Pipeline\\{closure}(Object(Illuminate\\Http\\Request))
#96 C:\\xampp\\htdocs\\apply like facebook\\pos6.12\\vendor\\laravel\\framework\\src\\Illuminate\\Pipeline\\Pipeline.php(180): Illuminate\\Http\\Middleware\\HandleCors->handle(Object(Illuminate\\Http\\Request), Object(Closure))
#97 C:\\xampp\\htdocs\\apply like facebook\\pos6.12\\vendor\\laravel\\framework\\src\\Illuminate\\Http\\Middleware\\TrustProxies.php(39): Illuminate\\Pipeline\\Pipeline->Illuminate\\Pipeline\\{closure}(Object(Illuminate\\Http\\Request))
#98 C:\\xampp\\htdocs\\apply like facebook\\pos6.12\\vendor\\laravel\\framework\\src\\Illuminate\\Pipeline\\Pipeline.php(180): Illuminate\\Http\\Middleware\\TrustProxies->handle(Object(Illuminate\\Http\\Request), Object(Closure))
#99 C:\\xampp\\htdocs\\apply like facebook\\pos6.12\\vendor\\laravel\\framework\\src\\Illuminate\\Pipeline\\Pipeline.php(116): Illuminate\\Pipeline\\Pipeline->Illuminate\\Pipeline\\{closure}(Object(Illuminate\\Http\\Request))
#100 C:\\xampp\\htdocs\\apply like facebook\\pos6.12\\vendor\\laravel\\framework\\src\\Illuminate\\Foundation\\Http\\Kernel.php(165): Illuminate\\Pipeline\\Pipeline->then(Object(Closure))
#101 C:\\xampp\\htdocs\\apply like facebook\\pos6.12\\vendor\\laravel\\framework\\src\\Illuminate\\Foundation\\Http\\Kernel.php(134): Illuminate\\Foundation\\Http\\Kernel->sendRequestThroughRouter(Object(Illuminate\\Http\\Request))
#102 C:\\xampp\\htdocs\\apply like facebook\\pos6.12\\public\\index.php(56): Illuminate\\Foundation\\Http\\Kernel->handle(Object(Illuminate\\Http\\Request))
#103 C:\\xampp\\htdocs\\apply like facebook\\pos6.12\\vendor\\laravel\\framework\\src\\Illuminate\\Foundation\\resources\\server.php(16): require_once('C:\\\\xampp\\\\htdocs...')
#104 {main}

[previous exception] [object] (ErrorException(code: 0): Undefined variable $pos_settings at C:\\xampp\\htdocs\\apply like facebook\\pos6.12\\storage\\framework\\views\\644b9b2fda36867db80d26d066cc580782162651.php:7)
[stacktrace]
#0 C:\\xampp\\htdocs\\apply like facebook\\pos6.12\\vendor\\laravel\\framework\\src\\Illuminate\\Foundation\\Bootstrap\\HandleExceptions.php(270): Illuminate\\Foundation\\Bootstrap\\HandleExceptions->handleError(2, 'Undefined varia...', 'C:\\\\xampp\\\\htdocs...', 7)
#1 C:\\xampp\\htdocs\\apply like facebook\\pos6.12\\storage\\framework\\views\\644b9b2fda36867db80d26d066cc580782162651.php(7): Illuminate\\Foundation\\Bootstrap\\HandleExceptions->Illuminate\\Foundation\\Bootstrap\\{closure}(2, 'Undefined varia...', 'C:\\\\xampp\\\\htdocs...', 7)
#2 C:\\xampp\\htdocs\\apply like facebook\\pos6.12\\vendor\\laravel\\framework\\src\\Illuminate\\Filesystem\\Filesystem.php(109): require('C:\\\\xampp\\\\htdocs...')
#3 C:\\xampp\\htdocs\\apply like facebook\\pos6.12\\vendor\\laravel\\framework\\src\\Illuminate\\Filesystem\\Filesystem.php(110): Illuminate\\Filesystem\\Filesystem::Illuminate\\Filesystem\\{closure}()
#4 C:\\xampp\\htdocs\\apply like facebook\\pos6.12\\vendor\\laravel\\framework\\src\\Illuminate\\View\\Engines\\PhpEngine.php(58): Illuminate\\Filesystem\\Filesystem->getRequire('C:\\\\xampp\\\\htdocs...', Array)
#5 C:\\xampp\\htdocs\\apply like facebook\\pos6.12\\vendor\\laravel\\framework\\src\\Illuminate\\View\\Engines\\CompilerEngine.php(70): Illuminate\\View\\Engines\\PhpEngine->evaluatePath('C:\\\\xampp\\\\htdocs...', Array)
#6 C:\\xampp\\htdocs\\apply like facebook\\pos6.12\\vendor\\laravel\\framework\\src\\Illuminate\\View\\View.php(195): Illuminate\\View\\Engines\\CompilerEngine->get('C:\\\\xampp\\\\htdocs...', Array)
#7 C:\\xampp\\htdocs\\apply like facebook\\pos6.12\\vendor\\laravel\\framework\\src\\Illuminate\\View\\View.php(178): Illuminate\\View\\View->getContents()
#8 C:\\xampp\\htdocs\\apply like facebook\\pos6.12\\vendor\\laravel\\framework\\src\\Illuminate\\View\\View.php(147): Illuminate\\View\\View->renderContents()
#9 C:\\xampp\\htdocs\\apply like facebook\\pos6.12\\storage\\framework\\views\\242977bc338f2cef39795aa4e8eed0394c090d0b.php(62): Illuminate\\View\\View->render()
#10 C:\\xampp\\htdocs\\apply like facebook\\pos6.12\\vendor\\laravel\\framework\\src\\Illuminate\\Filesystem\\Filesystem.php(109): require('C:\\\\xampp\\\\htdocs...')
#11 C:\\xampp\\htdocs\\apply like facebook\\pos6.12\\vendor\\laravel\\framework\\src\\Illuminate\\Filesystem\\Filesystem.php(110): Illuminate\\Filesystem\\Filesystem::Illuminate\\Filesystem\\{closure}()
#12 C:\\xampp\\htdocs\\apply like facebook\\pos6.12\\vendor\\laravel\\framework\\src\\Illuminate\\View\\Engines\\PhpEngine.php(58): Illuminate\\Filesystem\\Filesystem->getRequire('C:\\\\xampp\\\\htdocs...', Array)
#13 C:\\xampp\\htdocs\\apply like facebook\\pos6.12\\vendor\\laravel\\framework\\src\\Illuminate\\View\\Engines\\CompilerEngine.php(70): Illuminate\\View\\Engines\\PhpEngine->evaluatePath('C:\\\\xampp\\\\htdocs...', Array)
#14 C:\\xampp\\htdocs\\apply like facebook\\pos6.12\\vendor\\laravel\\framework\\src\\Illuminate\\View\\View.php(195): Illuminate\\View\\Engines\\CompilerEngine->get('C:\\\\xampp\\\\htdocs...', Array)
#15 C:\\xampp\\htdocs\\apply like facebook\\pos6.12\\vendor\\laravel\\framework\\src\\Illuminate\\View\\View.php(178): Illuminate\\View\\View->getContents()
#16 C:\\xampp\\htdocs\\apply like facebook\\pos6.12\\vendor\\laravel\\framework\\src\\Illuminate\\View\\View.php(147): Illuminate\\View\\View->renderContents()
#17 C:\\xampp\\htdocs\\apply like facebook\\pos6.12\\storage\\framework\\views\\f136a7c06a43050aed77506dd2490c7a23d3736a.php(80): Illuminate\\View\\View->render()
#18 C:\\xampp\\htdocs\\apply like facebook\\pos6.12\\vendor\\laravel\\framework\\src\\Illuminate\\Filesystem\\Filesystem.php(109): require('C:\\\\xampp\\\\htdocs...')
#19 C:\\xampp\\htdocs\\apply like facebook\\pos6.12\\vendor\\laravel\\framework\\src\\Illuminate\\Filesystem\\Filesystem.php(110): Illuminate\\Filesystem\\Filesystem::Illuminate\\Filesystem\\{closure}()
#20 C:\\xampp\\htdocs\\apply like facebook\\pos6.12\\vendor\\laravel\\framework\\src\\Illuminate\\View\\Engines\\PhpEngine.php(58): Illuminate\\Filesystem\\Filesystem->getRequire('C:\\\\xampp\\\\htdocs...', Array)
#21 C:\\xampp\\htdocs\\apply like facebook\\pos6.12\\vendor\\laravel\\framework\\src\\Illuminate\\View\\Engines\\CompilerEngine.php(70): Illuminate\\View\\Engines\\PhpEngine->evaluatePath('C:\\\\xampp\\\\htdocs...', Array)
#22 C:\\xampp\\htdocs\\apply like facebook\\pos6.12\\vendor\\laravel\\framework\\src\\Illuminate\\View\\View.php(195): Illuminate\\View\\Engines\\CompilerEngine->get('C:\\\\xampp\\\\htdocs...', Array)
#23 C:\\xampp\\htdocs\\apply like facebook\\pos6.12\\vendor\\laravel\\framework\\src\\Illuminate\\View\\View.php(178): Illuminate\\View\\View->getContents()
#24 C:\\xampp\\htdocs\\apply like facebook\\pos6.12\\vendor\\laravel\\framework\\src\\Illuminate\\View\\View.php(147): Illuminate\\View\\View->renderContents()
#25 C:\\xampp\\htdocs\\apply like facebook\\pos6.12\\storage\\framework\\views\\9f34b93f4a1df2e5ed980d612969330def9d66cd.php(408): Illuminate\\View\\View->render()
#26 C:\\xampp\\htdocs\\apply like facebook\\pos6.12\\vendor\\laravel\\framework\\src\\Illuminate\\Filesystem\\Filesystem.php(109): require('C:\\\\xampp\\\\htdocs...')
#27 C:\\xampp\\htdocs\\apply like facebook\\pos6.12\\vendor\\laravel\\framework\\src\\Illuminate\\Filesystem\\Filesystem.php(110): Illuminate\\Filesystem\\Filesystem::Illuminate\\Filesystem\\{closure}()
#28 C:\\xampp\\htdocs\\apply like facebook\\pos6.12\\vendor\\laravel\\framework\\src\\Illuminate\\View\\Engines\\PhpEngine.php(58): Illuminate\\Filesystem\\Filesystem->getRequire('C:\\\\xampp\\\\htdocs...', Array)
#29 C:\\xampp\\htdocs\\apply like facebook\\pos6.12\\vendor\\laravel\\framework\\src\\Illuminate\\View\\Engines\\CompilerEngine.php(70): Illuminate\\View\\Engines\\PhpEngine->evaluatePath('C:\\\\xampp\\\\htdocs...', Array)
#30 C:\\xampp\\htdocs\\apply like facebook\\pos6.12\\vendor\\laravel\\framework\\src\\Illuminate\\View\\View.php(195): Illuminate\\View\\Engines\\CompilerEngine->get('C:\\\\xampp\\\\htdocs...', Array)
#31 C:\\xampp\\htdocs\\apply like facebook\\pos6.12\\vendor\\laravel\\framework\\src\\Illuminate\\View\\View.php(178): Illuminate\\View\\View->getContents()
#32 C:\\xampp\\htdocs\\apply like facebook\\pos6.12\\vendor\\laravel\\framework\\src\\Illuminate\\View\\View.php(147): Illuminate\\View\\View->renderContents()
#33 C:\\xampp\\htdocs\\apply like facebook\\pos6.12\\storage\\framework\\views\\06c133c35b9314a11881c0d070ac10d07039878c.php(7): Illuminate\\View\\View->render()
#34 C:\\xampp\\htdocs\\apply like facebook\\pos6.12\\vendor\\laravel\\framework\\src\\Illuminate\\Filesystem\\Filesystem.php(109): require('C:\\\\xampp\\\\htdocs...')
#35 C:\\xampp\\htdocs\\apply like facebook\\pos6.12\\vendor\\laravel\\framework\\src\\Illuminate\\Filesystem\\Filesystem.php(110): Illuminate\\Filesystem\\Filesystem::Illuminate\\Filesystem\\{closure}()
#36 C:\\xampp\\htdocs\\apply like facebook\\pos6.12\\vendor\\laravel\\framework\\src\\Illuminate\\View\\Engines\\PhpEngine.php(58): Illuminate\\Filesystem\\Filesystem->getRequire('C:\\\\xampp\\\\htdocs...', Array)
#37 C:\\xampp\\htdocs\\apply like facebook\\pos6.12\\vendor\\laravel\\framework\\src\\Illuminate\\View\\Engines\\CompilerEngine.php(70): Illuminate\\View\\Engines\\PhpEngine->evaluatePath('C:\\\\xampp\\\\htdocs...', Array)
#38 C:\\xampp\\htdocs\\apply like facebook\\pos6.12\\vendor\\laravel\\framework\\src\\Illuminate\\View\\View.php(195): Illuminate\\View\\Engines\\CompilerEngine->get('C:\\\\xampp\\\\htdocs...', Array)
#39 C:\\xampp\\htdocs\\apply like facebook\\pos6.12\\vendor\\laravel\\framework\\src\\Illuminate\\View\\View.php(178): Illuminate\\View\\View->getContents()
#40 C:\\xampp\\htdocs\\apply like facebook\\pos6.12\\vendor\\laravel\\framework\\src\\Illuminate\\View\\View.php(147): Illuminate\\View\\View->renderContents()
#41 C:\\xampp\\htdocs\\apply like facebook\\pos6.12\\vendor\\laravel\\framework\\src\\Illuminate\\Http\\Response.php(69): Illuminate\\View\\View->render()
#42 C:\\xampp\\htdocs\\apply like facebook\\pos6.12\\vendor\\laravel\\framework\\src\\Illuminate\\Http\\Response.php(35): Illuminate\\Http\\Response->setContent(Object(Illuminate\\View\\View))
#43 C:\\xampp\\htdocs\\apply like facebook\\pos6.12\\vendor\\laravel\\framework\\src\\Illuminate\\Routing\\Router.php(906): Illuminate\\Http\\Response->__construct(Object(Illuminate\\View\\View), 200, Array)
#44 C:\\xampp\\htdocs\\apply like facebook\\pos6.12\\vendor\\laravel\\framework\\src\\Illuminate\\Routing\\Router.php(875): Illuminate\\Routing\\Router::toResponse(Object(Illuminate\\Http\\Request), Object(Illuminate\\View\\View))
#45 C:\\xampp\\htdocs\\apply like facebook\\pos6.12\\vendor\\laravel\\framework\\src\\Illuminate\\Routing\\Router.php(797): Illuminate\\Routing\\Router->prepareResponse(Object(Illuminate\\Http\\Request), Object(Illuminate\\View\\View))
#46 C:\\xampp\\htdocs\\apply like facebook\\pos6.12\\vendor\\laravel\\framework\\src\\Illuminate\\Pipeline\\Pipeline.php(141): Illuminate\\Routing\\Router->Illuminate\\Routing\\{closure}(Object(Illuminate\\Http\\Request))
#47 C:\\xampp\\htdocs\\apply like facebook\\pos6.12\\vendor\\laravel\\framework\\src\\Illuminate\\Auth\\Middleware\\Authorize.php(45): Illuminate\\Pipeline\\Pipeline->Illuminate\\Pipeline\\{closure}(Object(Illuminate\\Http\\Request))
#48 C:\\xampp\\htdocs\\apply like facebook\\pos6.12\\vendor\\laravel\\framework\\src\\Illuminate\\Pipeline\\Pipeline.php(180): Illuminate\\Auth\\Middleware\\Authorize->handle(Object(Illuminate\\Http\\Request), Object(Closure), 'loan_management...')
#49 C:\\xampp\\htdocs\\apply like facebook\\pos6.12\\app\\Http\\Middleware\\CheckUserLogin.php(22): Illuminate\\Pipeline\\Pipeline->Illuminate\\Pipeline\\{closure}(Object(Illuminate\\Http\\Request))
#50 C:\\xampp\\htdocs\\apply like facebook\\pos6.12\\vendor\\laravel\\framework\\src\\Illuminate\\Pipeline\\Pipeline.php(180): App\\Http\\Middleware\\CheckUserLogin->handle(Object(Illuminate\\Http\\Request), Object(Closure))
#51 C:\\xampp\\htdocs\\apply like facebook\\pos6.12\\app\\Http\\Middleware\\AdminSidebarMenu.php(901): Illuminate\\Pipeline\\Pipeline->Illuminate\\Pipeline\\{closure}(Object(Illuminate\\Http\\Request))
#52 C:\\xampp\\htdocs\\apply like facebook\\pos6.12\\vendor\\laravel\\framework\\src\\Illuminate\\Pipeline\\Pipeline.php(180): App\\Http\\Middleware\\AdminSidebarMenu->handle(Object(Illuminate\\Http\\Request), Object(Closure))
#53 C:\\xampp\\htdocs\\apply like facebook\\pos6.12\\app\\Http\\Middleware\\Timezone.php(30): Illuminate\\Pipeline\\Pipeline->Illuminate\\Pipeline\\{closure}(Object(Illuminate\\Http\\Request))
#54 C:\\xampp\\htdocs\\apply like facebook\\pos6.12\\vendor\\laravel\\framework\\src\\Illuminate\\Pipeline\\Pipeline.php(180): App\\Http\\Middleware\\Timezone->handle(Object(Illuminate\\Http\\Request), Object(Closure))
#55 C:\\xampp\\htdocs\\apply like facebook\\pos6.12\\app\\Http\\Middleware\\Language.php(25): Illuminate\\Pipeline\\Pipeline->Illuminate\\Pipeline\\{closure}(Object(Illuminate\\Http\\Request))
#56 C:\\xampp\\htdocs\\apply like facebook\\pos6.12\\vendor\\laravel\\framework\\src\\Illuminate\\Pipeline\\Pipeline.php(180): App\\Http\\Middleware\\Language->handle(Object(Illuminate\\Http\\Request), Object(Closure))
#57 C:\\xampp\\htdocs\\apply like facebook\\pos6.12\\app\\Http\\Middleware\\SetSessionData.php(52): Illuminate\\Pipeline\\Pipeline->Illuminate\\Pipeline\\{closure}(Object(Illuminate\\Http\\Request))
#58 C:\\xampp\\htdocs\\apply like facebook\\pos6.12\\vendor\\laravel\\framework\\src\\Illuminate\\Pipeline\\Pipeline.php(180): App\\Http\\Middleware\\SetSessionData->handle(Object(Illuminate\\Http\\Request), Object(Closure))
#59 C:\\xampp\\htdocs\\apply like facebook\\pos6.12\\vendor\\barryvdh\\laravel-debugbar\\src\\Middleware\\InjectDebugbar.php(59): Illuminate\\Pipeline\\Pipeline->Illuminate\\Pipeline\\{closure}(Object(Illuminate\\Http\\Request))
#60 C:\\xampp\\htdocs\\apply like facebook\\pos6.12\\vendor\\laravel\\framework\\src\\Illuminate\\Pipeline\\Pipeline.php(180): Barryvdh\\Debugbar\\Middleware\\InjectDebugbar->handle(Object(Illuminate\\Http\\Request), Object(Closure))
#61 C:\\xampp\\htdocs\\apply like facebook\\pos6.12\\vendor\\laravel\\framework\\src\\Illuminate\\Routing\\Middleware\\SubstituteBindings.php(50): Illuminate\\Pipeline\\Pipeline->Illuminate\\Pipeline\\{closure}(Object(Illuminate\\Http\\Request))
#62 C:\\xampp\\htdocs\\apply like facebook\\pos6.12\\vendor\\laravel\\framework\\src\\Illuminate\\Pipeline\\Pipeline.php(180): Illuminate\\Routing\\Middleware\\SubstituteBindings->handle(Object(Illuminate\\Http\\Request), Object(Closure))
#63 C:\\xampp\\htdocs\\apply like facebook\\pos6.12\\vendor\\laravel\\framework\\src\\Illuminate\\Auth\\Middleware\\Authenticate.php(44): Illuminate\\Pipeline\\Pipeline->Illuminate\\Pipeline\\{closure}(Object(Illuminate\\Http\\Request))
#64 C:\\xampp\\htdocs\\apply like facebook\\pos6.12\\vendor\\laravel\\framework\\src\\Illuminate\\Pipeline\\Pipeline.php(180): Illuminate\\Auth\\Middleware\\Authenticate->handle(Object(Illuminate\\Http\\Request), Object(Closure))
#65 C:\\xampp\\htdocs\\apply like facebook\\pos6.12\\vendor\\laravel\\framework\\src\\Illuminate\\Foundation\\Http\\Middleware\\VerifyCsrfToken.php(78): Illuminate\\Pipeline\\Pipeline->Illuminate\\Pipeline\\{closure}(Object(Illuminate\\Http\\Request))
#66 C:\\xampp\\htdocs\\apply like facebook\\pos6.12\\vendor\\laravel\\framework\\src\\Illuminate\\Pipeline\\Pipeline.php(180): Illuminate\\Foundation\\Http\\Middleware\\VerifyCsrfToken->handle(Object(Illuminate\\Http\\Request), Object(Closure))
#67 C:\\xampp\\htdocs\\apply like facebook\\pos6.12\\vendor\\laravel\\framework\\src\\Illuminate\\View\\Middleware\\ShareErrorsFromSession.php(49): Illuminate\\Pipeline\\Pipeline->Illuminate\\Pipeline\\{closure}(Object(Illuminate\\Http\\Request))
#68 C:\\xampp\\htdocs\\apply like facebook\\pos6.12\\vendor\\laravel\\framework\\src\\Illuminate\\Pipeline\\Pipeline.php(180): Illuminate\\View\\Middleware\\ShareErrorsFromSession->handle(Object(Illuminate\\Http\\Request), Object(Closure))
#69 C:\\xampp\\htdocs\\apply like facebook\\pos6.12\\vendor\\laravel\\framework\\src\\Illuminate\\Session\\Middleware\\StartSession.php(121): Illuminate\\Pipeline\\Pipeline->Illuminate\\Pipeline\\{closure}(Object(Illuminate\\Http\\Request))
#70 C:\\xampp\\htdocs\\apply like facebook\\pos6.12\\vendor\\laravel\\framework\\src\\Illuminate\\Session\\Middleware\\StartSession.php(64): Illuminate\\Session\\Middleware\\StartSession->handleStatefulRequest(Object(Illuminate\\Http\\Request), Object(Illuminate\\Session\\Store), Object(Closure))
#71 C:\\xampp\\htdocs\\apply like facebook\\pos6.12\\vendor\\laravel\\framework\\src\\Illuminate\\Pipeline\\Pipeline.php(180): Illuminate\\Session\\Middleware\\StartSession->handle(Object(Illuminate\\Http\\Request), Object(Closure))
#72 C:\\xampp\\htdocs\\apply like facebook\\pos6.12\\vendor\\laravel\\framework\\src\\Illuminate\\Cookie\\Middleware\\AddQueuedCookiesToResponse.php(37): Illuminate\\Pipeline\\Pipeline->Illuminate\\Pipeline\\{closure}(Object(Illuminate\\Http\\Request))
#73 C:\\xampp\\htdocs\\apply like facebook\\pos6.12\\vendor\\laravel\\framework\\src\\Illuminate\\Pipeline\\Pipeline.php(180): Illuminate\\Cookie\\Middleware\\AddQueuedCookiesToResponse->handle(Object(Illuminate\\Http\\Request), Object(Closure))
#74 C:\\xampp\\htdocs\\apply like facebook\\pos6.12\\vendor\\laravel\\framework\\src\\Illuminate\\Cookie\\Middleware\\EncryptCookies.php(67): Illuminate\\Pipeline\\Pipeline->Illuminate\\Pipeline\\{closure}(Object(Illuminate\\Http\\Request))
#75 C:\\xampp\\htdocs\\apply like facebook\\pos6.12\\vendor\\laravel\\framework\\src\\Illuminate\\Pipeline\\Pipeline.php(180): Illuminate\\Cookie\\Middleware\\EncryptCookies->handle(Object(Illuminate\\Http\\Request), Object(Closure))
#76 C:\\xampp\\htdocs\\apply like facebook\\pos6.12\\vendor\\laravel\\framework\\src\\Illuminate\\Pipeline\\Pipeline.php(116): Illuminate\\Pipeline\\Pipeline->Illuminate\\Pipeline\\{closure}(Object(Illuminate\\Http\\Request))
#77 C:\\xampp\\htdocs\\apply like facebook\\pos6.12\\vendor\\laravel\\framework\\src\\Illuminate\\Routing\\Router.php(797): Illuminate\\Pipeline\\Pipeline->then(Object(Closure))
#78 C:\\xampp\\htdocs\\apply like facebook\\pos6.12\\vendor\\laravel\\framework\\src\\Illuminate\\Routing\\Router.php(776): Illuminate\\Routing\\Router->runRouteWithinStack(Object(Illuminate\\Routing\\Route), Object(Illuminate\\Http\\Request))
#79 C:\\xampp\\htdocs\\apply like facebook\\pos6.12\\vendor\\laravel\\framework\\src\\Illuminate\\Routing\\Router.php(740): Illuminate\\Routing\\Router->runRoute(Object(Illuminate\\Http\\Request), Object(Illuminate\\Routing\\Route))
#80 C:\\xampp\\htdocs\\apply like facebook\\pos6.12\\vendor\\laravel\\framework\\src\\Illuminate\\Routing\\Router.php(729): Illuminate\\Routing\\Router->dispatchToRoute(Object(Illuminate\\Http\\Request))
#81 C:\\xampp\\htdocs\\apply like facebook\\pos6.12\\vendor\\laravel\\framework\\src\\Illuminate\\Foundation\\Http\\Kernel.php(190): Illuminate\\Routing\\Router->dispatch(Object(Illuminate\\Http\\Request))
#82 C:\\xampp\\htdocs\\apply like facebook\\pos6.12\\vendor\\laravel\\framework\\src\\Illuminate\\Pipeline\\Pipeline.php(141): Illuminate\\Foundation\\Http\\Kernel->Illuminate\\Foundation\\Http\\{closure}(Object(Illuminate\\Http\\Request))
#83 C:\\xampp\\htdocs\\apply like facebook\\pos6.12\\vendor\\barryvdh\\laravel-debugbar\\src\\Middleware\\InjectDebugbar.php(59): Illuminate\\Pipeline\\Pipeline->Illuminate\\Pipeline\\{closure}(Object(Illuminate\\Http\\Request))
#84 C:\\xampp\\htdocs\\apply like facebook\\pos6.12\\vendor\\laravel\\framework\\src\\Illuminate\\Pipeline\\Pipeline.php(180): Barryvdh\\Debugbar\\Middleware\\InjectDebugbar->handle(Object(Illuminate\\Http\\Request), Object(Closure))
#85 C:\\xampp\\htdocs\\apply like facebook\\pos6.12\\vendor\\laravel\\framework\\src\\Illuminate\\Foundation\\Http\\Middleware\\TransformsRequest.php(21): Illuminate\\Pipeline\\Pipeline->Illuminate\\Pipeline\\{closure}(Object(Illuminate\\Http\\Request))
#86 C:\\xampp\\htdocs\\apply like facebook\\pos6.12\\vendor\\laravel\\framework\\src\\Illuminate\\Foundation\\Http\\Middleware\\ConvertEmptyStringsToNull.php(31): Illuminate\\Foundation\\Http\\Middleware\\TransformsRequest->handle(Object(Illuminate\\Http\\Request), Object(Closure))
#87 C:\\xampp\\htdocs\\apply like facebook\\pos6.12\\vendor\\laravel\\framework\\src\\Illuminate\\Pipeline\\Pipeline.php(180): Illuminate\\Foundation\\Http\\Middleware\\ConvertEmptyStringsToNull->handle(Object(Illuminate\\Http\\Request), Object(Closure))
#88 C:\\xampp\\htdocs\\apply like facebook\\pos6.12\\vendor\\laravel\\framework\\src\\Illuminate\\Foundation\\Http\\Middleware\\TransformsRequest.php(21): Illuminate\\Pipeline\\Pipeline->Illuminate\\Pipeline\\{closure}(Object(Illuminate\\Http\\Request))
#89 C:\\xampp\\htdocs\\apply like facebook\\pos6.12\\vendor\\laravel\\framework\\src\\Illuminate\\Foundation\\Http\\Middleware\\TrimStrings.php(40): Illuminate\\Foundation\\Http\\Middleware\\TransformsRequest->handle(Object(Illuminate\\Http\\Request), Object(Closure))
#90 C:\\xampp\\htdocs\\apply like facebook\\pos6.12\\vendor\\laravel\\framework\\src\\Illuminate\\Pipeline\\Pipeline.php(180): Illuminate\\Foundation\\Http\\Middleware\\TrimStrings->handle(Object(Illuminate\\Http\\Request), Object(Closure))
#91 C:\\xampp\\htdocs\\apply like facebook\\pos6.12\\vendor\\laravel\\framework\\src\\Illuminate\\Foundation\\Http\\Middleware\\ValidatePostSize.php(27): Illuminate\\Pipeline\\Pipeline->Illuminate\\Pipeline\\{closure}(Object(Illuminate\\Http\\Request))
#92 C:\\xampp\\htdocs\\apply like facebook\\pos6.12\\vendor\\laravel\\framework\\src\\Illuminate\\Pipeline\\Pipeline.php(180): Illuminate\\Foundation\\Http\\Middleware\\ValidatePostSize->handle(Object(Illuminate\\Http\\Request), Object(Closure))
#93 C:\\xampp\\htdocs\\apply like facebook\\pos6.12\\vendor\\laravel\\framework\\src\\Illuminate\\Foundation\\Http\\Middleware\\PreventRequestsDuringMaintenance.php(86): Illuminate\\Pipeline\\Pipeline->Illuminate\\Pipeline\\{closure}(Object(Illuminate\\Http\\Request))
#94 C:\\xampp\\htdocs\\apply like facebook\\pos6.12\\vendor\\laravel\\framework\\src\\Illuminate\\Pipeline\\Pipeline.php(180): Illuminate\\Foundation\\Http\\Middleware\\PreventRequestsDuringMaintenance->handle(Object(Illuminate\\Http\\Request), Object(Closure))
#95 C:\\xampp\\htdocs\\apply like facebook\\pos6.12\\vendor\\laravel\\framework\\src\\Illuminate\\Http\\Middleware\\HandleCors.php(49): Illuminate\\Pipeline\\Pipeline->Illuminate\\Pipeline\\{closure}(Object(Illuminate\\Http\\Request))
#96 C:\\xampp\\htdocs\\apply like facebook\\pos6.12\\vendor\\laravel\\framework\\src\\Illuminate\\Pipeline\\Pipeline.php(180): Illuminate\\Http\\Middleware\\HandleCors->handle(Object(Illuminate\\Http\\Request), Object(Closure))
#97 C:\\xampp\\htdocs\\apply like facebook\\pos6.12\\vendor\\laravel\\framework\\src\\Illuminate\\Http\\Middleware\\TrustProxies.php(39): Illuminate\\Pipeline\\Pipeline->Illuminate\\Pipeline\\{closure}(Object(Illuminate\\Http\\Request))
#98 C:\\xampp\\htdocs\\apply like facebook\\pos6.12\\vendor\\laravel\\framework\\src\\Illuminate\\Pipeline\\Pipeline.php(180): Illuminate\\Http\\Middleware\\TrustProxies->handle(Object(Illuminate\\Http\\Request), Object(Closure))
#99 C:\\xampp\\htdocs\\apply like facebook\\pos6.12\\vendor\\laravel\\framework\\src\\Illuminate\\Pipeline\\Pipeline.php(116): Illuminate\\Pipeline\\Pipeline->Illuminate\\Pipeline\\{closure}(Object(Illuminate\\Http\\Request))
#100 C:\\xampp\\htdocs\\apply like facebook\\pos6.12\\vendor\\laravel\\framework\\src\\Illuminate\\Foundation\\Http\\Kernel.php(165): Illuminate\\Pipeline\\Pipeline->then(Object(Closure))
#101 C:\\xampp\\htdocs\\apply like facebook\\pos6.12\\vendor\\laravel\\framework\\src\\Illuminate\\Foundation\\Http\\Kernel.php(134): Illuminate\\Foundation\\Http\\Kernel->sendRequestThroughRouter(Object(Illuminate\\Http\\Request))
#102 C:\\xampp\\htdocs\\apply like facebook\\pos6.12\\public\\index.php(56): Illuminate\\Foundation\\Http\\Kernel->handle(Object(Illuminate\\Http\\Request))
#103 C:\\xampp\\htdocs\\apply like facebook\\pos6.12\\vendor\\laravel\\framework\\src\\Illuminate\\Foundation\\resources\\server.php(16): require_once('C:\\\\xampp\\\\htdocs...')
#104 {main}
"} 
[2026-05-24 13:11:57] local.ERROR: Undefined array key "disable_express_checkout" {"userId":1,"exception":"[object] (Spatie\\LaravelIgnition\\Exceptions\\ViewException(code: 0): Undefined array key \"disable_express_checkout\" at C:\\xampp\\htdocs\\apply like facebook\\pos6.12\\resources\\views\\sale_pos\\partials\\keyboard_shortcuts_details.blade.php:7)
[stacktrace]
#0 C:\\xampp\\htdocs\\apply like facebook\\pos6.12\\vendor\\laravel\\framework\\src\\Illuminate\\Foundation\\Bootstrap\\HandleExceptions.php(270): Illuminate\\Foundation\\Bootstrap\\HandleExceptions->handleError(2, 'Undefined array...', 'C:\\\\xampp\\\\htdocs...', 7)
#1 C:\\xampp\\htdocs\\apply like facebook\\pos6.12\\resources\\views\\sale_pos\\partials\\keyboard_shortcuts_details.blade.php(7): Illuminate\\Foundation\\Bootstrap\\HandleExceptions->Illuminate\\Foundation\\Bootstrap\\{closure}(2, 'Undefined array...', 'C:\\\\xampp\\\\htdocs...', 7)
#2 C:\\xampp\\htdocs\\apply like facebook\\pos6.12\\vendor\\laravel\\framework\\src\\Illuminate\\Filesystem\\Filesystem.php(109): require('C:\\\\xampp\\\\htdocs...')
#3 C:\\xampp\\htdocs\\apply like facebook\\pos6.12\\vendor\\laravel\\framework\\src\\Illuminate\\Filesystem\\Filesystem.php(110): Illuminate\\Filesystem\\Filesystem::Illuminate\\Filesystem\\{closure}()
#4 C:\\xampp\\htdocs\\apply like facebook\\pos6.12\\vendor\\laravel\\framework\\src\\Illuminate\\View\\Engines\\PhpEngine.php(58): Illuminate\\Filesystem\\Filesystem->getRequire('C:\\\\xampp\\\\htdocs...', Array)
#5 C:\\xampp\\htdocs\\apply like facebook\\pos6.12\\vendor\\laravel\\framework\\src\\Illuminate\\View\\Engines\\CompilerEngine.php(70): Illuminate\\View\\Engines\\PhpEngine->evaluatePath('C:\\\\xampp\\\\htdocs...', Array)
#6 C:\\xampp\\htdocs\\apply like facebook\\pos6.12\\vendor\\laravel\\framework\\src\\Illuminate\\View\\View.php(195): Illuminate\\View\\Engines\\CompilerEngine->get('C:\\\\xampp\\\\htdocs...', Array)
#7 C:\\xampp\\htdocs\\apply like facebook\\pos6.12\\vendor\\laravel\\framework\\src\\Illuminate\\View\\View.php(178): Illuminate\\View\\View->getContents()
#8 C:\\xampp\\htdocs\\apply like facebook\\pos6.12\\vendor\\laravel\\framework\\src\\Illuminate\\View\\View.php(147): Illuminate\\View\\View->renderContents()
#9 C:\\xampp\\htdocs\\apply like facebook\\pos6.12\\resources\\views\\layouts\\partials\\header-pos.blade.php(61): Illuminate\\View\\View->render()
#10 C:\\xampp\\htdocs\\apply like facebook\\pos6.12\\vendor\\laravel\\framework\\src\\Illuminate\\Filesystem\\Filesystem.php(109): require('C:\\\\xampp\\\\htdocs...')
#11 C:\\xampp\\htdocs\\apply like facebook\\pos6.12\\vendor\\laravel\\framework\\src\\Illuminate\\Filesystem\\Filesystem.php(110): Illuminate\\Filesystem\\Filesystem::Illuminate\\Filesystem\\{closure}()
#12 C:\\xampp\\htdocs\\apply like facebook\\pos6.12\\vendor\\laravel\\framework\\src\\Illuminate\\View\\Engines\\PhpEngine.php(58): Illuminate\\Filesystem\\Filesystem->getRequire('C:\\\\xampp\\\\htdocs...', Array)
#13 C:\\xampp\\htdocs\\apply like facebook\\pos6.12\\vendor\\laravel\\framework\\src\\Illuminate\\View\\Engines\\CompilerEngine.php(70): Illuminate\\View\\Engines\\PhpEngine->evaluatePath('C:\\\\xampp\\\\htdocs...', Array)
#14 C:\\xampp\\htdocs\\apply like facebook\\pos6.12\\vendor\\laravel\\framework\\src\\Illuminate\\View\\View.php(195): Illuminate\\View\\Engines\\CompilerEngine->get('C:\\\\xampp\\\\htdocs...', Array)
#15 C:\\xampp\\htdocs\\apply like facebook\\pos6.12\\vendor\\laravel\\framework\\src\\Illuminate\\View\\View.php(178): Illuminate\\View\\View->getContents()
#16 C:\\xampp\\htdocs\\apply like facebook\\pos6.12\\vendor\\laravel\\framework\\src\\Illuminate\\View\\View.php(147): Illuminate\\View\\View->renderContents()
#17 C:\\xampp\\htdocs\\apply like facebook\\pos6.12\\resources\\views\\layouts\\app.blade.php(80): Illuminate\\View\\View->render()
#18 C:\\xampp\\htdocs\\apply like facebook\\pos6.12\\vendor\\laravel\\framework\\src\\Illuminate\\Filesystem\\Filesystem.php(109): require('C:\\\\xampp\\\\htdocs...')
#19 C:\\xampp\\htdocs\\apply like facebook\\pos6.12\\vendor\\laravel\\framework\\src\\Illuminate\\Filesystem\\Filesystem.php(110): Illuminate\\Filesystem\\Filesystem::Illuminate\\Filesystem\\{closure}()
#20 C:\\xampp\\htdocs\\apply like facebook\\pos6.12\\vendor\\laravel\\framework\\src\\Illuminate\\View\\Engines\\PhpEngine.php(58): Illuminate\\Filesystem\\Filesystem->getRequire('C:\\\\xampp\\\\htdocs...', Array)
#21 C:\\xampp\\htdocs\\apply like facebook\\pos6.12\\vendor\\laravel\\framework\\src\\Illuminate\\View\\Engines\\CompilerEngine.php(70): Illuminate\\View\\Engines\\PhpEngine->evaluatePath('C:\\\\xampp\\\\htdocs...', Array)
#22 C:\\xampp\\htdocs\\apply like facebook\\pos6.12\\vendor\\laravel\\framework\\src\\Illuminate\\View\\View.php(195): Illuminate\\View\\Engines\\CompilerEngine->get('C:\\\\xampp\\\\htdocs...', Array)
#23 C:\\xampp\\htdocs\\apply like facebook\\pos6.12\\vendor\\laravel\\framework\\src\\Illuminate\\View\\View.php(178): Illuminate\\View\\View->getContents()
#24 C:\\xampp\\htdocs\\apply like facebook\\pos6.12\\vendor\\laravel\\framework\\src\\Illuminate\\View\\View.php(147): Illuminate\\View\\View->renderContents()
#25 C:\\xampp\\htdocs\\apply like facebook\\pos6.12\\Modules\\LoanManagement\\Resources\\views\\layouts\\app.blade.php(407): Illuminate\\View\\View->render()
#26 C:\\xampp\\htdocs\\apply like facebook\\pos6.12\\vendor\\laravel\\framework\\src\\Illuminate\\Filesystem\\Filesystem.php(109): require('C:\\\\xampp\\\\htdocs...')
#27 C:\\xampp\\htdocs\\apply like facebook\\pos6.12\\vendor\\laravel\\framework\\src\\Illuminate\\Filesystem\\Filesystem.php(110): Illuminate\\Filesystem\\Filesystem::Illuminate\\Filesystem\\{closure}()
#28 C:\\xampp\\htdocs\\apply like facebook\\pos6.12\\vendor\\laravel\\framework\\src\\Illuminate\\View\\Engines\\PhpEngine.php(58): Illuminate\\Filesystem\\Filesystem->getRequire('C:\\\\xampp\\\\htdocs...', Array)
#29 C:\\xampp\\htdocs\\apply like facebook\\pos6.12\\vendor\\laravel\\framework\\src\\Illuminate\\View\\Engines\\CompilerEngine.php(70): Illuminate\\View\\Engines\\PhpEngine->evaluatePath('C:\\\\xampp\\\\htdocs...', Array)
#30 C:\\xampp\\htdocs\\apply like facebook\\pos6.12\\vendor\\laravel\\framework\\src\\Illuminate\\View\\View.php(195): Illuminate\\View\\Engines\\CompilerEngine->get('C:\\\\xampp\\\\htdocs...', Array)
#31 C:\\xampp\\htdocs\\apply like facebook\\pos6.12\\vendor\\laravel\\framework\\src\\Illuminate\\View\\View.php(178): Illuminate\\View\\View->getContents()
#32 C:\\xampp\\htdocs\\apply like facebook\\pos6.12\\vendor\\laravel\\framework\\src\\Illuminate\\View\\View.php(147): Illuminate\\View\\View->renderContents()
#33 C:\\xampp\\htdocs\\apply like facebook\\pos6.12\\Modules\\LoanManagement\\Resources\\views\\dashboard\\index.blade.php(6): Illuminate\\View\\View->render()
#34 C:\\xampp\\htdocs\\apply like facebook\\pos6.12\\vendor\\laravel\\framework\\src\\Illuminate\\Filesystem\\Filesystem.php(109): require('C:\\\\xampp\\\\htdocs...')
#35 C:\\xampp\\htdocs\\apply like facebook\\pos6.12\\vendor\\laravel\\framework\\src\\Illuminate\\Filesystem\\Filesystem.php(110): Illuminate\\Filesystem\\Filesystem::Illuminate\\Filesystem\\{closure}()
#36 C:\\xampp\\htdocs\\apply like facebook\\pos6.12\\vendor\\laravel\\framework\\src\\Illuminate\\View\\Engines\\PhpEngine.php(58): Illuminate\\Filesystem\\Filesystem->getRequire('C:\\\\xampp\\\\htdocs...', Array)
#37 C:\\xampp\\htdocs\\apply like facebook\\pos6.12\\vendor\\laravel\\framework\\src\\Illuminate\\View\\Engines\\CompilerEngine.php(70): Illuminate\\View\\Engines\\PhpEngine->evaluatePath('C:\\\\xampp\\\\htdocs...', Array)
#38 C:\\xampp\\htdocs\\apply like facebook\\pos6.12\\vendor\\laravel\\framework\\src\\Illuminate\\View\\View.php(195): Illuminate\\View\\Engines\\CompilerEngine->get('C:\\\\xampp\\\\htdocs...', Array)
#39 C:\\xampp\\htdocs\\apply like facebook\\pos6.12\\vendor\\laravel\\framework\\src\\Illuminate\\View\\View.php(178): Illuminate\\View\\View->getContents()
#40 C:\\xampp\\htdocs\\apply like facebook\\pos6.12\\vendor\\laravel\\framework\\src\\Illuminate\\View\\View.php(147): Illuminate\\View\\View->renderContents()
#41 C:\\xampp\\htdocs\\apply like facebook\\pos6.12\\vendor\\laravel\\framework\\src\\Illuminate\\Http\\Response.php(69): Illuminate\\View\\View->render()
#42 C:\\xampp\\htdocs\\apply like facebook\\pos6.12\\vendor\\laravel\\framework\\src\\Illuminate\\Http\\Response.php(35): Illuminate\\Http\\Response->setContent(Object(Illuminate\\View\\View))
#43 C:\\xampp\\htdocs\\apply like facebook\\pos6.12\\vendor\\laravel\\framework\\src\\Illuminate\\Routing\\Router.php(906): Illuminate\\Http\\Response->__construct(Object(Illuminate\\View\\View), 200, Array)
#44 C:\\xampp\\htdocs\\apply like facebook\\pos6.12\\vendor\\laravel\\framework\\src\\Illuminate\\Routing\\Router.php(875): Illuminate\\Routing\\Router::toResponse(Object(Illuminate\\Http\\Request), Object(Illuminate\\View\\View))
#45 C:\\xampp\\htdocs\\apply like facebook\\pos6.12\\vendor\\laravel\\framework\\src\\Illuminate\\Routing\\Router.php(797): Illuminate\\Routing\\Router->prepareResponse(Object(Illuminate\\Http\\Request), Object(Illuminate\\View\\View))
#46 C:\\xampp\\htdocs\\apply like facebook\\pos6.12\\vendor\\laravel\\framework\\src\\Illuminate\\Pipeline\\Pipeline.php(141): Illuminate\\Routing\\Router->Illuminate\\Routing\\{closure}(Object(Illuminate\\Http\\Request))
#47 C:\\xampp\\htdocs\\apply like facebook\\pos6.12\\vendor\\laravel\\framework\\src\\Illuminate\\Auth\\Middleware\\Authorize.php(45): Illuminate\\Pipeline\\Pipeline->Illuminate\\Pipeline\\{closure}(Object(Illuminate\\Http\\Request))
#48 C:\\xampp\\htdocs\\apply like facebook\\pos6.12\\vendor\\laravel\\framework\\src\\Illuminate\\Pipeline\\Pipeline.php(180): Illuminate\\Auth\\Middleware\\Authorize->handle(Object(Illuminate\\Http\\Request), Object(Closure), 'loan_management...')
#49 C:\\xampp\\htdocs\\apply like facebook\\pos6.12\\app\\Http\\Middleware\\CheckUserLogin.php(22): Illuminate\\Pipeline\\Pipeline->Illuminate\\Pipeline\\{closure}(Object(Illuminate\\Http\\Request))
#50 C:\\xampp\\htdocs\\apply like facebook\\pos6.12\\vendor\\laravel\\framework\\src\\Illuminate\\Pipeline\\Pipeline.php(180): App\\Http\\Middleware\\CheckUserLogin->handle(Object(Illuminate\\Http\\Request), Object(Closure))
#51 C:\\xampp\\htdocs\\apply like facebook\\pos6.12\\app\\Http\\Middleware\\AdminSidebarMenu.php(901): Illuminate\\Pipeline\\Pipeline->Illuminate\\Pipeline\\{closure}(Object(Illuminate\\Http\\Request))
#52 C:\\xampp\\htdocs\\apply like facebook\\pos6.12\\vendor\\laravel\\framework\\src\\Illuminate\\Pipeline\\Pipeline.php(180): App\\Http\\Middleware\\AdminSidebarMenu->handle(Object(Illuminate\\Http\\Request), Object(Closure))
#53 C:\\xampp\\htdocs\\apply like facebook\\pos6.12\\app\\Http\\Middleware\\Timezone.php(30): Illuminate\\Pipeline\\Pipeline->Illuminate\\Pipeline\\{closure}(Object(Illuminate\\Http\\Request))
#54 C:\\xampp\\htdocs\\apply like facebook\\pos6.12\\vendor\\laravel\\framework\\src\\Illuminate\\Pipeline\\Pipeline.php(180): App\\Http\\Middleware\\Timezone->handle(Object(Illuminate\\Http\\Request), Object(Closure))
#55 C:\\xampp\\htdocs\\apply like facebook\\pos6.12\\app\\Http\\Middleware\\Language.php(25): Illuminate\\Pipeline\\Pipeline->Illuminate\\Pipeline\\{closure}(Object(Illuminate\\Http\\Request))
#56 C:\\xampp\\htdocs\\apply like facebook\\pos6.12\\vendor\\laravel\\framework\\src\\Illuminate\\Pipeline\\Pipeline.php(180): App\\Http\\Middleware\\Language->handle(Object(Illuminate\\Http\\Request), Object(Closure))
#57 C:\\xampp\\htdocs\\apply like facebook\\pos6.12\\app\\Http\\Middleware\\SetSessionData.php(52): Illuminate\\Pipeline\\Pipeline->Illuminate\\Pipeline\\{closure}(Object(Illuminate\\Http\\Request))
#58 C:\\xampp\\htdocs\\apply like facebook\\pos6.12\\vendor\\laravel\\framework\\src\\Illuminate\\Pipeline\\Pipeline.php(180): App\\Http\\Middleware\\SetSessionData->handle(Object(Illuminate\\Http\\Request), Object(Closure))
#59 C:\\xampp\\htdocs\\apply like facebook\\pos6.12\\vendor\\barryvdh\\laravel-debugbar\\src\\Middleware\\InjectDebugbar.php(59): Illuminate\\Pipeline\\Pipeline->Illuminate\\Pipeline\\{closure}(Object(Illuminate\\Http\\Request))
#60 C:\\xampp\\htdocs\\apply like facebook\\pos6.12\\vendor\\laravel\\framework\\src\\Illuminate\\Pipeline\\Pipeline.php(180): Barryvdh\\Debugbar\\Middleware\\InjectDebugbar->handle(Object(Illuminate\\Http\\Request), Object(Closure))
#61 C:\\xampp\\htdocs\\apply like facebook\\pos6.12\\vendor\\laravel\\framework\\src\\Illuminate\\Routing\\Middleware\\SubstituteBindings.php(50): Illuminate\\Pipeline\\Pipeline->Illuminate\\Pipeline\\{closure}(Object(Illuminate\\Http\\Request))
#62 C:\\xampp\\htdocs\\apply like facebook\\pos6.12\\vendor\\laravel\\framework\\src\\Illuminate\\Pipeline\\Pipeline.php(180): Illuminate\\Routing\\Middleware\\SubstituteBindings->handle(Object(Illuminate\\Http\\Request), Object(Closure))
#63 C:\\xampp\\htdocs\\apply like facebook\\pos6.12\\vendor\\laravel\\framework\\src\\Illuminate\\Auth\\Middleware\\Authenticate.php(44): Illuminate\\Pipeline\\Pipeline->Illuminate\\Pipeline\\{closure}(Object(Illuminate\\Http\\Request))
#64 C:\\xampp\\htdocs\\apply like facebook\\pos6.12\\vendor\\laravel\\framework\\src\\Illuminate\\Pipeline\\Pipeline.php(180): Illuminate\\Auth\\Middleware\\Authenticate->handle(Object(Illuminate\\Http\\Request), Object(Closure))
#65 C:\\xampp\\htdocs\\apply like facebook\\pos6.12\\vendor\\laravel\\framework\\src\\Illuminate\\Foundation\\Http\\Middleware\\VerifyCsrfToken.php(78): Illuminate\\Pipeline\\Pipeline->Illuminate\\Pipeline\\{closure}(Object(Illuminate\\Http\\Request))
#66 C:\\xampp\\htdocs\\apply like facebook\\pos6.12\\vendor\\laravel\\framework\\src\\Illuminate\\Pipeline\\Pipeline.php(180): Illuminate\\Foundation\\Http\\Middleware\\VerifyCsrfToken->handle(Object(Illuminate\\Http\\Request), Object(Closure))
#67 C:\\xampp\\htdocs\\apply like facebook\\pos6.12\\vendor\\laravel\\framework\\src\\Illuminate\\View\\Middleware\\ShareErrorsFromSession.php(49): Illuminate\\Pipeline\\Pipeline->Illuminate\\Pipeline\\{closure}(Object(Illuminate\\Http\\Request))
#68 C:\\xampp\\htdocs\\apply like facebook\\pos6.12\\vendor\\laravel\\framework\\src\\Illuminate\\Pipeline\\Pipeline.php(180): Illuminate\\View\\Middleware\\ShareErrorsFromSession->handle(Object(Illuminate\\Http\\Request), Object(Closure))
#69 C:\\xampp\\htdocs\\apply like facebook\\pos6.12\\vendor\\laravel\\framework\\src\\Illuminate\\Session\\Middleware\\StartSession.php(121): Illuminate\\Pipeline\\Pipeline->Illuminate\\Pipeline\\{closure}(Object(Illuminate\\Http\\Request))
#70 C:\\xampp\\htdocs\\apply like facebook\\pos6.12\\vendor\\laravel\\framework\\src\\Illuminate\\Session\\Middleware\\StartSession.php(64): Illuminate\\Session\\Middleware\\StartSession->handleStatefulRequest(Object(Illuminate\\Http\\Request), Object(Illuminate\\Session\\Store), Object(Closure))
#71 C:\\xampp\\htdocs\\apply like facebook\\pos6.12\\vendor\\laravel\\framework\\src\\Illuminate\\Pipeline\\Pipeline.php(180): Illuminate\\Session\\Middleware\\StartSession->handle(Object(Illuminate\\Http\\Request), Object(Closure))
#72 C:\\xampp\\htdocs\\apply like facebook\\pos6.12\\vendor\\laravel\\framework\\src\\Illuminate\\Cookie\\Middleware\\AddQueuedCookiesToResponse.php(37): Illuminate\\Pipeline\\Pipeline->Illuminate\\Pipeline\\{closure}(Object(Illuminate\\Http\\Request))
#73 C:\\xampp\\htdocs\\apply like facebook\\pos6.12\\vendor\\laravel\\framework\\src\\Illuminate\\Pipeline\\Pipeline.php(180): Illuminate\\Cookie\\Middleware\\AddQueuedCookiesToResponse->handle(Object(Illuminate\\Http\\Request), Object(Closure))
#74 C:\\xampp\\htdocs\\apply like facebook\\pos6.12\\vendor\\laravel\\framework\\src\\Illuminate\\Cookie\\Middleware\\EncryptCookies.php(67): Illuminate\\Pipeline\\Pipeline->Illuminate\\Pipeline\\{closure}(Object(Illuminate\\Http\\Request))
#75 C:\\xampp\\htdocs\\apply like facebook\\pos6.12\\vendor\\laravel\\framework\\src\\Illuminate\\Pipeline\\Pipeline.php(180): Illuminate\\Cookie\\Middleware\\EncryptCookies->handle(Object(Illuminate\\Http\\Request), Object(Closure))
#76 C:\\xampp\\htdocs\\apply like facebook\\pos6.12\\vendor\\laravel\\framework\\src\\Illuminate\\Pipeline\\Pipeline.php(116): Illuminate\\Pipeline\\Pipeline->Illuminate\\Pipeline\\{closure}(Object(Illuminate\\Http\\Request))
#77 C:\\xampp\\htdocs\\apply like facebook\\pos6.12\\vendor\\laravel\\framework\\src\\Illuminate\\Routing\\Router.php(797): Illuminate\\Pipeline\\Pipeline->then(Object(Closure))
#78 C:\\xampp\\htdocs\\apply like facebook\\pos6.12\\vendor\\laravel\\framework\\src\\Illuminate\\Routing\\Router.php(776): Illuminate\\Routing\\Router->runRouteWithinStack(Object(Illuminate\\Routing\\Route), Object(Illuminate\\Http\\Request))
#79 C:\\xampp\\htdocs\\apply like facebook\\pos6.12\\vendor\\laravel\\framework\\src\\Illuminate\\Routing\\Router.php(740): Illuminate\\Routing\\Router->runRoute(Object(Illuminate\\Http\\Request), Object(Illuminate\\Routing\\Route))
#80 C:\\xampp\\htdocs\\apply like facebook\\pos6.12\\vendor\\laravel\\framework\\src\\Illuminate\\Routing\\Router.php(729): Illuminate\\Routing\\Router->dispatchToRoute(Object(Illuminate\\Http\\Request))
#81 C:\\xampp\\htdocs\\apply like facebook\\pos6.12\\vendor\\laravel\\framework\\src\\Illuminate\\Foundation\\Http\\Kernel.php(190): Illuminate\\Routing\\Router->dispatch(Object(Illuminate\\Http\\Request))
#82 C:\\xampp\\htdocs\\apply like facebook\\pos6.12\\vendor\\laravel\\framework\\src\\Illuminate\\Pipeline\\Pipeline.php(141): Illuminate\\Foundation\\Http\\Kernel->Illuminate\\Foundation\\Http\\{closure}(Object(Illuminate\\Http\\Request))
#83 C:\\xampp\\htdocs\\apply like facebook\\pos6.12\\vendor\\barryvdh\\laravel-debugbar\\src\\Middleware\\InjectDebugbar.php(59): Illuminate\\Pipeline\\Pipeline->Illuminate\\Pipeline\\{closure}(Object(Illuminate\\Http\\Request))
#84 C:\\xampp\\htdocs\\apply like facebook\\pos6.12\\vendor\\laravel\\framework\\src\\Illuminate\\Pipeline\\Pipeline.php(180): Barryvdh\\Debugbar\\Middleware\\InjectDebugbar->handle(Object(Illuminate\\Http\\Request), Object(Closure))
#85 C:\\xampp\\htdocs\\apply like facebook\\pos6.12\\vendor\\laravel\\framework\\src\\Illuminate\\Foundation\\Http\\Middleware\\TransformsRequest.php(21): Illuminate\\Pipeline\\Pipeline->Illuminate\\Pipeline\\{closure}(Object(Illuminate\\Http\\Request))
#86 C:\\xampp\\htdocs\\apply like facebook\\pos6.12\\vendor\\laravel\\framework\\src\\Illuminate\\Foundation\\Http\\Middleware\\ConvertEmptyStringsToNull.php(31): Illuminate\\Foundation\\Http\\Middleware\\TransformsRequest->handle(Object(Illuminate\\Http\\Request), Object(Closure))
#87 C:\\xampp\\htdocs\\apply like facebook\\pos6.12\\vendor\\laravel\\framework\\src\\Illuminate\\Pipeline\\Pipeline.php(180): Illuminate\\Foundation\\Http\\Middleware\\ConvertEmptyStringsToNull->handle(Object(Illuminate\\Http\\Request), Object(Closure))
#88 C:\\xampp\\htdocs\\apply like facebook\\pos6.12\\vendor\\laravel\\framework\\src\\Illuminate\\Foundation\\Http\\Middleware\\TransformsRequest.php(21): Illuminate\\Pipeline\\Pipeline->Illuminate\\Pipeline\\{closure}(Object(Illuminate\\Http\\Request))
#89 C:\\xampp\\htdocs\\apply like facebook\\pos6.12\\vendor\\laravel\\framework\\src\\Illuminate\\Foundation\\Http\\Middleware\\TrimStrings.php(40): Illuminate\\Foundation\\Http\\Middleware\\TransformsRequest->handle(Object(Illuminate\\Http\\Request), Object(Closure))
#90 C:\\xampp\\htdocs\\apply like facebook\\pos6.12\\vendor\\laravel\\framework\\src\\Illuminate\\Pipeline\\Pipeline.php(180): Illuminate\\Foundation\\Http\\Middleware\\TrimStrings->handle(Object(Illuminate\\Http\\Request), Object(Closure))
#91 C:\\xampp\\htdocs\\apply like facebook\\pos6.12\\vendor\\laravel\\framework\\src\\Illuminate\\Foundation\\Http\\Middleware\\ValidatePostSize.php(27): Illuminate\\Pipeline\\Pipeline->Illuminate\\Pipeline\\{closure}(Object(Illuminate\\Http\\Request))
#92 C:\\xampp\\htdocs\\apply like facebook\\pos6.12\\vendor\\laravel\\framework\\src\\Illuminate\\Pipeline\\Pipeline.php(180): Illuminate\\Foundation\\Http\\Middleware\\ValidatePostSize->handle(Object(Illuminate\\Http\\Request), Object(Closure))
#93 C:\\xampp\\htdocs\\apply like facebook\\pos6.12\\vendor\\laravel\\framework\\src\\Illuminate\\Foundation\\Http\\Middleware\\PreventRequestsDuringMaintenance.php(86): Illuminate\\Pipeline\\Pipeline->Illuminate\\Pipeline\\{closure}(Object(Illuminate\\Http\\Request))
#94 C:\\xampp\\htdocs\\apply like facebook\\pos6.12\\vendor\\laravel\\framework\\src\\Illuminate\\Pipeline\\Pipeline.php(180): Illuminate\\Foundation\\Http\\Middleware\\PreventRequestsDuringMaintenance->handle(Object(Illuminate\\Http\\Request), Object(Closure))
#95 C:\\xampp\\htdocs\\apply like facebook\\pos6.12\\vendor\\laravel\\framework\\src\\Illuminate\\Http\\Middleware\\HandleCors.php(49): Illuminate\\Pipeline\\Pipeline->Illuminate\\Pipeline\\{closure}(Object(Illuminate\\Http\\Request))
#96 C:\\xampp\\htdocs\\apply like facebook\\pos6.12\\vendor\\laravel\\framework\\src\\Illuminate\\Pipeline\\Pipeline.php(180): Illuminate\\Http\\Middleware\\HandleCors->handle(Object(Illuminate\\Http\\Request), Object(Closure))
#97 C:\\xampp\\htdocs\\apply like facebook\\pos6.12\\vendor\\laravel\\framework\\src\\Illuminate\\Http\\Middleware\\TrustProxies.php(39): Illuminate\\Pipeline\\Pipeline->Illuminate\\Pipeline\\{closure}(Object(Illuminate\\Http\\Request))
#98 C:\\xampp\\htdocs\\apply like facebook\\pos6.12\\vendor\\laravel\\framework\\src\\Illuminate\\Pipeline\\Pipeline.php(180): Illuminate\\Http\\Middleware\\TrustProxies->handle(Object(Illuminate\\Http\\Request), Object(Closure))
#99 C:\\xampp\\htdocs\\apply like facebook\\pos6.12\\vendor\\laravel\\framework\\src\\Illuminate\\Pipeline\\Pipeline.php(116): Illuminate\\Pipeline\\Pipeline->Illuminate\\Pipeline\\{closure}(Object(Illuminate\\Http\\Request))
#100 C:\\xampp\\htdocs\\apply like facebook\\pos6.12\\vendor\\laravel\\framework\\src\\Illuminate\\Foundation\\Http\\Kernel.php(165): Illuminate\\Pipeline\\Pipeline->then(Object(Closure))
#101 C:\\xampp\\htdocs\\apply like facebook\\pos6.12\\vendor\\laravel\\framework\\src\\Illuminate\\Foundation\\Http\\Kernel.php(134): Illuminate\\Foundation\\Http\\Kernel->sendRequestThroughRouter(Object(Illuminate\\Http\\Request))
#102 C:\\xampp\\htdocs\\apply like facebook\\pos6.12\\public\\index.php(56): Illuminate\\Foundation\\Http\\Kernel->handle(Object(Illuminate\\Http\\Request))
#103 C:\\xampp\\htdocs\\apply like facebook\\pos6.12\\vendor\\laravel\\framework\\src\\Illuminate\\Foundation\\resources\\server.php(16): require_once('C:\\\\xampp\\\\htdocs...')
#104 {main}

[previous exception] [object] (ErrorException(code: 0): Undefined array key \"disable_express_checkout\" at C:\\xampp\\htdocs\\apply like facebook\\pos6.12\\storage\\framework\\views\\644b9b2fda36867db80d26d066cc580782162651.php:7)
[stacktrace]
#0 C:\\xampp\\htdocs\\apply like facebook\\pos6.12\\vendor\\laravel\\framework\\src\\Illuminate\\Foundation\\Bootstrap\\HandleExceptions.php(270): Illuminate\\Foundation\\Bootstrap\\HandleExceptions->handleError(2, 'Undefined array...', 'C:\\\\xampp\\\\htdocs...', 7)
#1 C:\\xampp\\htdocs\\apply like facebook\\pos6.12\\storage\\framework\\views\\644b9b2fda36867db80d26d066cc580782162651.php(7): Illuminate\\Foundation\\Bootstrap\\HandleExceptions->Illuminate\\Foundation\\Bootstrap\\{closure}(2, 'Undefined array...', 'C:\\\\xampp\\\\htdocs...', 7)
#2 C:\\xampp\\htdocs\\apply like facebook\\pos6.12\\vendor\\laravel\\framework\\src\\Illuminate\\Filesystem\\Filesystem.php(109): require('C:\\\\xampp\\\\htdocs...')
#3 C:\\xampp\\htdocs\\apply like facebook\\pos6.12\\vendor\\laravel\\framework\\src\\Illuminate\\Filesystem\\Filesystem.php(110): Illuminate\\Filesystem\\Filesystem::Illuminate\\Filesystem\\{closure}()
#4 C:\\xampp\\htdocs\\apply like facebook\\pos6.12\\vendor\\laravel\\framework\\src\\Illuminate\\View\\Engines\\PhpEngine.php(58): Illuminate\\Filesystem\\Filesystem->getRequire('C:\\\\xampp\\\\htdocs...', Array)
#5 C:\\xampp\\htdocs\\apply like facebook\\pos6.12\\vendor\\laravel\\framework\\src\\Illuminate\\View\\Engines\\CompilerEngine.php(70): Illuminate\\View\\Engines\\PhpEngine->evaluatePath('C:\\\\xampp\\\\htdocs...', Array)
#6 C:\\xampp\\htdocs\\apply like facebook\\pos6.12\\vendor\\laravel\\framework\\src\\Illuminate\\View\\View.php(195): Illuminate\\View\\Engines\\CompilerEngine->get('C:\\\\xampp\\\\htdocs...', Array)
#7 C:\\xampp\\htdocs\\apply like facebook\\pos6.12\\vendor\\laravel\\framework\\src\\Illuminate\\View\\View.php(178): Illuminate\\View\\View->getContents()
#8 C:\\xampp\\htdocs\\apply like facebook\\pos6.12\\vendor\\laravel\\framework\\src\\Illuminate\\View\\View.php(147): Illuminate\\View\\View->renderContents()
#9 C:\\xampp\\htdocs\\apply like facebook\\pos6.12\\storage\\framework\\views\\242977bc338f2cef39795aa4e8eed0394c090d0b.php(64): Illuminate\\View\\View->render()
#10 C:\\xampp\\htdocs\\apply like facebook\\pos6.12\\vendor\\laravel\\framework\\src\\Illuminate\\Filesystem\\Filesystem.php(109): require('C:\\\\xampp\\\\htdocs...')
#11 C:\\xampp\\htdocs\\apply like facebook\\pos6.12\\vendor\\laravel\\framework\\src\\Illuminate\\Filesystem\\Filesystem.php(110): Illuminate\\Filesystem\\Filesystem::Illuminate\\Filesystem\\{closure}()
#12 C:\\xampp\\htdocs\\apply like facebook\\pos6.12\\vendor\\laravel\\framework\\src\\Illuminate\\View\\Engines\\PhpEngine.php(58): Illuminate\\Filesystem\\Filesystem->getRequire('C:\\\\xampp\\\\htdocs...', Array)
#13 C:\\xampp\\htdocs\\apply like facebook\\pos6.12\\vendor\\laravel\\framework\\src\\Illuminate\\View\\Engines\\CompilerEngine.php(70): Illuminate\\View\\Engines\\PhpEngine->evaluatePath('C:\\\\xampp\\\\htdocs...', Array)
#14 C:\\xampp\\htdocs\\apply like facebook\\pos6.12\\vendor\\laravel\\framework\\src\\Illuminate\\View\\View.php(195): Illuminate\\View\\Engines\\CompilerEngine->get('C:\\\\xampp\\\\htdocs...', Array)
#15 C:\\xampp\\htdocs\\apply like facebook\\pos6.12\\vendor\\laravel\\framework\\src\\Illuminate\\View\\View.php(178): Illuminate\\View\\View->getContents()
#16 C:\\xampp\\htdocs\\apply like facebook\\pos6.12\\vendor\\laravel\\framework\\src\\Illuminate\\View\\View.php(147): Illuminate\\View\\View->renderContents()
#17 C:\\xampp\\htdocs\\apply like facebook\\pos6.12\\storage\\framework\\views\\f136a7c06a43050aed77506dd2490c7a23d3736a.php(80): Illuminate\\View\\View->render()
#18 C:\\xampp\\htdocs\\apply like facebook\\pos6.12\\vendor\\laravel\\framework\\src\\Illuminate\\Filesystem\\Filesystem.php(109): require('C:\\\\xampp\\\\htdocs...')
#19 C:\\xampp\\htdocs\\apply like facebook\\pos6.12\\vendor\\laravel\\framework\\src\\Illuminate\\Filesystem\\Filesystem.php(110): Illuminate\\Filesystem\\Filesystem::Illuminate\\Filesystem\\{closure}()
#20 C:\\xampp\\htdocs\\apply like facebook\\pos6.12\\vendor\\laravel\\framework\\src\\Illuminate\\View\\Engines\\PhpEngine.php(58): Illuminate\\Filesystem\\Filesystem->getRequire('C:\\\\xampp\\\\htdocs...', Array)
#21 C:\\xampp\\htdocs\\apply like facebook\\pos6.12\\vendor\\laravel\\framework\\src\\Illuminate\\View\\Engines\\CompilerEngine.php(70): Illuminate\\View\\Engines\\PhpEngine->evaluatePath('C:\\\\xampp\\\\htdocs...', Array)
#22 C:\\xampp\\htdocs\\apply like facebook\\pos6.12\\vendor\\laravel\\framework\\src\\Illuminate\\View\\View.php(195): Illuminate\\View\\Engines\\CompilerEngine->get('C:\\\\xampp\\\\htdocs...', Array)
#23 C:\\xampp\\htdocs\\apply like facebook\\pos6.12\\vendor\\laravel\\framework\\src\\Illuminate\\View\\View.php(178): Illuminate\\View\\View->getContents()
#24 C:\\xampp\\htdocs\\apply like facebook\\pos6.12\\vendor\\laravel\\framework\\src\\Illuminate\\View\\View.php(147): Illuminate\\View\\View->renderContents()
#25 C:\\xampp\\htdocs\\apply like facebook\\pos6.12\\storage\\framework\\views\\9f34b93f4a1df2e5ed980d612969330def9d66cd.php(408): Illuminate\\View\\View->render()
#26 C:\\xampp\\htdocs\\apply like facebook\\pos6.12\\vendor\\laravel\\framework\\src\\Illuminate\\Filesystem\\Filesystem.php(109): require('C:\\\\xampp\\\\htdocs...')
#27 C:\\xampp\\htdocs\\apply like facebook\\pos6.12\\vendor\\laravel\\framework\\src\\Illuminate\\Filesystem\\Filesystem.php(110): Illuminate\\Filesystem\\Filesystem::Illuminate\\Filesystem\\{closure}()
#28 C:\\xampp\\htdocs\\apply like facebook\\pos6.12\\vendor\\laravel\\framework\\src\\Illuminate\\View\\Engines\\PhpEngine.php(58): Illuminate\\Filesystem\\Filesystem->getRequire('C:\\\\xampp\\\\htdocs...', Array)
#29 C:\\xampp\\htdocs\\apply like facebook\\pos6.12\\vendor\\laravel\\framework\\src\\Illuminate\\View\\Engines\\CompilerEngine.php(70): Illuminate\\View\\Engines\\PhpEngine->evaluatePath('C:\\\\xampp\\\\htdocs...', Array)
#30 C:\\xampp\\htdocs\\apply like facebook\\pos6.12\\vendor\\laravel\\framework\\src\\Illuminate\\View\\View.php(195): Illuminate\\View\\Engines\\CompilerEngine->get('C:\\\\xampp\\\\htdocs...', Array)
#31 C:\\xampp\\htdocs\\apply like facebook\\pos6.12\\vendor\\laravel\\framework\\src\\Illuminate\\View\\View.php(178): Illuminate\\View\\View->getContents()
#32 C:\\xampp\\htdocs\\apply like facebook\\pos6.12\\vendor\\laravel\\framework\\src\\Illuminate\\View\\View.php(147): Illuminate\\View\\View->renderContents()
#33 C:\\xampp\\htdocs\\apply like facebook\\pos6.12\\storage\\framework\\views\\06c133c35b9314a11881c0d070ac10d07039878c.php(7): Illuminate\\View\\View->render()
#34 C:\\xampp\\htdocs\\apply like facebook\\pos6.12\\vendor\\laravel\\framework\\src\\Illuminate\\Filesystem\\Filesystem.php(109): require('C:\\\\xampp\\\\htdocs...')
#35 C:\\xampp\\htdocs\\apply like facebook\\pos6.12\\vendor\\laravel\\framework\\src\\Illuminate\\Filesystem\\Filesystem.php(110): Illuminate\\Filesystem\\Filesystem::Illuminate\\Filesystem\\{closure}()
#36 C:\\xampp\\htdocs\\apply like facebook\\pos6.12\\vendor\\laravel\\framework\\src\\Illuminate\\View\\Engines\\PhpEngine.php(58): Illuminate\\Filesystem\\Filesystem->getRequire('C:\\\\xampp\\\\htdocs...', Array)
#37 C:\\xampp\\htdocs\\apply like facebook\\pos6.12\\vendor\\laravel\\framework\\src\\Illuminate\\View\\Engines\\CompilerEngine.php(70): Illuminate\\View\\Engines\\PhpEngine->evaluatePath('C:\\\\xampp\\\\htdocs...', Array)
#38 C:\\xampp\\htdocs\\apply like facebook\\pos6.12\\vendor\\laravel\\framework\\src\\Illuminate\\View\\View.php(195): Illuminate\\View\\Engines\\CompilerEngine->get('C:\\\\xampp\\\\htdocs...', Array)
#39 C:\\xampp\\htdocs\\apply like facebook\\pos6.12\\vendor\\laravel\\framework\\src\\Illuminate\\View\\View.php(178): Illuminate\\View\\View->getContents()
#40 C:\\xampp\\htdocs\\apply like facebook\\pos6.12\\vendor\\laravel\\framework\\src\\Illuminate\\View\\View.php(147): Illuminate\\View\\View->renderContents()
#41 C:\\xampp\\htdocs\\apply like facebook\\pos6.12\\vendor\\laravel\\framework\\src\\Illuminate\\Http\\Response.php(69): Illuminate\\View\\View->render()
#42 C:\\xampp\\htdocs\\apply like facebook\\pos6.12\\vendor\\laravel\\framework\\src\\Illuminate\\Http\\Response.php(35): Illuminate\\Http\\Response->setContent(Object(Illuminate\\View\\View))
#43 C:\\xampp\\htdocs\\apply like facebook\\pos6.12\\vendor\\laravel\\framework\\src\\Illuminate\\Routing\\Router.php(906): Illuminate\\Http\\Response->__construct(Object(Illuminate\\View\\View), 200, Array)
#44 C:\\xampp\\htdocs\\apply like facebook\\pos6.12\\vendor\\laravel\\framework\\src\\Illuminate\\Routing\\Router.php(875): Illuminate\\Routing\\Router::toResponse(Object(Illuminate\\Http\\Request), Object(Illuminate\\View\\View))
#45 C:\\xampp\\htdocs\\apply like facebook\\pos6.12\\vendor\\laravel\\framework\\src\\Illuminate\\Routing\\Router.php(797): Illuminate\\Routing\\Router->prepareResponse(Object(Illuminate\\Http\\Request), Object(Illuminate\\View\\View))
#46 C:\\xampp\\htdocs\\apply like facebook\\pos6.12\\vendor\\laravel\\framework\\src\\Illuminate\\Pipeline\\Pipeline.php(141): Illuminate\\Routing\\Router->Illuminate\\Routing\\{closure}(Object(Illuminate\\Http\\Request))
#47 C:\\xampp\\htdocs\\apply like facebook\\pos6.12\\vendor\\laravel\\framework\\src\\Illuminate\\Auth\\Middleware\\Authorize.php(45): Illuminate\\Pipeline\\Pipeline->Illuminate\\Pipeline\\{closure}(Object(Illuminate\\Http\\Request))
#48 C:\\xampp\\htdocs\\apply like facebook\\pos6.12\\vendor\\laravel\\framework\\src\\Illuminate\\Pipeline\\Pipeline.php(180): Illuminate\\Auth\\Middleware\\Authorize->handle(Object(Illuminate\\Http\\Request), Object(Closure), 'loan_management...')
#49 C:\\xampp\\htdocs\\apply like facebook\\pos6.12\\app\\Http\\Middleware\\CheckUserLogin.php(22): Illuminate\\Pipeline\\Pipeline->Illuminate\\Pipeline\\{closure}(Object(Illuminate\\Http\\Request))
#50 C:\\xampp\\htdocs\\apply like facebook\\pos6.12\\vendor\\laravel\\framework\\src\\Illuminate\\Pipeline\\Pipeline.php(180): App\\Http\\Middleware\\CheckUserLogin->handle(Object(Illuminate\\Http\\Request), Object(Closure))
#51 C:\\xampp\\htdocs\\apply like facebook\\pos6.12\\app\\Http\\Middleware\\AdminSidebarMenu.php(901): Illuminate\\Pipeline\\Pipeline->Illuminate\\Pipeline\\{closure}(Object(Illuminate\\Http\\Request))
#52 C:\\xampp\\htdocs\\apply like facebook\\pos6.12\\vendor\\laravel\\framework\\src\\Illuminate\\Pipeline\\Pipeline.php(180): App\\Http\\Middleware\\AdminSidebarMenu->handle(Object(Illuminate\\Http\\Request), Object(Closure))
#53 C:\\xampp\\htdocs\\apply like facebook\\pos6.12\\app\\Http\\Middleware\\Timezone.php(30): Illuminate\\Pipeline\\Pipeline->Illuminate\\Pipeline\\{closure}(Object(Illuminate\\Http\\Request))
#54 C:\\xampp\\htdocs\\apply like facebook\\pos6.12\\vendor\\laravel\\framework\\src\\Illuminate\\Pipeline\\Pipeline.php(180): App\\Http\\Middleware\\Timezone->handle(Object(Illuminate\\Http\\Request), Object(Closure))
#55 C:\\xampp\\htdocs\\apply like facebook\\pos6.12\\app\\Http\\Middleware\\Language.php(25): Illuminate\\Pipeline\\Pipeline->Illuminate\\Pipeline\\{closure}(Object(Illuminate\\Http\\Request))
#56 C:\\xampp\\htdocs\\apply like facebook\\pos6.12\\vendor\\laravel\\framework\\src\\Illuminate\\Pipeline\\Pipeline.php(180): App\\Http\\Middleware\\Language->handle(Object(Illuminate\\Http\\Request), Object(Closure))
#57 C:\\xampp\\htdocs\\apply like facebook\\pos6.12\\app\\Http\\Middleware\\SetSessionData.php(52): Illuminate\\Pipeline\\Pipeline->Illuminate\\Pipeline\\{closure}(Object(Illuminate\\Http\\Request))
#58 C:\\xampp\\htdocs\\apply like facebook\\pos6.12\\vendor\\laravel\\framework\\src\\Illuminate\\Pipeline\\Pipeline.php(180): App\\Http\\Middleware\\SetSessionData->handle(Object(Illuminate\\Http\\Request), Object(Closure))
#59 C:\\xampp\\htdocs\\apply like facebook\\pos6.12\\vendor\\barryvdh\\laravel-debugbar\\src\\Middleware\\InjectDebugbar.php(59): Illuminate\\Pipeline\\Pipeline->Illuminate\\Pipeline\\{closure}(Object(Illuminate\\Http\\Request))
#60 C:\\xampp\\htdocs\\apply like facebook\\pos6.12\\vendor\\laravel\\framework\\src\\Illuminate\\Pipeline\\Pipeline.php(180): Barryvdh\\Debugbar\\Middleware\\InjectDebugbar->handle(Object(Illuminate\\Http\\Request), Object(Closure))
#61 C:\\xampp\\htdocs\\apply like facebook\\pos6.12\\vendor\\laravel\\framework\\src\\Illuminate\\Routing\\Middleware\\SubstituteBindings.php(50): Illuminate\\Pipeline\\Pipeline->Illuminate\\Pipeline\\{closure}(Object(Illuminate\\Http\\Request))
#62 C:\\xampp\\htdocs\\apply like facebook\\pos6.12\\vendor\\laravel\\framework\\src\\Illuminate\\Pipeline\\Pipeline.php(180): Illuminate\\Routing\\Middleware\\SubstituteBindings->handle(Object(Illuminate\\Http\\Request), Object(Closure))
#63 C:\\xampp\\htdocs\\apply like facebook\\pos6.12\\vendor\\laravel\\framework\\src\\Illuminate\\Auth\\Middleware\\Authenticate.php(44): Illuminate\\Pipeline\\Pipeline->Illuminate\\Pipeline\\{closure}(Object(Illuminate\\Http\\Request))
#64 C:\\xampp\\htdocs\\apply like facebook\\pos6.12\\vendor\\laravel\\framework\\src\\Illuminate\\Pipeline\\Pipeline.php(180): Illuminate\\Auth\\Middleware\\Authenticate->handle(Object(Illuminate\\Http\\Request), Object(Closure))
#65 C:\\xampp\\htdocs\\apply like facebook\\pos6.12\\vendor\\laravel\\framework\\src\\Illuminate\\Foundation\\Http\\Middleware\\VerifyCsrfToken.php(78): Illuminate\\Pipeline\\Pipeline->Illuminate\\Pipeline\\{closure}(Object(Illuminate\\Http\\Request))
#66 C:\\xampp\\htdocs\\apply like facebook\\pos6.12\\vendor\\laravel\\framework\\src\\Illuminate\\Pipeline\\Pipeline.php(180): Illuminate\\Foundation\\Http\\Middleware\\VerifyCsrfToken->handle(Object(Illuminate\\Http\\Request), Object(Closure))
#67 C:\\xampp\\htdocs\\apply like facebook\\pos6.12\\vendor\\laravel\\framework\\src\\Illuminate\\View\\Middleware\\ShareErrorsFromSession.php(49): Illuminate\\Pipeline\\Pipeline->Illuminate\\Pipeline\\{closure}(Object(Illuminate\\Http\\Request))
#68 C:\\xampp\\htdocs\\apply like facebook\\pos6.12\\vendor\\laravel\\framework\\src\\Illuminate\\Pipeline\\Pipeline.php(180): Illuminate\\View\\Middleware\\ShareErrorsFromSession->handle(Object(Illuminate\\Http\\Request), Object(Closure))
#69 C:\\xampp\\htdocs\\apply like facebook\\pos6.12\\vendor\\laravel\\framework\\src\\Illuminate\\Session\\Middleware\\StartSession.php(121): Illuminate\\Pipeline\\Pipeline->Illuminate\\Pipeline\\{closure}(Object(Illuminate\\Http\\Request))
#70 C:\\xampp\\htdocs\\apply like facebook\\pos6.12\\vendor\\laravel\\framework\\src\\Illuminate\\Session\\Middleware\\StartSession.php(64): Illuminate\\Session\\Middleware\\StartSession->handleStatefulRequest(Object(Illuminate\\Http\\Request), Object(Illuminate\\Session\\Store), Object(Closure))
#71 C:\\xampp\\htdocs\\apply like facebook\\pos6.12\\vendor\\laravel\\framework\\src\\Illuminate\\Pipeline\\Pipeline.php(180): Illuminate\\Session\\Middleware\\StartSession->handle(Object(Illuminate\\Http\\Request), Object(Closure))
#72 C:\\xampp\\htdocs\\apply like facebook\\pos6.12\\vendor\\laravel\\framework\\src\\Illuminate\\Cookie\\Middleware\\AddQueuedCookiesToResponse.php(37): Illuminate\\Pipeline\\Pipeline->Illuminate\\Pipeline\\{closure}(Object(Illuminate\\Http\\Request))
#73 C:\\xampp\\htdocs\\apply like facebook\\pos6.12\\vendor\\laravel\\framework\\src\\Illuminate\\Pipeline\\Pipeline.php(180): Illuminate\\Cookie\\Middleware\\AddQueuedCookiesToResponse->handle(Object(Illuminate\\Http\\Request), Object(Closure))
#74 C:\\xampp\\htdocs\\apply like facebook\\pos6.12\\vendor\\laravel\\framework\\src\\Illuminate\\Cookie\\Middleware\\EncryptCookies.php(67): Illuminate\\Pipeline\\Pipeline->Illuminate\\Pipeline\\{closure}(Object(Illuminate\\Http\\Request))
#75 C:\\xampp\\htdocs\\apply like facebook\\pos6.12\\vendor\\laravel\\framework\\src\\Illuminate\\Pipeline\\Pipeline.php(180): Illuminate\\Cookie\\Middleware\\EncryptCookies->handle(Object(Illuminate\\Http\\Request), Object(Closure))
#76 C:\\xampp\\htdocs\\apply like facebook\\pos6.12\\vendor\\laravel\\framework\\src\\Illuminate\\Pipeline\\Pipeline.php(116): Illuminate\\Pipeline\\Pipeline->Illuminate\\Pipeline\\{closure}(Object(Illuminate\\Http\\Request))
#77 C:\\xampp\\htdocs\\apply like facebook\\pos6.12\\vendor\\laravel\\framework\\src\\Illuminate\\Routing\\Router.php(797): Illuminate\\Pipeline\\Pipeline->then(Object(Closure))
#78 C:\\xampp\\htdocs\\apply like facebook\\pos6.12\\vendor\\laravel\\framework\\src\\Illuminate\\Routing\\Router.php(776): Illuminate\\Routing\\Router->runRouteWithinStack(Object(Illuminate\\Routing\\Route), Object(Illuminate\\Http\\Request))
#79 C:\\xampp\\htdocs\\apply like facebook\\pos6.12\\vendor\\laravel\\framework\\src\\Illuminate\\Routing\\Router.php(740): Illuminate\\Routing\\Router->runRoute(Object(Illuminate\\Http\\Request), Object(Illuminate\\Routing\\Route))
#80 C:\\xampp\\htdocs\\apply like facebook\\pos6.12\\vendor\\laravel\\framework\\src\\Illuminate\\Routing\\Router.php(729): Illuminate\\Routing\\Router->dispatchToRoute(Object(Illuminate\\Http\\Request))
#81 C:\\xampp\\htdocs\\apply like facebook\\pos6.12\\vendor\\laravel\\framework\\src\\Illuminate\\Foundation\\Http\\Kernel.php(190): Illuminate\\Routing\\Router->dispatch(Object(Illuminate\\Http\\Request))
#82 C:\\xampp\\htdocs\\apply like facebook\\pos6.12\\vendor\\laravel\\framework\\src\\Illuminate\\Pipeline\\Pipeline.php(141): Illuminate\\Foundation\\Http\\Kernel->Illuminate\\Foundation\\Http\\{closure}(Object(Illuminate\\Http\\Request))
#83 C:\\xampp\\htdocs\\apply like facebook\\pos6.12\\vendor\\barryvdh\\laravel-debugbar\\src\\Middleware\\InjectDebugbar.php(59): Illuminate\\Pipeline\\Pipeline->Illuminate\\Pipeline\\{closure}(Object(Illuminate\\Http\\Request))
#84 C:\\xampp\\htdocs\\apply like facebook\\pos6.12\\vendor\\laravel\\framework\\src\\Illuminate\\Pipeline\\Pipeline.php(180): Barryvdh\\Debugbar\\Middleware\\InjectDebugbar->handle(Object(Illuminate\\Http\\Request), Object(Closure))
#85 C:\\xampp\\htdocs\\apply like facebook\\pos6.12\\vendor\\laravel\\framework\\src\\Illuminate\\Foundation\\Http\\Middleware\\TransformsRequest.php(21): Illuminate\\Pipeline\\Pipeline->Illuminate\\Pipeline\\{closure}(Object(Illuminate\\Http\\Request))
#86 C:\\xampp\\htdocs\\apply like facebook\\pos6.12\\vendor\\laravel\\framework\\src\\Illuminate\\Foundation\\Http\\Middleware\\ConvertEmptyStringsToNull.php(31): Illuminate\\Foundation\\Http\\Middleware\\TransformsRequest->handle(Object(Illuminate\\Http\\Request), Object(Closure))
#87 C:\\xampp\\htdocs\\apply like facebook\\pos6.12\\vendor\\laravel\\framework\\src\\Illuminate\\Pipeline\\Pipeline.php(180): Illuminate\\Foundation\\Http\\Middleware\\ConvertEmptyStringsToNull->handle(Object(Illuminate\\Http\\Request), Object(Closure))
#88 C:\\xampp\\htdocs\\apply like facebook\\pos6.12\\vendor\\laravel\\framework\\src\\Illuminate\\Foundation\\Http\\Middleware\\TransformsRequest.php(21): Illuminate\\Pipeline\\Pipeline->Illuminate\\Pipeline\\{closure}(Object(Illuminate\\Http\\Request))
#89 C:\\xampp\\htdocs\\apply like facebook\\pos6.12\\vendor\\laravel\\framework\\src\\Illuminate\\Foundation\\Http\\Middleware\\TrimStrings.php(40): Illuminate\\Foundation\\Http\\Middleware\\TransformsRequest->handle(Object(Illuminate\\Http\\Request), Object(Closure))
#90 C:\\xampp\\htdocs\\apply like facebook\\pos6.12\\vendor\\laravel\\framework\\src\\Illuminate\\Pipeline\\Pipeline.php(180): Illuminate\\Foundation\\Http\\Middleware\\TrimStrings->handle(Object(Illuminate\\Http\\Request), Object(Closure))
#91 C:\\xampp\\htdocs\\apply like facebook\\pos6.12\\vendor\\laravel\\framework\\src\\Illuminate\\Foundation\\Http\\Middleware\\ValidatePostSize.php(27): Illuminate\\Pipeline\\Pipeline->Illuminate\\Pipeline\\{closure}(Object(Illuminate\\Http\\Request))
#92 C:\\xampp\\htdocs\\apply like facebook\\pos6.12\\vendor\\laravel\\framework\\src\\Illuminate\\Pipeline\\Pipeline.php(180): Illuminate\\Foundation\\Http\\Middleware\\ValidatePostSize->handle(Object(Illuminate\\Http\\Request), Object(Closure))
#93 C:\\xampp\\htdocs\\apply like facebook\\pos6.12\\vendor\\laravel\\framework\\src\\Illuminate\\Foundation\\Http\\Middleware\\PreventRequestsDuringMaintenance.php(86): Illuminate\\Pipeline\\Pipeline->Illuminate\\Pipeline\\{closure}(Object(Illuminate\\Http\\Request))
#94 C:\\xampp\\htdocs\\apply like facebook\\pos6.12\\vendor\\laravel\\framework\\src\\Illuminate\\Pipeline\\Pipeline.php(180): Illuminate\\Foundation\\Http\\Middleware\\PreventRequestsDuringMaintenance->handle(Object(Illuminate\\Http\\Request), Object(Closure))
#95 C:\\xampp\\htdocs\\apply like facebook\\pos6.12\\vendor\\laravel\\framework\\src\\Illuminate\\Http\\Middleware\\HandleCors.php(49): Illuminate\\Pipeline\\Pipeline->Illuminate\\Pipeline\\{closure}(Object(Illuminate\\Http\\Request))
#96 C:\\xampp\\htdocs\\apply like facebook\\pos6.12\\vendor\\laravel\\framework\\src\\Illuminate\\Pipeline\\Pipeline.php(180): Illuminate\\Http\\Middleware\\HandleCors->handle(Object(Illuminate\\Http\\Request), Object(Closure))
#97 C:\\xampp\\htdocs\\apply like facebook\\pos6.12\\vendor\\laravel\\framework\\src\\Illuminate\\Http\\Middleware\\TrustProxies.php(39): Illuminate\\Pipeline\\Pipeline->Illuminate\\Pipeline\\{closure}(Object(Illuminate\\Http\\Request))
#98 C:\\xampp\\htdocs\\apply like facebook\\pos6.12\\vendor\\laravel\\framework\\src\\Illuminate\\Pipeline\\Pipeline.php(180): Illuminate\\Http\\Middleware\\TrustProxies->handle(Object(Illuminate\\Http\\Request), Object(Closure))
#99 C:\\xampp\\htdocs\\apply like facebook\\pos6.12\\vendor\\laravel\\framework\\src\\Illuminate\\Pipeline\\Pipeline.php(116): Illuminate\\Pipeline\\Pipeline->Illuminate\\Pipeline\\{closure}(Object(Illuminate\\Http\\Request))
#100 C:\\xampp\\htdocs\\apply like facebook\\pos6.12\\vendor\\laravel\\framework\\src\\Illuminate\\Foundation\\Http\\Kernel.php(165): Illuminate\\Pipeline\\Pipeline->then(Object(Closure))
#101 C:\\xampp\\htdocs\\apply like facebook\\pos6.12\\vendor\\laravel\\framework\\src\\Illuminate\\Foundation\\Http\\Kernel.php(134): Illuminate\\Foundation\\Http\\Kernel->sendRequestThroughRouter(Object(Illuminate\\Http\\Request))
#102 C:\\xampp\\htdocs\\apply like facebook\\pos6.12\\public\\index.php(56): Illuminate\\Foundation\\Http\\Kernel->handle(Object(Illuminate\\Http\\Request))
#103 C:\\xampp\\htdocs\\apply like facebook\\pos6.12\\vendor\\laravel\\framework\\src\\Illuminate\\Foundation\\resources\\server.php(16): require_once('C:\\\\xampp\\\\htdocs...')
#104 {main}
"} 
[2026-05-24 13:13:07] local.ERROR: Undefined array key "disable_discount" {"userId":1,"exception":"[object] (Spatie\\LaravelIgnition\\Exceptions\\ViewException(code: 0): Undefined array key \"disable_discount\" at C:\\xampp\\htdocs\\apply like facebook\\pos6.12\\resources\\views\\sale_pos\\partials\\keyboard_shortcuts_details.blade.php:49)
[stacktrace]
#0 C:\\xampp\\htdocs\\apply like facebook\\pos6.12\\vendor\\laravel\\framework\\src\\Illuminate\\Foundation\\Bootstrap\\HandleExceptions.php(270): Illuminate\\Foundation\\Bootstrap\\HandleExceptions->handleError(2, 'Undefined array...', 'C:\\\\xampp\\\\htdocs...', 53)
#1 C:\\xampp\\htdocs\\apply like facebook\\pos6.12\\resources\\views\\sale_pos\\partials\\keyboard_shortcuts_details.blade.php(49): Illuminate\\Foundation\\Bootstrap\\HandleExceptions->Illuminate\\Foundation\\Bootstrap\\{closure}(2, 'Undefined array...', 'C:\\\\xampp\\\\htdocs...', 53)
#2 C:\\xampp\\htdocs\\apply like facebook\\pos6.12\\vendor\\laravel\\framework\\src\\Illuminate\\Filesystem\\Filesystem.php(109): require('C:\\\\xampp\\\\htdocs...')
#3 C:\\xampp\\htdocs\\apply like facebook\\pos6.12\\vendor\\laravel\\framework\\src\\Illuminate\\Filesystem\\Filesystem.php(110): Illuminate\\Filesystem\\Filesystem::Illuminate\\Filesystem\\{closure}()
#4 C:\\xampp\\htdocs\\apply like facebook\\pos6.12\\vendor\\laravel\\framework\\src\\Illuminate\\View\\Engines\\PhpEngine.php(58): Illuminate\\Filesystem\\Filesystem->getRequire('C:\\\\xampp\\\\htdocs...', Array)
#5 C:\\xampp\\htdocs\\apply like facebook\\pos6.12\\vendor\\laravel\\framework\\src\\Illuminate\\View\\Engines\\CompilerEngine.php(70): Illuminate\\View\\Engines\\PhpEngine->evaluatePath('C:\\\\xampp\\\\htdocs...', Array)
#6 C:\\xampp\\htdocs\\apply like facebook\\pos6.12\\vendor\\laravel\\framework\\src\\Illuminate\\View\\View.php(195): Illuminate\\View\\Engines\\CompilerEngine->get('C:\\\\xampp\\\\htdocs...', Array)
#7 C:\\xampp\\htdocs\\apply like facebook\\pos6.12\\vendor\\laravel\\framework\\src\\Illuminate\\View\\View.php(178): Illuminate\\View\\View->getContents()
#8 C:\\xampp\\htdocs\\apply like facebook\\pos6.12\\vendor\\laravel\\framework\\src\\Illuminate\\View\\View.php(147): Illuminate\\View\\View->renderContents()
#9 C:\\xampp\\htdocs\\apply like facebook\\pos6.12\\resources\\views\\layouts\\partials\\header-pos.blade.php(73): Illuminate\\View\\View->render()
#10 C:\\xampp\\htdocs\\apply like facebook\\pos6.12\\vendor\\laravel\\framework\\src\\Illuminate\\Filesystem\\Filesystem.php(109): require('C:\\\\xampp\\\\htdocs...')
#11 C:\\xampp\\htdocs\\apply like facebook\\pos6.12\\vendor\\laravel\\framework\\src\\Illuminate\\Filesystem\\Filesystem.php(110): Illuminate\\Filesystem\\Filesystem::Illuminate\\Filesystem\\{closure}()
#12 C:\\xampp\\htdocs\\apply like facebook\\pos6.12\\vendor\\laravel\\framework\\src\\Illuminate\\View\\Engines\\PhpEngine.php(58): Illuminate\\Filesystem\\Filesystem->getRequire('C:\\\\xampp\\\\htdocs...', Array)
#13 C:\\xampp\\htdocs\\apply like facebook\\pos6.12\\vendor\\laravel\\framework\\src\\Illuminate\\View\\Engines\\CompilerEngine.php(70): Illuminate\\View\\Engines\\PhpEngine->evaluatePath('C:\\\\xampp\\\\htdocs...', Array)
#14 C:\\xampp\\htdocs\\apply like facebook\\pos6.12\\vendor\\laravel\\framework\\src\\Illuminate\\View\\View.php(195): Illuminate\\View\\Engines\\CompilerEngine->get('C:\\\\xampp\\\\htdocs...', Array)
#15 C:\\xampp\\htdocs\\apply like facebook\\pos6.12\\vendor\\laravel\\framework\\src\\Illuminate\\View\\View.php(178): Illuminate\\View\\View->getContents()
#16 C:\\xampp\\htdocs\\apply like facebook\\pos6.12\\vendor\\laravel\\framework\\src\\Illuminate\\View\\View.php(147): Illuminate\\View\\View->renderContents()
#17 C:\\xampp\\htdocs\\apply like facebook\\pos6.12\\resources\\views\\layouts\\app.blade.php(80): Illuminate\\View\\View->render()
#18 C:\\xampp\\htdocs\\apply like facebook\\pos6.12\\vendor\\laravel\\framework\\src\\Illuminate\\Filesystem\\Filesystem.php(109): require('C:\\\\xampp\\\\htdocs...')
#19 C:\\xampp\\htdocs\\apply like facebook\\pos6.12\\vendor\\laravel\\framework\\src\\Illuminate\\Filesystem\\Filesystem.php(110): Illuminate\\Filesystem\\Filesystem::Illuminate\\Filesystem\\{closure}()
#20 C:\\xampp\\htdocs\\apply like facebook\\pos6.12\\vendor\\laravel\\framework\\src\\Illuminate\\View\\Engines\\PhpEngine.php(58): Illuminate\\Filesystem\\Filesystem->getRequire('C:\\\\xampp\\\\htdocs...', Array)
#21 C:\\xampp\\htdocs\\apply like facebook\\pos6.12\\vendor\\laravel\\framework\\src\\Illuminate\\View\\Engines\\CompilerEngine.php(70): Illuminate\\View\\Engines\\PhpEngine->evaluatePath('C:\\\\xampp\\\\htdocs...', Array)
#22 C:\\xampp\\htdocs\\apply like facebook\\pos6.12\\vendor\\laravel\\framework\\src\\Illuminate\\View\\View.php(195): Illuminate\\View\\Engines\\CompilerEngine->get('C:\\\\xampp\\\\htdocs...', Array)
#23 C:\\xampp\\htdocs\\apply like facebook\\pos6.12\\vendor\\laravel\\framework\\src\\Illuminate\\View\\View.php(178): Illuminate\\View\\View->getContents()
#24 C:\\xampp\\htdocs\\apply like facebook\\pos6.12\\vendor\\laravel\\framework\\src\\Illuminate\\View\\View.php(147): Illuminate\\View\\View->renderContents()
#25 C:\\xampp\\htdocs\\apply like facebook\\pos6.12\\Modules\\LoanManagement\\Resources\\views\\layouts\\app.blade.php(407): Illuminate\\View\\View->render()
#26 C:\\xampp\\htdocs\\apply like facebook\\pos6.12\\vendor\\laravel\\framework\\src\\Illuminate\\Filesystem\\Filesystem.php(109): require('C:\\\\xampp\\\\htdocs...')
#27 C:\\xampp\\htdocs\\apply like facebook\\pos6.12\\vendor\\laravel\\framework\\src\\Illuminate\\Filesystem\\Filesystem.php(110): Illuminate\\Filesystem\\Filesystem::Illuminate\\Filesystem\\{closure}()
#28 C:\\xampp\\htdocs\\apply like facebook\\pos6.12\\vendor\\laravel\\framework\\src\\Illuminate\\View\\Engines\\PhpEngine.php(58): Illuminate\\Filesystem\\Filesystem->getRequire('C:\\\\xampp\\\\htdocs...', Array)
#29 C:\\xampp\\htdocs\\apply like facebook\\pos6.12\\vendor\\laravel\\framework\\src\\Illuminate\\View\\Engines\\CompilerEngine.php(70): Illuminate\\View\\Engines\\PhpEngine->evaluatePath('C:\\\\xampp\\\\htdocs...', Array)
#30 C:\\xampp\\htdocs\\apply like facebook\\pos6.12\\vendor\\laravel\\framework\\src\\Illuminate\\View\\View.php(195): Illuminate\\View\\Engines\\CompilerEngine->get('C:\\\\xampp\\\\htdocs...', Array)
#31 C:\\xampp\\htdocs\\apply like facebook\\pos6.12\\vendor\\laravel\\framework\\src\\Illuminate\\View\\View.php(178): Illuminate\\View\\View->getContents()
#32 C:\\xampp\\htdocs\\apply like facebook\\pos6.12\\vendor\\laravel\\framework\\src\\Illuminate\\View\\View.php(147): Illuminate\\View\\View->renderContents()
#33 C:\\xampp\\htdocs\\apply like facebook\\pos6.12\\Modules\\LoanManagement\\Resources\\views\\dashboard\\index.blade.php(6): Illuminate\\View\\View->render()
#34 C:\\xampp\\htdocs\\apply like facebook\\pos6.12\\vendor\\laravel\\framework\\src\\Illuminate\\Filesystem\\Filesystem.php(109): require('C:\\\\xampp\\\\htdocs...')
#35 C:\\xampp\\htdocs\\apply like facebook\\pos6.12\\vendor\\laravel\\framework\\src\\Illuminate\\Filesystem\\Filesystem.php(110): Illuminate\\Filesystem\\Filesystem::Illuminate\\Filesystem\\{closure}()
#36 C:\\xampp\\htdocs\\apply like facebook\\pos6.12\\vendor\\laravel\\framework\\src\\Illuminate\\View\\Engines\\PhpEngine.php(58): Illuminate\\Filesystem\\Filesystem->getRequire('C:\\\\xampp\\\\htdocs...', Array)
#37 C:\\xampp\\htdocs\\apply like facebook\\pos6.12\\vendor\\laravel\\framework\\src\\Illuminate\\View\\Engines\\CompilerEngine.php(70): Illuminate\\View\\Engines\\PhpEngine->evaluatePath('C:\\\\xampp\\\\htdocs...', Array)
#38 C:\\xampp\\htdocs\\apply like facebook\\pos6.12\\vendor\\laravel\\framework\\src\\Illuminate\\View\\View.php(195): Illuminate\\View\\Engines\\CompilerEngine->get('C:\\\\xampp\\\\htdocs...', Array)
#39 C:\\xampp\\htdocs\\apply like facebook\\pos6.12\\vendor\\laravel\\framework\\src\\Illuminate\\View\\View.php(178): Illuminate\\View\\View->getContents()
#40 C:\\xampp\\htdocs\\apply like facebook\\pos6.12\\vendor\\laravel\\framework\\src\\Illuminate\\View\\View.php(147): Illuminate\\View\\View->renderContents()
#41 C:\\xampp\\htdocs\\apply like facebook\\pos6.12\\vendor\\laravel\\framework\\src\\Illuminate\\Http\\Response.php(69): Illuminate\\View\\View->render()
#42 C:\\xampp\\htdocs\\apply like facebook\\pos6.12\\vendor\\laravel\\framework\\src\\Illuminate\\Http\\Response.php(35): Illuminate\\Http\\Response->setContent(Object(Illuminate\\View\\View))
#43 C:\\xampp\\htdocs\\apply like facebook\\pos6.12\\vendor\\laravel\\framework\\src\\Illuminate\\Routing\\Router.php(906): Illuminate\\Http\\Response->__construct(Object(Illuminate\\View\\View), 200, Array)
#44 C:\\xampp\\htdocs\\apply like facebook\\pos6.12\\vendor\\laravel\\framework\\src\\Illuminate\\Routing\\Router.php(875): Illuminate\\Routing\\Router::toResponse(Object(Illuminate\\Http\\Request), Object(Illuminate\\View\\View))
#45 C:\\xampp\\htdocs\\apply like facebook\\pos6.12\\vendor\\laravel\\framework\\src\\Illuminate\\Routing\\Router.php(797): Illuminate\\Routing\\Router->prepareResponse(Object(Illuminate\\Http\\Request), Object(Illuminate\\View\\View))
#46 C:\\xampp\\htdocs\\apply like facebook\\pos6.12\\vendor\\laravel\\framework\\src\\Illuminate\\Pipeline\\Pipeline.php(141): Illuminate\\Routing\\Router->Illuminate\\Routing\\{closure}(Object(Illuminate\\Http\\Request))
#47 C:\\xampp\\htdocs\\apply like facebook\\pos6.12\\vendor\\laravel\\framework\\src\\Illuminate\\Auth\\Middleware\\Authorize.php(45): Illuminate\\Pipeline\\Pipeline->Illuminate\\Pipeline\\{closure}(Object(Illuminate\\Http\\Request))
#48 C:\\xampp\\htdocs\\apply like facebook\\pos6.12\\vendor\\laravel\\framework\\src\\Illuminate\\Pipeline\\Pipeline.php(180): Illuminate\\Auth\\Middleware\\Authorize->handle(Object(Illuminate\\Http\\Request), Object(Closure), 'loan_management...')
#49 C:\\xampp\\htdocs\\apply like facebook\\pos6.12\\app\\Http\\Middleware\\CheckUserLogin.php(22): Illuminate\\Pipeline\\Pipeline->Illuminate\\Pipeline\\{closure}(Object(Illuminate\\Http\\Request))
#50 C:\\xampp\\htdocs\\apply like facebook\\pos6.12\\vendor\\laravel\\framework\\src\\Illuminate\\Pipeline\\Pipeline.php(180): App\\Http\\Middleware\\CheckUserLogin->handle(Object(Illuminate\\Http\\Request), Object(Closure))
#51 C:\\xampp\\htdocs\\apply like facebook\\pos6.12\\app\\Http\\Middleware\\AdminSidebarMenu.php(901): Illuminate\\Pipeline\\Pipeline->Illuminate\\Pipeline\\{closure}(Object(Illuminate\\Http\\Request))
#52 C:\\xampp\\htdocs\\apply like facebook\\pos6.12\\vendor\\laravel\\framework\\src\\Illuminate\\Pipeline\\Pipeline.php(180): App\\Http\\Middleware\\AdminSidebarMenu->handle(Object(Illuminate\\Http\\Request), Object(Closure))
#53 C:\\xampp\\htdocs\\apply like facebook\\pos6.12\\app\\Http\\Middleware\\Timezone.php(30): Illuminate\\Pipeline\\Pipeline->Illuminate\\Pipeline\\{closure}(Object(Illuminate\\Http\\Request))
#54 C:\\xampp\\htdocs\\apply like facebook\\pos6.12\\vendor\\laravel\\framework\\src\\Illuminate\\Pipeline\\Pipeline.php(180): App\\Http\\Middleware\\Timezone->handle(Object(Illuminate\\Http\\Request), Object(Closure))
#55 C:\\xampp\\htdocs\\apply like facebook\\pos6.12\\app\\Http\\Middleware\\Language.php(25): Illuminate\\Pipeline\\Pipeline->Illuminate\\Pipeline\\{closure}(Object(Illuminate\\Http\\Request))
#56 C:\\xampp\\htdocs\\apply like facebook\\pos6.12\\vendor\\laravel\\framework\\src\\Illuminate\\Pipeline\\Pipeline.php(180): App\\Http\\Middleware\\Language->handle(Object(Illuminate\\Http\\Request), Object(Closure))
#57 C:\\xampp\\htdocs\\apply like facebook\\pos6.12\\app\\Http\\Middleware\\SetSessionData.php(52): Illuminate\\Pipeline\\Pipeline->Illuminate\\Pipeline\\{closure}(Object(Illuminate\\Http\\Request))
#58 C:\\xampp\\htdocs\\apply like facebook\\pos6.12\\vendor\\laravel\\framework\\src\\Illuminate\\Pipeline\\Pipeline.php(180): App\\Http\\Middleware\\SetSessionData->handle(Object(Illuminate\\Http\\Request), Object(Closure))
#59 C:\\xampp\\htdocs\\apply like facebook\\pos6.12\\vendor\\barryvdh\\laravel-debugbar\\src\\Middleware\\InjectDebugbar.php(59): Illuminate\\Pipeline\\Pipeline->Illuminate\\Pipeline\\{closure}(Object(Illuminate\\Http\\Request))
#60 C:\\xampp\\htdocs\\apply like facebook\\pos6.12\\vendor\\laravel\\framework\\src\\Illuminate\\Pipeline\\Pipeline.php(180): Barryvdh\\Debugbar\\Middleware\\InjectDebugbar->handle(Object(Illuminate\\Http\\Request), Object(Closure))
#61 C:\\xampp\\htdocs\\apply like facebook\\pos6.12\\vendor\\laravel\\framework\\src\\Illuminate\\Routing\\Middleware\\SubstituteBindings.php(50): Illuminate\\Pipeline\\Pipeline->Illuminate\\Pipeline\\{closure}(Object(Illuminate\\Http\\Request))
#62 C:\\xampp\\htdocs\\apply like facebook\\pos6.12\\vendor\\laravel\\framework\\src\\Illuminate\\Pipeline\\Pipeline.php(180): Illuminate\\Routing\\Middleware\\SubstituteBindings->handle(Object(Illuminate\\Http\\Request), Object(Closure))
#63 C:\\xampp\\htdocs\\apply like facebook\\pos6.12\\vendor\\laravel\\framework\\src\\Illuminate\\Auth\\Middleware\\Authenticate.php(44): Illuminate\\Pipeline\\Pipeline->Illuminate\\Pipeline\\{closure}(Object(Illuminate\\Http\\Request))
#64 C:\\xampp\\htdocs\\apply like facebook\\pos6.12\\vendor\\laravel\\framework\\src\\Illuminate\\Pipeline\\Pipeline.php(180): Illuminate\\Auth\\Middleware\\Authenticate->handle(Object(Illuminate\\Http\\Request), Object(Closure))
#65 C:\\xampp\\htdocs\\apply like facebook\\pos6.12\\vendor\\laravel\\framework\\src\\Illuminate\\Foundation\\Http\\Middleware\\VerifyCsrfToken.php(78): Illuminate\\Pipeline\\Pipeline->Illuminate\\Pipeline\\{closure}(Object(Illuminate\\Http\\Request))
#66 C:\\xampp\\htdocs\\apply like facebook\\pos6.12\\vendor\\laravel\\framework\\src\\Illuminate\\Pipeline\\Pipeline.php(180): Illuminate\\Foundation\\Http\\Middleware\\VerifyCsrfToken->handle(Object(Illuminate\\Http\\Request), Object(Closure))
#67 C:\\xampp\\htdocs\\apply like facebook\\pos6.12\\vendor\\laravel\\framework\\src\\Illuminate\\View\\Middleware\\ShareErrorsFromSession.php(49): Illuminate\\Pipeline\\Pipeline->Illuminate\\Pipeline\\{closure}(Object(Illuminate\\Http\\Request))
#68 C:\\xampp\\htdocs\\apply like facebook\\pos6.12\\vendor\\laravel\\framework\\src\\Illuminate\\Pipeline\\Pipeline.php(180): Illuminate\\View\\Middleware\\ShareErrorsFromSession->handle(Object(Illuminate\\Http\\Request), Object(Closure))
#69 C:\\xampp\\htdocs\\apply like facebook\\pos6.12\\vendor\\laravel\\framework\\src\\Illuminate\\Session\\Middleware\\StartSession.php(121): Illuminate\\Pipeline\\Pipeline->Illuminate\\Pipeline\\{closure}(Object(Illuminate\\Http\\Request))
#70 C:\\xampp\\htdocs\\apply like facebook\\pos6.12\\vendor\\laravel\\framework\\src\\Illuminate\\Session\\Middleware\\StartSession.php(64): Illuminate\\Session\\Middleware\\StartSession->handleStatefulRequest(Object(Illuminate\\Http\\Request), Object(Illuminate\\Session\\Store), Object(Closure))
#71 C:\\xampp\\htdocs\\apply like facebook\\pos6.12\\vendor\\laravel\\framework\\src\\Illuminate\\Pipeline\\Pipeline.php(180): Illuminate\\Session\\Middleware\\StartSession->handle(Object(Illuminate\\Http\\Request), Object(Closure))
#72 C:\\xampp\\htdocs\\apply like facebook\\pos6.12\\vendor\\laravel\\framework\\src\\Illuminate\\Cookie\\Middleware\\AddQueuedCookiesToResponse.php(37): Illuminate\\Pipeline\\Pipeline->Illuminate\\Pipeline\\{closure}(Object(Illuminate\\Http\\Request))
#73 C:\\xampp\\htdocs\\apply like facebook\\pos6.12\\vendor\\laravel\\framework\\src\\Illuminate\\Pipeline\\Pipeline.php(180): Illuminate\\Cookie\\Middleware\\AddQueuedCookiesToResponse->handle(Object(Illuminate\\Http\\Request), Object(Closure))
#74 C:\\xampp\\htdocs\\apply like facebook\\pos6.12\\vendor\\laravel\\framework\\src\\Illuminate\\Cookie\\Middleware\\EncryptCookies.php(67): Illuminate\\Pipeline\\Pipeline->Illuminate\\Pipeline\\{closure}(Object(Illuminate\\Http\\Request))
#75 C:\\xampp\\htdocs\\apply like facebook\\pos6.12\\vendor\\laravel\\framework\\src\\Illuminate\\Pipeline\\Pipeline.php(180): Illuminate\\Cookie\\Middleware\\EncryptCookies->handle(Object(Illuminate\\Http\\Request), Object(Closure))
#76 C:\\xampp\\htdocs\\apply like facebook\\pos6.12\\vendor\\laravel\\framework\\src\\Illuminate\\Pipeline\\Pipeline.php(116): Illuminate\\Pipeline\\Pipeline->Illuminate\\Pipeline\\{closure}(Object(Illuminate\\Http\\Request))
#77 C:\\xampp\\htdocs\\apply like facebook\\pos6.12\\vendor\\laravel\\framework\\src\\Illuminate\\Routing\\Router.php(797): Illuminate\\Pipeline\\Pipeline->then(Object(Closure))
#78 C:\\xampp\\htdocs\\apply like facebook\\pos6.12\\vendor\\laravel\\framework\\src\\Illuminate\\Routing\\Router.php(776): Illuminate\\Routing\\Router->runRouteWithinStack(Object(Illuminate\\Routing\\Route), Object(Illuminate\\Http\\Request))
#79 C:\\xampp\\htdocs\\apply like facebook\\pos6.12\\vendor\\laravel\\framework\\src\\Illuminate\\Routing\\Router.php(740): Illuminate\\Routing\\Router->runRoute(Object(Illuminate\\Http\\Request), Object(Illuminate\\Routing\\Route))
#80 C:\\xampp\\htdocs\\apply like facebook\\pos6.12\\vendor\\laravel\\framework\\src\\Illuminate\\Routing\\Router.php(729): Illuminate\\Routing\\Router->dispatchToRoute(Object(Illuminate\\Http\\Request))
#81 C:\\xampp\\htdocs\\apply like facebook\\pos6.12\\vendor\\laravel\\framework\\src\\Illuminate\\Foundation\\Http\\Kernel.php(190): Illuminate\\Routing\\Router->dispatch(Object(Illuminate\\Http\\Request))
#82 C:\\xampp\\htdocs\\apply like facebook\\pos6.12\\vendor\\laravel\\framework\\src\\Illuminate\\Pipeline\\Pipeline.php(141): Illuminate\\Foundation\\Http\\Kernel->Illuminate\\Foundation\\Http\\{closure}(Object(Illuminate\\Http\\Request))
#83 C:\\xampp\\htdocs\\apply like facebook\\pos6.12\\vendor\\barryvdh\\laravel-debugbar\\src\\Middleware\\InjectDebugbar.php(59): Illuminate\\Pipeline\\Pipeline->Illuminate\\Pipeline\\{closure}(Object(Illuminate\\Http\\Request))
#84 C:\\xampp\\htdocs\\apply like facebook\\pos6.12\\vendor\\laravel\\framework\\src\\Illuminate\\Pipeline\\Pipeline.php(180): Barryvdh\\Debugbar\\Middleware\\InjectDebugbar->handle(Object(Illuminate\\Http\\Request), Object(Closure))
#85 C:\\xampp\\htdocs\\apply like facebook\\pos6.12\\vendor\\laravel\\framework\\src\\Illuminate\\Foundation\\Http\\Middleware\\TransformsRequest.php(21): Illuminate\\Pipeline\\Pipeline->Illuminate\\Pipeline\\{closure}(Object(Illuminate\\Http\\Request))
#86 C:\\xampp\\htdocs\\apply like facebook\\pos6.12\\vendor\\laravel\\framework\\src\\Illuminate\\Foundation\\Http\\Middleware\\ConvertEmptyStringsToNull.php(31): Illuminate\\Foundation\\Http\\Middleware\\TransformsRequest->handle(Object(Illuminate\\Http\\Request), Object(Closure))
#87 C:\\xampp\\htdocs\\apply like facebook\\pos6.12\\vendor\\laravel\\framework\\src\\Illuminate\\Pipeline\\Pipeline.php(180): Illuminate\\Foundation\\Http\\Middleware\\ConvertEmptyStringsToNull->handle(Object(Illuminate\\Http\\Request), Object(Closure))
#88 C:\\xampp\\htdocs\\apply like facebook\\pos6.12\\vendor\\laravel\\framework\\src\\Illuminate\\Foundation\\Http\\Middleware\\TransformsRequest.php(21): Illuminate\\Pipeline\\Pipeline->Illuminate\\Pipeline\\{closure}(Object(Illuminate\\Http\\Request))
#89 C:\\xampp\\htdocs\\apply like facebook\\pos6.12\\vendor\\laravel\\framework\\src\\Illuminate\\Foundation\\Http\\Middleware\\TrimStrings.php(40): Illuminate\\Foundation\\Http\\Middleware\\TransformsRequest->handle(Object(Illuminate\\Http\\Request), Object(Closure))
#90 C:\\xampp\\htdocs\\apply like facebook\\pos6.12\\vendor\\laravel\\framework\\src\\Illuminate\\Pipeline\\Pipeline.php(180): Illuminate\\Foundation\\Http\\Middleware\\TrimStrings->handle(Object(Illuminate\\Http\\Request), Object(Closure))
#91 C:\\xampp\\htdocs\\apply like facebook\\pos6.12\\vendor\\laravel\\framework\\src\\Illuminate\\Foundation\\Http\\Middleware\\ValidatePostSize.php(27): Illuminate\\Pipeline\\Pipeline->Illuminate\\Pipeline\\{closure}(Object(Illuminate\\Http\\Request))
#92 C:\\xampp\\htdocs\\apply like facebook\\pos6.12\\vendor\\laravel\\framework\\src\\Illuminate\\Pipeline\\Pipeline.php(180): Illuminate\\Foundation\\Http\\Middleware\\ValidatePostSize->handle(Object(Illuminate\\Http\\Request), Object(Closure))
#93 C:\\xampp\\htdocs\\apply like facebook\\pos6.12\\vendor\\laravel\\framework\\src\\Illuminate\\Foundation\\Http\\Middleware\\PreventRequestsDuringMaintenance.php(86): Illuminate\\Pipeline\\Pipeline->Illuminate\\Pipeline\\{closure}(Object(Illuminate\\Http\\Request))
#94 C:\\xampp\\htdocs\\apply like facebook\\pos6.12\\vendor\\laravel\\framework\\src\\Illuminate\\Pipeline\\Pipeline.php(180): Illuminate\\Foundation\\Http\\Middleware\\PreventRequestsDuringMaintenance->handle(Object(Illuminate\\Http\\Request), Object(Closure))
#95 C:\\xampp\\htdocs\\apply like facebook\\pos6.12\\vendor\\laravel\\framework\\src\\Illuminate\\Http\\Middleware\\HandleCors.php(49): Illuminate\\Pipeline\\Pipeline->Illuminate\\Pipeline\\{closure}(Object(Illuminate\\Http\\Request))
#96 C:\\xampp\\htdocs\\apply like facebook\\pos6.12\\vendor\\laravel\\framework\\src\\Illuminate\\Pipeline\\Pipeline.php(180): Illuminate\\Http\\Middleware\\HandleCors->handle(Object(Illuminate\\Http\\Request), Object(Closure))
#97 C:\\xampp\\htdocs\\apply like facebook\\pos6.12\\vendor\\laravel\\framework\\src\\Illuminate\\Http\\Middleware\\TrustProxies.php(39): Illuminate\\Pipeline\\Pipeline->Illuminate\\Pipeline\\{closure}(Object(Illuminate\\Http\\Request))
#98 C:\\xampp\\htdocs\\apply like facebook\\pos6.12\\vendor\\laravel\\framework\\src\\Illuminate\\Pipeline\\Pipeline.php(180): Illuminate\\Http\\Middleware\\TrustProxies->handle(Object(Illuminate\\Http\\Request), Object(Closure))
#99 C:\\xampp\\htdocs\\apply like facebook\\pos6.12\\vendor\\laravel\\framework\\src\\Illuminate\\Pipeline\\Pipeline.php(116): Illuminate\\Pipeline\\Pipeline->Illuminate\\Pipeline\\{closure}(Object(Illuminate\\Http\\Request))
#100 C:\\xampp\\htdocs\\apply like facebook\\pos6.12\\vendor\\laravel\\framework\\src\\Illuminate\\Foundation\\Http\\Kernel.php(165): Illuminate\\Pipeline\\Pipeline->then(Object(Closure))
#101 C:\\xampp\\htdocs\\apply like facebook\\pos6.12\\vendor\\laravel\\framework\\src\\Illuminate\\Foundation\\Http\\Kernel.php(134): Illuminate\\Foundation\\Http\\Kernel->sendRequestThroughRouter(Object(Illuminate\\Http\\Request))
#102 C:\\xampp\\htdocs\\apply like facebook\\pos6.12\\public\\index.php(56): Illuminate\\Foundation\\Http\\Kernel->handle(Object(Illuminate\\Http\\Request))
#103 C:\\xampp\\htdocs\\apply like facebook\\pos6.12\\vendor\\laravel\\framework\\src\\Illuminate\\Foundation\\resources\\server.php(16): require_once('C:\\\\xampp\\\\htdocs...')
#104 {main}

[previous exception] [object] (ErrorException(code: 0): Undefined array key \"disable_discount\" at C:\\xampp\\htdocs\\apply like facebook\\pos6.12\\storage\\framework\\views\\644b9b2fda36867db80d26d066cc580782162651.php:53)
[stacktrace]
#0 C:\\xampp\\htdocs\\apply like facebook\\pos6.12\\vendor\\laravel\\framework\\src\\Illuminate\\Foundation\\Bootstrap\\HandleExceptions.php(270): Illuminate\\Foundation\\Bootstrap\\HandleExceptions->handleError(2, 'Undefined array...', 'C:\\\\xampp\\\\htdocs...', 53)
#1 C:\\xampp\\htdocs\\apply like facebook\\pos6.12\\storage\\framework\\views\\644b9b2fda36867db80d26d066cc580782162651.php(53): Illuminate\\Foundation\\Bootstrap\\HandleExceptions->Illuminate\\Foundation\\Bootstrap\\{closure}(2, 'Undefined array...', 'C:\\\\xampp\\\\htdocs...', 53)
#2 C:\\xampp\\htdocs\\apply like facebook\\pos6.12\\vendor\\laravel\\framework\\src\\Illuminate\\Filesystem\\Filesystem.php(109): require('C:\\\\xampp\\\\htdocs...')
#3 C:\\xampp\\htdocs\\apply like facebook\\pos6.12\\vendor\\laravel\\framework\\src\\Illuminate\\Filesystem\\Filesystem.php(110): Illuminate\\Filesystem\\Filesystem::Illuminate\\Filesystem\\{closure}()
#4 C:\\xampp\\htdocs\\apply like facebook\\pos6.12\\vendor\\laravel\\framework\\src\\Illuminate\\View\\Engines\\PhpEngine.php(58): Illuminate\\Filesystem\\Filesystem->getRequire('C:\\\\xampp\\\\htdocs...', Array)
#5 C:\\xampp\\htdocs\\apply like facebook\\pos6.12\\vendor\\laravel\\framework\\src\\Illuminate\\View\\Engines\\CompilerEngine.php(70): Illuminate\\View\\Engines\\PhpEngine->evaluatePath('C:\\\\xampp\\\\htdocs...', Array)
#6 C:\\xampp\\htdocs\\apply like facebook\\pos6.12\\vendor\\laravel\\framework\\src\\Illuminate\\View\\View.php(195): Illuminate\\View\\Engines\\CompilerEngine->get('C:\\\\xampp\\\\htdocs...', Array)
#7 C:\\xampp\\htdocs\\apply like facebook\\pos6.12\\vendor\\laravel\\framework\\src\\Illuminate\\View\\View.php(178): Illuminate\\View\\View->getContents()
#8 C:\\xampp\\htdocs\\apply like facebook\\pos6.12\\vendor\\laravel\\framework\\src\\Illuminate\\View\\View.php(147): Illuminate\\View\\View->renderContents()
#9 C:\\xampp\\htdocs\\apply like facebook\\pos6.12\\storage\\framework\\views\\242977bc338f2cef39795aa4e8eed0394c090d0b.php(76): Illuminate\\View\\View->render()
#10 C:\\xampp\\htdocs\\apply like facebook\\pos6.12\\vendor\\laravel\\framework\\src\\Illuminate\\Filesystem\\Filesystem.php(109): require('C:\\\\xampp\\\\htdocs...')
#11 C:\\xampp\\htdocs\\apply like facebook\\pos6.12\\vendor\\laravel\\framework\\src\\Illuminate\\Filesystem\\Filesystem.php(110): Illuminate\\Filesystem\\Filesystem::Illuminate\\Filesystem\\{closure}()
#12 C:\\xampp\\htdocs\\apply like facebook\\pos6.12\\vendor\\laravel\\framework\\src\\Illuminate\\View\\Engines\\PhpEngine.php(58): Illuminate\\Filesystem\\Filesystem->getRequire('C:\\\\xampp\\\\htdocs...', Array)
#13 C:\\xampp\\htdocs\\apply like facebook\\pos6.12\\vendor\\laravel\\framework\\src\\Illuminate\\View\\Engines\\CompilerEngine.php(70): Illuminate\\View\\Engines\\PhpEngine->evaluatePath('C:\\\\xampp\\\\htdocs...', Array)
#14 C:\\xampp\\htdocs\\apply like facebook\\pos6.12\\vendor\\laravel\\framework\\src\\Illuminate\\View\\View.php(195): Illuminate\\View\\Engines\\CompilerEngine->get('C:\\\\xampp\\\\htdocs...', Array)
#15 C:\\xampp\\htdocs\\apply like facebook\\pos6.12\\vendor\\laravel\\framework\\src\\Illuminate\\View\\View.php(178): Illuminate\\View\\View->getContents()
#16 C:\\xampp\\htdocs\\apply like facebook\\pos6.12\\vendor\\laravel\\framework\\src\\Illuminate\\View\\View.php(147): Illuminate\\View\\View->renderContents()
#17 C:\\xampp\\htdocs\\apply like facebook\\pos6.12\\storage\\framework\\views\\f136a7c06a43050aed77506dd2490c7a23d3736a.php(80): Illuminate\\View\\View->render()
#18 C:\\xampp\\htdocs\\apply like facebook\\pos6.12\\vendor\\laravel\\framework\\src\\Illuminate\\Filesystem\\Filesystem.php(109): require('C:\\\\xampp\\\\htdocs...')
#19 C:\\xampp\\htdocs\\apply like facebook\\pos6.12\\vendor\\laravel\\framework\\src\\Illuminate\\Filesystem\\Filesystem.php(110): Illuminate\\Filesystem\\Filesystem::Illuminate\\Filesystem\\{closure}()
#20 C:\\xampp\\htdocs\\apply like facebook\\pos6.12\\vendor\\laravel\\framework\\src\\Illuminate\\View\\Engines\\PhpEngine.php(58): Illuminate\\Filesystem\\Filesystem->getRequire('C:\\\\xampp\\\\htdocs...', Array)
#21 C:\\xampp\\htdocs\\apply like facebook\\pos6.12\\vendor\\laravel\\framework\\src\\Illuminate\\View\\Engines\\CompilerEngine.php(70): Illuminate\\View\\Engines\\PhpEngine->evaluatePath('C:\\\\xampp\\\\htdocs...', Array)
#22 C:\\xampp\\htdocs\\apply like facebook\\pos6.12\\vendor\\laravel\\framework\\src\\Illuminate\\View\\View.php(195): Illuminate\\View\\Engines\\CompilerEngine->get('C:\\\\xampp\\\\htdocs...', Array)
#23 C:\\xampp\\htdocs\\apply like facebook\\pos6.12\\vendor\\laravel\\framework\\src\\Illuminate\\View\\View.php(178): Illuminate\\View\\View->getContents()
#24 C:\\xampp\\htdocs\\apply like facebook\\pos6.12\\vendor\\laravel\\framework\\src\\Illuminate\\View\\View.php(147): Illuminate\\View\\View->renderContents()
#25 C:\\xampp\\htdocs\\apply like facebook\\pos6.12\\storage\\framework\\views\\9f34b93f4a1df2e5ed980d612969330def9d66cd.php(408): Illuminate\\View\\View->render()
#26 C:\\xampp\\htdocs\\apply like facebook\\pos6.12\\vendor\\laravel\\framework\\src\\Illuminate\\Filesystem\\Filesystem.php(109): require('C:\\\\xampp\\\\htdocs...')
#27 C:\\xampp\\htdocs\\apply like facebook\\pos6.12\\vendor\\laravel\\framework\\src\\Illuminate\\Filesystem\\Filesystem.php(110): Illuminate\\Filesystem\\Filesystem::Illuminate\\Filesystem\\{closure}()
#28 C:\\xampp\\htdocs\\apply like facebook\\pos6.12\\vendor\\laravel\\framework\\src\\Illuminate\\View\\Engines\\PhpEngine.php(58): Illuminate\\Filesystem\\Filesystem->getRequire('C:\\\\xampp\\\\htdocs...', Array)
#29 C:\\xampp\\htdocs\\apply like facebook\\pos6.12\\vendor\\laravel\\framework\\src\\Illuminate\\View\\Engines\\CompilerEngine.php(70): Illuminate\\View\\Engines\\PhpEngine->evaluatePath('C:\\\\xampp\\\\htdocs...', Array)
#30 C:\\xampp\\htdocs\\apply like facebook\\pos6.12\\vendor\\laravel\\framework\\src\\Illuminate\\View\\View.php(195): Illuminate\\View\\Engines\\CompilerEngine->get('C:\\\\xampp\\\\htdocs...', Array)
#31 C:\\xampp\\htdocs\\apply like facebook\\pos6.12\\vendor\\laravel\\framework\\src\\Illuminate\\View\\View.php(178): Illuminate\\View\\View->getContents()
#32 C:\\xampp\\htdocs\\apply like facebook\\pos6.12\\vendor\\laravel\\framework\\src\\Illuminate\\View\\View.php(147): Illuminate\\View\\View->renderContents()
#33 C:\\xampp\\htdocs\\apply like facebook\\pos6.12\\storage\\framework\\views\\06c133c35b9314a11881c0d070ac10d07039878c.php(7): Illuminate\\View\\View->render()
#34 C:\\xampp\\htdocs\\apply like facebook\\pos6.12\\vendor\\laravel\\framework\\src\\Illuminate\\Filesystem\\Filesystem.php(109): require('C:\\\\xampp\\\\htdocs...')
#35 C:\\xampp\\htdocs\\apply like facebook\\pos6.12\\vendor\\laravel\\framework\\src\\Illuminate\\Filesystem\\Filesystem.php(110): Illuminate\\Filesystem\\Filesystem::Illuminate\\Filesystem\\{closure}()
#36 C:\\xampp\\htdocs\\apply like facebook\\pos6.12\\vendor\\laravel\\framework\\src\\Illuminate\\View\\Engines\\PhpEngine.php(58): Illuminate\\Filesystem\\Filesystem->getRequire('C:\\\\xampp\\\\htdocs...', Array)
#37 C:\\xampp\\htdocs\\apply like facebook\\pos6.12\\vendor\\laravel\\framework\\src\\Illuminate\\View\\Engines\\CompilerEngine.php(70): Illuminate\\View\\Engines\\PhpEngine->evaluatePath('C:\\\\xampp\\\\htdocs...', Array)
#38 C:\\xampp\\htdocs\\apply like facebook\\pos6.12\\vendor\\laravel\\framework\\src\\Illuminate\\View\\View.php(195): Illuminate\\View\\Engines\\CompilerEngine->get('C:\\\\xampp\\\\htdocs...', Array)
#39 C:\\xampp\\htdocs\\apply like facebook\\pos6.12\\vendor\\laravel\\framework\\src\\Illuminate\\View\\View.php(178): Illuminate\\View\\View->getContents()
#40 C:\\xampp\\htdocs\\apply like facebook\\pos6.12\\vendor\\laravel\\framework\\src\\Illuminate\\View\\View.php(147): Illuminate\\View\\View->renderContents()
#41 C:\\xampp\\htdocs\\apply like facebook\\pos6.12\\vendor\\laravel\\framework\\src\\Illuminate\\Http\\Response.php(69): Illuminate\\View\\View->render()
#42 C:\\xampp\\htdocs\\apply like facebook\\pos6.12\\vendor\\laravel\\framework\\src\\Illuminate\\Http\\Response.php(35): Illuminate\\Http\\Response->setContent(Object(Illuminate\\View\\View))
#43 C:\\xampp\\htdocs\\apply like facebook\\pos6.12\\vendor\\laravel\\framework\\src\\Illuminate\\Routing\\Router.php(906): Illuminate\\Http\\Response->__construct(Object(Illuminate\\View\\View), 200, Array)
#44 C:\\xampp\\htdocs\\apply like facebook\\pos6.12\\vendor\\laravel\\framework\\src\\Illuminate\\Routing\\Router.php(875): Illuminate\\Routing\\Router::toResponse(Object(Illuminate\\Http\\Request), Object(Illuminate\\View\\View))
#45 C:\\xampp\\htdocs\\apply like facebook\\pos6.12\\vendor\\laravel\\framework\\src\\Illuminate\\Routing\\Router.php(797): Illuminate\\Routing\\Router->prepareResponse(Object(Illuminate\\Http\\Request), Object(Illuminate\\View\\View))
#46 C:\\xampp\\htdocs\\apply like facebook\\pos6.12\\vendor\\laravel\\framework\\src\\Illuminate\\Pipeline\\Pipeline.php(141): Illuminate\\Routing\\Router->Illuminate\\Routing\\{closure}(Object(Illuminate\\Http\\Request))
#47 C:\\xampp\\htdocs\\apply like facebook\\pos6.12\\vendor\\laravel\\framework\\src\\Illuminate\\Auth\\Middleware\\Authorize.php(45): Illuminate\\Pipeline\\Pipeline->Illuminate\\Pipeline\\{closure}(Object(Illuminate\\Http\\Request))
#48 C:\\xampp\\htdocs\\apply like facebook\\pos6.12\\vendor\\laravel\\framework\\src\\Illuminate\\Pipeline\\Pipeline.php(180): Illuminate\\Auth\\Middleware\\Authorize->handle(Object(Illuminate\\Http\\Request), Object(Closure), 'loan_management...')
#49 C:\\xampp\\htdocs\\apply like facebook\\pos6.12\\app\\Http\\Middleware\\CheckUserLogin.php(22): Illuminate\\Pipeline\\Pipeline->Illuminate\\Pipeline\\{closure}(Object(Illuminate\\Http\\Request))
#50 C:\\xampp\\htdocs\\apply like facebook\\pos6.12\\vendor\\laravel\\framework\\src\\Illuminate\\Pipeline\\Pipeline.php(180): App\\Http\\Middleware\\CheckUserLogin->handle(Object(Illuminate\\Http\\Request), Object(Closure))
#51 C:\\xampp\\htdocs\\apply like facebook\\pos6.12\\app\\Http\\Middleware\\AdminSidebarMenu.php(901): Illuminate\\Pipeline\\Pipeline->Illuminate\\Pipeline\\{closure}(Object(Illuminate\\Http\\Request))
#52 C:\\xampp\\htdocs\\apply like facebook\\pos6.12\\vendor\\laravel\\framework\\src\\Illuminate\\Pipeline\\Pipeline.php(180): App\\Http\\Middleware\\AdminSidebarMenu->handle(Object(Illuminate\\Http\\Request), Object(Closure))
#53 C:\\xampp\\htdocs\\apply like facebook\\pos6.12\\app\\Http\\Middleware\\Timezone.php(30): Illuminate\\Pipeline\\Pipeline->Illuminate\\Pipeline\\{closure}(Object(Illuminate\\Http\\Request))
#54 C:\\xampp\\htdocs\\apply like facebook\\pos6.12\\vendor\\laravel\\framework\\src\\Illuminate\\Pipeline\\Pipeline.php(180): App\\Http\\Middleware\\Timezone->handle(Object(Illuminate\\Http\\Request), Object(Closure))
#55 C:\\xampp\\htdocs\\apply like facebook\\pos6.12\\app\\Http\\Middleware\\Language.php(25): Illuminate\\Pipeline\\Pipeline->Illuminate\\Pipeline\\{closure}(Object(Illuminate\\Http\\Request))
#56 C:\\xampp\\htdocs\\apply like facebook\\pos6.12\\vendor\\laravel\\framework\\src\\Illuminate\\Pipeline\\Pipeline.php(180): App\\Http\\Middleware\\Language->handle(Object(Illuminate\\Http\\Request), Object(Closure))
#57 C:\\xampp\\htdocs\\apply like facebook\\pos6.12\\app\\Http\\Middleware\\SetSessionData.php(52): Illuminate\\Pipeline\\Pipeline->Illuminate\\Pipeline\\{closure}(Object(Illuminate\\Http\\Request))
#58 C:\\xampp\\htdocs\\apply like facebook\\pos6.12\\vendor\\laravel\\framework\\src\\Illuminate\\Pipeline\\Pipeline.php(180): App\\Http\\Middleware\\SetSessionData->handle(Object(Illuminate\\Http\\Request), Object(Closure))
#59 C:\\xampp\\htdocs\\apply like facebook\\pos6.12\\vendor\\barryvdh\\laravel-debugbar\\src\\Middleware\\InjectDebugbar.php(59): Illuminate\\Pipeline\\Pipeline->Illuminate\\Pipeline\\{closure}(Object(Illuminate\\Http\\Request))
#60 C:\\xampp\\htdocs\\apply like facebook\\pos6.12\\vendor\\laravel\\framework\\src\\Illuminate\\Pipeline\\Pipeline.php(180): Barryvdh\\Debugbar\\Middleware\\InjectDebugbar->handle(Object(Illuminate\\Http\\Request), Object(Closure))
#61 C:\\xampp\\htdocs\\apply like facebook\\pos6.12\\vendor\\laravel\\framework\\src\\Illuminate\\Routing\\Middleware\\SubstituteBindings.php(50): Illuminate\\Pipeline\\Pipeline->Illuminate\\Pipeline\\{closure}(Object(Illuminate\\Http\\Request))
#62 C:\\xampp\\htdocs\\apply like facebook\\pos6.12\\vendor\\laravel\\framework\\src\\Illuminate\\Pipeline\\Pipeline.php(180): Illuminate\\Routing\\Middleware\\SubstituteBindings->handle(Object(Illuminate\\Http\\Request), Object(Closure))
#63 C:\\xampp\\htdocs\\apply like facebook\\pos6.12\\vendor\\laravel\\framework\\src\\Illuminate\\Auth\\Middleware\\Authenticate.php(44): Illuminate\\Pipeline\\Pipeline->Illuminate\\Pipeline\\{closure}(Object(Illuminate\\Http\\Request))
#64 C:\\xampp\\htdocs\\apply like facebook\\pos6.12\\vendor\\laravel\\framework\\src\\Illuminate\\Pipeline\\Pipeline.php(180): Illuminate\\Auth\\Middleware\\Authenticate->handle(Object(Illuminate\\Http\\Request), Object(Closure))
#65 C:\\xampp\\htdocs\\apply like facebook\\pos6.12\\vendor\\laravel\\framework\\src\\Illuminate\\Foundation\\Http\\Middleware\\VerifyCsrfToken.php(78): Illuminate\\Pipeline\\Pipeline->Illuminate\\Pipeline\\{closure}(Object(Illuminate\\Http\\Request))
#66 C:\\xampp\\htdocs\\apply like facebook\\pos6.12\\vendor\\laravel\\framework\\src\\Illuminate\\Pipeline\\Pipeline.php(180): Illuminate\\Foundation\\Http\\Middleware\\VerifyCsrfToken->handle(Object(Illuminate\\Http\\Request), Object(Closure))
#67 C:\\xampp\\htdocs\\apply like facebook\\pos6.12\\vendor\\laravel\\framework\\src\\Illuminate\\View\\Middleware\\ShareErrorsFromSession.php(49): Illuminate\\Pipeline\\Pipeline->Illuminate\\Pipeline\\{closure}(Object(Illuminate\\Http\\Request))
#68 C:\\xampp\\htdocs\\apply like facebook\\pos6.12\\vendor\\laravel\\framework\\src\\Illuminate\\Pipeline\\Pipeline.php(180): Illuminate\\View\\Middleware\\ShareErrorsFromSession->handle(Object(Illuminate\\Http\\Request), Object(Closure))
#69 C:\\xampp\\htdocs\\apply like facebook\\pos6.12\\vendor\\laravel\\framework\\src\\Illuminate\\Session\\Middleware\\StartSession.php(121): Illuminate\\Pipeline\\Pipeline->Illuminate\\Pipeline\\{closure}(Object(Illuminate\\Http\\Request))
#70 C:\\xampp\\htdocs\\apply like facebook\\pos6.12\\vendor\\laravel\\framework\\src\\Illuminate\\Session\\Middleware\\StartSession.php(64): Illuminate\\Session\\Middleware\\StartSession->handleStatefulRequest(Object(Illuminate\\Http\\Request), Object(Illuminate\\Session\\Store), Object(Closure))
#71 C:\\xampp\\htdocs\\apply like facebook\\pos6.12\\vendor\\laravel\\framework\\src\\Illuminate\\Pipeline\\Pipeline.php(180): Illuminate\\Session\\Middleware\\StartSession->handle(Object(Illuminate\\Http\\Request), Object(Closure))
#72 C:\\xampp\\htdocs\\apply like facebook\\pos6.12\\vendor\\laravel\\framework\\src\\Illuminate\\Cookie\\Middleware\\AddQueuedCookiesToResponse.php(37): Illuminate\\Pipeline\\Pipeline->Illuminate\\Pipeline\\{closure}(Object(Illuminate\\Http\\Request))
#73 C:\\xampp\\htdocs\\apply like facebook\\pos6.12\\vendor\\laravel\\framework\\src\\Illuminate\\Pipeline\\Pipeline.php(180): Illuminate\\Cookie\\Middleware\\AddQueuedCookiesToResponse->handle(Object(Illuminate\\Http\\Request), Object(Closure))
#74 C:\\xampp\\htdocs\\apply like facebook\\pos6.12\\vendor\\laravel\\framework\\src\\Illuminate\\Cookie\\Middleware\\EncryptCookies.php(67): Illuminate\\Pipeline\\Pipeline->Illuminate\\Pipeline\\{closure}(Object(Illuminate\\Http\\Request))
#75 C:\\xampp\\htdocs\\apply like facebook\\pos6.12\\vendor\\laravel\\framework\\src\\Illuminate\\Pipeline\\Pipeline.php(180): Illuminate\\Cookie\\Middleware\\EncryptCookies->handle(Object(Illuminate\\Http\\Request), Object(Closure))
#76 C:\\xampp\\htdocs\\apply like facebook\\pos6.12\\vendor\\laravel\\framework\\src\\Illuminate\\Pipeline\\Pipeline.php(116): Illuminate\\Pipeline\\Pipeline->Illuminate\\Pipeline\\{closure}(Object(Illuminate\\Http\\Request))
#77 C:\\xampp\\htdocs\\apply like facebook\\pos6.12\\vendor\\laravel\\framework\\src\\Illuminate\\Routing\\Router.php(797): Illuminate\\Pipeline\\Pipeline->then(Object(Closure))
#78 C:\\xampp\\htdocs\\apply like facebook\\pos6.12\\vendor\\laravel\\framework\\src\\Illuminate\\Routing\\Router.php(776): Illuminate\\Routing\\Router->runRouteWithinStack(Object(Illuminate\\Routing\\Route), Object(Illuminate\\Http\\Request))
#79 C:\\xampp\\htdocs\\apply like facebook\\pos6.12\\vendor\\laravel\\framework\\src\\Illuminate\\Routing\\Router.php(740): Illuminate\\Routing\\Router->runRoute(Object(Illuminate\\Http\\Request), Object(Illuminate\\Routing\\Route))
#80 C:\\xampp\\htdocs\\apply like facebook\\pos6.12\\vendor\\laravel\\framework\\src\\Illuminate\\Routing\\Router.php(729): Illuminate\\Routing\\Router->dispatchToRoute(Object(Illuminate\\Http\\Request))
#81 C:\\xampp\\htdocs\\apply like facebook\\pos6.12\\vendor\\laravel\\framework\\src\\Illuminate\\Foundation\\Http\\Kernel.php(190): Illuminate\\Routing\\Router->dispatch(Object(Illuminate\\Http\\Request))
#82 C:\\xampp\\htdocs\\apply like facebook\\pos6.12\\vendor\\laravel\\framework\\src\\Illuminate\\Pipeline\\Pipeline.php(141): Illuminate\\Foundation\\Http\\Kernel->Illuminate\\Foundation\\Http\\{closure}(Object(Illuminate\\Http\\Request))
#83 C:\\xampp\\htdocs\\apply like facebook\\pos6.12\\vendor\\barryvdh\\laravel-debugbar\\src\\Middleware\\InjectDebugbar.php(59): Illuminate\\Pipeline\\Pipeline->Illuminate\\Pipeline\\{closure}(Object(Illuminate\\Http\\Request))
#84 C:\\xampp\\htdocs\\apply like facebook\\pos6.12\\vendor\\laravel\\framework\\src\\Illuminate\\Pipeline\\Pipeline.php(180): Barryvdh\\Debugbar\\Middleware\\InjectDebugbar->handle(Object(Illuminate\\Http\\Request), Object(Closure))
#85 C:\\xampp\\htdocs\\apply like facebook\\pos6.12\\vendor\\laravel\\framework\\src\\Illuminate\\Foundation\\Http\\Middleware\\TransformsRequest.php(21): Illuminate\\Pipeline\\Pipeline->Illuminate\\Pipeline\\{closure}(Object(Illuminate\\Http\\Request))
#86 C:\\xampp\\htdocs\\apply like facebook\\pos6.12\\vendor\\laravel\\framework\\src\\Illuminate\\Foundation\\Http\\Middleware\\ConvertEmptyStringsToNull.php(31): Illuminate\\Foundation\\Http\\Middleware\\TransformsRequest->handle(Object(Illuminate\\Http\\Request), Object(Closure))
#87 C:\\xampp\\htdocs\\apply like facebook\\pos6.12\\vendor\\laravel\\framework\\src\\Illuminate\\Pipeline\\Pipeline.php(180): Illuminate\\Foundation\\Http\\Middleware\\ConvertEmptyStringsToNull->handle(Object(Illuminate\\Http\\Request), Object(Closure))
#88 C:\\xampp\\htdocs\\apply like facebook\\pos6.12\\vendor\\laravel\\framework\\src\\Illuminate\\Foundation\\Http\\Middleware\\TransformsRequest.php(21): Illuminate\\Pipeline\\Pipeline->Illuminate\\Pipeline\\{closure}(Object(Illuminate\\Http\\Request))
#89 C:\\xampp\\htdocs\\apply like facebook\\pos6.12\\vendor\\laravel\\framework\\src\\Illuminate\\Foundation\\Http\\Middleware\\TrimStrings.php(40): Illuminate\\Foundation\\Http\\Middleware\\TransformsRequest->handle(Object(Illuminate\\Http\\Request), Object(Closure))
#90 C:\\xampp\\htdocs\\apply like facebook\\pos6.12\\vendor\\laravel\\framework\\src\\Illuminate\\Pipeline\\Pipeline.php(180): Illuminate\\Foundation\\Http\\Middleware\\TrimStrings->handle(Object(Illuminate\\Http\\Request), Object(Closure))
#91 C:\\xampp\\htdocs\\apply like facebook\\pos6.12\\vendor\\laravel\\framework\\src\\Illuminate\\Foundation\\Http\\Middleware\\ValidatePostSize.php(27): Illuminate\\Pipeline\\Pipeline->Illuminate\\Pipeline\\{closure}(Object(Illuminate\\Http\\Request))
#92 C:\\xampp\\htdocs\\apply like facebook\\pos6.12\\vendor\\laravel\\framework\\src\\Illuminate\\Pipeline\\Pipeline.php(180): Illuminate\\Foundation\\Http\\Middleware\\ValidatePostSize->handle(Object(Illuminate\\Http\\Request), Object(Closure))
#93 C:\\xampp\\htdocs\\apply like facebook\\pos6.12\\vendor\\laravel\\framework\\src\\Illuminate\\Foundation\\Http\\Middleware\\PreventRequestsDuringMaintenance.php(86): Illuminate\\Pipeline\\Pipeline->Illuminate\\Pipeline\\{closure}(Object(Illuminate\\Http\\Request))
#94 C:\\xampp\\htdocs\\apply like facebook\\pos6.12\\vendor\\laravel\\framework\\src\\Illuminate\\Pipeline\\Pipeline.php(180): Illuminate\\Foundation\\Http\\Middleware\\PreventRequestsDuringMaintenance->handle(Object(Illuminate\\Http\\Request), Object(Closure))
#95 C:\\xampp\\htdocs\\apply like facebook\\pos6.12\\vendor\\laravel\\framework\\src\\Illuminate\\Http\\Middleware\\HandleCors.php(49): Illuminate\\Pipeline\\Pipeline->Illuminate\\Pipeline\\{closure}(Object(Illuminate\\Http\\Request))
#96 C:\\xampp\\htdocs\\apply like facebook\\pos6.12\\vendor\\laravel\\framework\\src\\Illuminate\\Pipeline\\Pipeline.php(180): Illuminate\\Http\\Middleware\\HandleCors->handle(Object(Illuminate\\Http\\Request), Object(Closure))
#97 C:\\xampp\\htdocs\\apply like facebook\\pos6.12\\vendor\\laravel\\framework\\src\\Illuminate\\Http\\Middleware\\TrustProxies.php(39): Illuminate\\Pipeline\\Pipeline->Illuminate\\Pipeline\\{closure}(Object(Illuminate\\Http\\Request))
#98 C:\\xampp\\htdocs\\apply like facebook\\pos6.12\\vendor\\laravel\\framework\\src\\Illuminate\\Pipeline\\Pipeline.php(180): Illuminate\\Http\\Middleware\\TrustProxies->handle(Object(Illuminate\\Http\\Request), Object(Closure))
#99 C:\\xampp\\htdocs\\apply like facebook\\pos6.12\\vendor\\laravel\\framework\\src\\Illuminate\\Pipeline\\Pipeline.php(116): Illuminate\\Pipeline\\Pipeline->Illuminate\\Pipeline\\{closure}(Object(Illuminate\\Http\\Request))
#100 C:\\xampp\\htdocs\\apply like facebook\\pos6.12\\vendor\\laravel\\framework\\src\\Illuminate\\Foundation\\Http\\Kernel.php(165): Illuminate\\Pipeline\\Pipeline->then(Object(Closure))
#101 C:\\xampp\\htdocs\\apply like facebook\\pos6.12\\vendor\\laravel\\framework\\src\\Illuminate\\Foundation\\Http\\Kernel.php(134): Illuminate\\Foundation\\Http\\Kernel->sendRequestThroughRouter(Object(Illuminate\\Http\\Request))
#102 C:\\xampp\\htdocs\\apply like facebook\\pos6.12\\public\\index.php(56): Illuminate\\Foundation\\Http\\Kernel->handle(Object(Illuminate\\Http\\Request))
#103 C:\\xampp\\htdocs\\apply like facebook\\pos6.12\\vendor\\laravel\\framework\\src\\Illuminate\\Foundation\\resources\\server.php(16): require_once('C:\\\\xampp\\\\htdocs...')
#104 {main}
"} 
[2026-05-24 13:13:25] local.ERROR: Undefined array key "disable_discount" {"userId":1,"exception":"[object] (Spatie\\LaravelIgnition\\Exceptions\\ViewException(code: 0): Undefined array key \"disable_discount\" at C:\\xampp\\htdocs\\apply like facebook\\pos6.12\\resources\\views\\sale_pos\\partials\\keyboard_shortcuts_details.blade.php:49)
[stacktrace]
#0 C:\\xampp\\htdocs\\apply like facebook\\pos6.12\\vendor\\laravel\\framework\\src\\Illuminate\\Foundation\\Bootstrap\\HandleExceptions.php(270): Illuminate\\Foundation\\Bootstrap\\HandleExceptions->handleError(2, 'Undefined array...', 'C:\\\\xampp\\\\htdocs...', 53)
#1 C:\\xampp\\htdocs\\apply like facebook\\pos6.12\\resources\\views\\sale_pos\\partials\\keyboard_shortcuts_details.blade.php(49): Illuminate\\Foundation\\Bootstrap\\HandleExceptions->Illuminate\\Foundation\\Bootstrap\\{closure}(2, 'Undefined array...', 'C:\\\\xampp\\\\htdocs...', 53)
#2 C:\\xampp\\htdocs\\apply like facebook\\pos6.12\\vendor\\laravel\\framework\\src\\Illuminate\\Filesystem\\Filesystem.php(109): require('C:\\\\xampp\\\\htdocs...')
#3 C:\\xampp\\htdocs\\apply like facebook\\pos6.12\\vendor\\laravel\\framework\\src\\Illuminate\\Filesystem\\Filesystem.php(110): Illuminate\\Filesystem\\Filesystem::Illuminate\\Filesystem\\{closure}()
#4 C:\\xampp\\htdocs\\apply like facebook\\pos6.12\\vendor\\laravel\\framework\\src\\Illuminate\\View\\Engines\\PhpEngine.php(58): Illuminate\\Filesystem\\Filesystem->getRequire('C:\\\\xampp\\\\htdocs...', Array)
#5 C:\\xampp\\htdocs\\apply like facebook\\pos6.12\\vendor\\laravel\\framework\\src\\Illuminate\\View\\Engines\\CompilerEngine.php(70): Illuminate\\View\\Engines\\PhpEngine->evaluatePath('C:\\\\xampp\\\\htdocs...', Array)
#6 C:\\xampp\\htdocs\\apply like facebook\\pos6.12\\vendor\\laravel\\framework\\src\\Illuminate\\View\\View.php(195): Illuminate\\View\\Engines\\CompilerEngine->get('C:\\\\xampp\\\\htdocs...', Array)
#7 C:\\xampp\\htdocs\\apply like facebook\\pos6.12\\vendor\\laravel\\framework\\src\\Illuminate\\View\\View.php(178): Illuminate\\View\\View->getContents()
#8 C:\\xampp\\htdocs\\apply like facebook\\pos6.12\\vendor\\laravel\\framework\\src\\Illuminate\\View\\View.php(147): Illuminate\\View\\View->renderContents()
#9 C:\\xampp\\htdocs\\apply like facebook\\pos6.12\\resources\\views\\layouts\\partials\\header-pos.blade.php(73): Illuminate\\View\\View->render()
#10 C:\\xampp\\htdocs\\apply like facebook\\pos6.12\\vendor\\laravel\\framework\\src\\Illuminate\\Filesystem\\Filesystem.php(109): require('C:\\\\xampp\\\\htdocs...')
#11 C:\\xampp\\htdocs\\apply like facebook\\pos6.12\\vendor\\laravel\\framework\\src\\Illuminate\\Filesystem\\Filesystem.php(110): Illuminate\\Filesystem\\Filesystem::Illuminate\\Filesystem\\{closure}()
#12 C:\\xampp\\htdocs\\apply like facebook\\pos6.12\\vendor\\laravel\\framework\\src\\Illuminate\\View\\Engines\\PhpEngine.php(58): Illuminate\\Filesystem\\Filesystem->getRequire('C:\\\\xampp\\\\htdocs...', Array)
#13 C:\\xampp\\htdocs\\apply like facebook\\pos6.12\\vendor\\laravel\\framework\\src\\Illuminate\\View\\Engines\\CompilerEngine.php(70): Illuminate\\View\\Engines\\PhpEngine->evaluatePath('C:\\\\xampp\\\\htdocs...', Array)
#14 C:\\xampp\\htdocs\\apply like facebook\\pos6.12\\vendor\\laravel\\framework\\src\\Illuminate\\View\\View.php(195): Illuminate\\View\\Engines\\CompilerEngine->get('C:\\\\xampp\\\\htdocs...', Array)
#15 C:\\xampp\\htdocs\\apply like facebook\\pos6.12\\vendor\\laravel\\framework\\src\\Illuminate\\View\\View.php(178): Illuminate\\View\\View->getContents()
#16 C:\\xampp\\htdocs\\apply like facebook\\pos6.12\\vendor\\laravel\\framework\\src\\Illuminate\\View\\View.php(147): Illuminate\\View\\View->renderContents()
#17 C:\\xampp\\htdocs\\apply like facebook\\pos6.12\\resources\\views\\layouts\\app.blade.php(80): Illuminate\\View\\View->render()
#18 C:\\xampp\\htdocs\\apply like facebook\\pos6.12\\vendor\\laravel\\framework\\src\\Illuminate\\Filesystem\\Filesystem.php(109): require('C:\\\\xampp\\\\htdocs...')
#19 C:\\xampp\\htdocs\\apply like facebook\\pos6.12\\vendor\\laravel\\framework\\src\\Illuminate\\Filesystem\\Filesystem.php(110): Illuminate\\Filesystem\\Filesystem::Illuminate\\Filesystem\\{closure}()
#20 C:\\xampp\\htdocs\\apply like facebook\\pos6.12\\vendor\\laravel\\framework\\src\\Illuminate\\View\\Engines\\PhpEngine.php(58): Illuminate\\Filesystem\\Filesystem->getRequire('C:\\\\xampp\\\\htdocs...', Array)
#21 C:\\xampp\\htdocs\\apply like facebook\\pos6.12\\vendor\\laravel\\framework\\src\\Illuminate\\View\\Engines\\CompilerEngine.php(70): Illuminate\\View\\Engines\\PhpEngine->evaluatePath('C:\\\\xampp\\\\htdocs...', Array)
#22 C:\\xampp\\htdocs\\apply like facebook\\pos6.12\\vendor\\laravel\\framework\\src\\Illuminate\\View\\View.php(195): Illuminate\\View\\Engines\\CompilerEngine->get('C:\\\\xampp\\\\htdocs...', Array)
#23 C:\\xampp\\htdocs\\apply like facebook\\pos6.12\\vendor\\laravel\\framework\\src\\Illuminate\\View\\View.php(178): Illuminate\\View\\View->getContents()
#24 C:\\xampp\\htdocs\\apply like facebook\\pos6.12\\vendor\\laravel\\framework\\src\\Illuminate\\View\\View.php(147): Illuminate\\View\\View->renderContents()
#25 C:\\xampp\\htdocs\\apply like facebook\\pos6.12\\Modules\\LoanManagement\\Resources\\views\\layouts\\app.blade.php(407): Illuminate\\View\\View->render()
#26 C:\\xampp\\htdocs\\apply like facebook\\pos6.12\\vendor\\laravel\\framework\\src\\Illuminate\\Filesystem\\Filesystem.php(109): require('C:\\\\xampp\\\\htdocs...')
#27 C:\\xampp\\htdocs\\apply like facebook\\pos6.12\\vendor\\laravel\\framework\\src\\Illuminate\\Filesystem\\Filesystem.php(110): Illuminate\\Filesystem\\Filesystem::Illuminate\\Filesystem\\{closure}()
#28 C:\\xampp\\htdocs\\apply like facebook\\pos6.12\\vendor\\laravel\\framework\\src\\Illuminate\\View\\Engines\\PhpEngine.php(58): Illuminate\\Filesystem\\Filesystem->getRequire('C:\\\\xampp\\\\htdocs...', Array)
#29 C:\\xampp\\htdocs\\apply like facebook\\pos6.12\\vendor\\laravel\\framework\\src\\Illuminate\\View\\Engines\\CompilerEngine.php(70): Illuminate\\View\\Engines\\PhpEngine->evaluatePath('C:\\\\xampp\\\\htdocs...', Array)
#30 C:\\xampp\\htdocs\\apply like facebook\\pos6.12\\vendor\\laravel\\framework\\src\\Illuminate\\View\\View.php(195): Illuminate\\View\\Engines\\CompilerEngine->get('C:\\\\xampp\\\\htdocs...', Array)
#31 C:\\xampp\\htdocs\\apply like facebook\\pos6.12\\vendor\\laravel\\framework\\src\\Illuminate\\View\\View.php(178): Illuminate\\View\\View->getContents()
#32 C:\\xampp\\htdocs\\apply like facebook\\pos6.12\\vendor\\laravel\\framework\\src\\Illuminate\\View\\View.php(147): Illuminate\\View\\View->renderContents()
#33 C:\\xampp\\htdocs\\apply like facebook\\pos6.12\\Modules\\LoanManagement\\Resources\\views\\dashboard\\index.blade.php(6): Illuminate\\View\\View->render()
#34 C:\\xampp\\htdocs\\apply like facebook\\pos6.12\\vendor\\laravel\\framework\\src\\Illuminate\\Filesystem\\Filesystem.php(109): require('C:\\\\xampp\\\\htdocs...')
#35 C:\\xampp\\htdocs\\apply like facebook\\pos6.12\\vendor\\laravel\\framework\\src\\Illuminate\\Filesystem\\Filesystem.php(110): Illuminate\\Filesystem\\Filesystem::Illuminate\\Filesystem\\{closure}()
#36 C:\\xampp\\htdocs\\apply like facebook\\pos6.12\\vendor\\laravel\\framework\\src\\Illuminate\\View\\Engines\\PhpEngine.php(58): Illuminate\\Filesystem\\Filesystem->getRequire('C:\\\\xampp\\\\htdocs...', Array)
#37 C:\\xampp\\htdocs\\apply like facebook\\pos6.12\\vendor\\laravel\\framework\\src\\Illuminate\\View\\Engines\\CompilerEngine.php(70): Illuminate\\View\\Engines\\PhpEngine->evaluatePath('C:\\\\xampp\\\\htdocs...', Array)
#38 C:\\xampp\\htdocs\\apply like facebook\\pos6.12\\vendor\\laravel\\framework\\src\\Illuminate\\View\\View.php(195): Illuminate\\View\\Engines\\CompilerEngine->get('C:\\\\xampp\\\\htdocs...', Array)
#39 C:\\xampp\\htdocs\\apply like facebook\\pos6.12\\vendor\\laravel\\framework\\src\\Illuminate\\View\\View.php(178): Illuminate\\View\\View->getContents()
#40 C:\\xampp\\htdocs\\apply like facebook\\pos6.12\\vendor\\laravel\\framework\\src\\Illuminate\\View\\View.php(147): Illuminate\\View\\View->renderContents()
#41 C:\\xampp\\htdocs\\apply like facebook\\pos6.12\\vendor\\laravel\\framework\\src\\Illuminate\\Http\\Response.php(69): Illuminate\\View\\View->render()
#42 C:\\xampp\\htdocs\\apply like facebook\\pos6.12\\vendor\\laravel\\framework\\src\\Illuminate\\Http\\Response.php(35): Illuminate\\Http\\Response->setContent(Object(Illuminate\\View\\View))
#43 C:\\xampp\\htdocs\\apply like facebook\\pos6.12\\vendor\\laravel\\framework\\src\\Illuminate\\Routing\\Router.php(906): Illuminate\\Http\\Response->__construct(Object(Illuminate\\View\\View), 200, Array)
#44 C:\\xampp\\htdocs\\apply like facebook\\pos6.12\\vendor\\laravel\\framework\\src\\Illuminate\\Routing\\Router.php(875): Illuminate\\Routing\\Router::toResponse(Object(Illuminate\\Http\\Request), Object(Illuminate\\View\\View))
#45 C:\\xampp\\htdocs\\apply like facebook\\pos6.12\\vendor\\laravel\\framework\\src\\Illuminate\\Routing\\Router.php(797): Illuminate\\Routing\\Router->prepareResponse(Object(Illuminate\\Http\\Request), Object(Illuminate\\View\\View))
#46 C:\\xampp\\htdocs\\apply like facebook\\pos6.12\\vendor\\laravel\\framework\\src\\Illuminate\\Pipeline\\Pipeline.php(141): Illuminate\\Routing\\Router->Illuminate\\Routing\\{closure}(Object(Illuminate\\Http\\Request))
#47 C:\\xampp\\htdocs\\apply like facebook\\pos6.12\\vendor\\laravel\\framework\\src\\Illuminate\\Auth\\Middleware\\Authorize.php(45): Illuminate\\Pipeline\\Pipeline->Illuminate\\Pipeline\\{closure}(Object(Illuminate\\Http\\Request))
#48 C:\\xampp\\htdocs\\apply like facebook\\pos6.12\\vendor\\laravel\\framework\\src\\Illuminate\\Pipeline\\Pipeline.php(180): Illuminate\\Auth\\Middleware\\Authorize->handle(Object(Illuminate\\Http\\Request), Object(Closure), 'loan_management...')
#49 C:\\xampp\\htdocs\\apply like facebook\\pos6.12\\app\\Http\\Middleware\\CheckUserLogin.php(22): Illuminate\\Pipeline\\Pipeline->Illuminate\\Pipeline\\{closure}(Object(Illuminate\\Http\\Request))
#50 C:\\xampp\\htdocs\\apply like facebook\\pos6.12\\vendor\\laravel\\framework\\src\\Illuminate\\Pipeline\\Pipeline.php(180): App\\Http\\Middleware\\CheckUserLogin->handle(Object(Illuminate\\Http\\Request), Object(Closure))
#51 C:\\xampp\\htdocs\\apply like facebook\\pos6.12\\app\\Http\\Middleware\\AdminSidebarMenu.php(901): Illuminate\\Pipeline\\Pipeline->Illuminate\\Pipeline\\{closure}(Object(Illuminate\\Http\\Request))
#52 C:\\xampp\\htdocs\\apply like facebook\\pos6.12\\vendor\\laravel\\framework\\src\\Illuminate\\Pipeline\\Pipeline.php(180): App\\Http\\Middleware\\AdminSidebarMenu->handle(Object(Illuminate\\Http\\Request), Object(Closure))
#53 C:\\xampp\\htdocs\\apply like facebook\\pos6.12\\app\\Http\\Middleware\\Timezone.php(30): Illuminate\\Pipeline\\Pipeline->Illuminate\\Pipeline\\{closure}(Object(Illuminate\\Http\\Request))
#54 C:\\xampp\\htdocs\\apply like facebook\\pos6.12\\vendor\\laravel\\framework\\src\\Illuminate\\Pipeline\\Pipeline.php(180): App\\Http\\Middleware\\Timezone->handle(Object(Illuminate\\Http\\Request), Object(Closure))
#55 C:\\xampp\\htdocs\\apply like facebook\\pos6.12\\app\\Http\\Middleware\\Language.php(25): Illuminate\\Pipeline\\Pipeline->Illuminate\\Pipeline\\{closure}(Object(Illuminate\\Http\\Request))
#56 C:\\xampp\\htdocs\\apply like facebook\\pos6.12\\vendor\\laravel\\framework\\src\\Illuminate\\Pipeline\\Pipeline.php(180): App\\Http\\Middleware\\Language->handle(Object(Illuminate\\Http\\Request), Object(Closure))
#57 C:\\xampp\\htdocs\\apply like facebook\\pos6.12\\app\\Http\\Middleware\\SetSessionData.php(52): Illuminate\\Pipeline\\Pipeline->Illuminate\\Pipeline\\{closure}(Object(Illuminate\\Http\\Request))
#58 C:\\xampp\\htdocs\\apply like facebook\\pos6.12\\vendor\\laravel\\framework\\src\\Illuminate\\Pipeline\\Pipeline.php(180): App\\Http\\Middleware\\SetSessionData->handle(Object(Illuminate\\Http\\Request), Object(Closure))
#59 C:\\xampp\\htdocs\\apply like facebook\\pos6.12\\vendor\\barryvdh\\laravel-debugbar\\src\\Middleware\\InjectDebugbar.php(59): Illuminate\\Pipeline\\Pipeline->Illuminate\\Pipeline\\{closure}(Object(Illuminate\\Http\\Request))
#60 C:\\xampp\\htdocs\\apply like facebook\\pos6.12\\vendor\\laravel\\framework\\src\\Illuminate\\Pipeline\\Pipeline.php(180): Barryvdh\\Debugbar\\Middleware\\InjectDebugbar->handle(Object(Illuminate\\Http\\Request), Object(Closure))
#61 C:\\xampp\\htdocs\\apply like facebook\\pos6.12\\vendor\\laravel\\framework\\src\\Illuminate\\Routing\\Middleware\\SubstituteBindings.php(50): Illuminate\\Pipeline\\Pipeline->Illuminate\\Pipeline\\{closure}(Object(Illuminate\\Http\\Request))
#62 C:\\xampp\\htdocs\\apply like facebook\\pos6.12\\vendor\\laravel\\framework\\src\\Illuminate\\Pipeline\\Pipeline.php(180): Illuminate\\Routing\\Middleware\\SubstituteBindings->handle(Object(Illuminate\\Http\\Request), Object(Closure))
#63 C:\\xampp\\htdocs\\apply like facebook\\pos6.12\\vendor\\laravel\\framework\\src\\Illuminate\\Auth\\Middleware\\Authenticate.php(44): Illuminate\\Pipeline\\Pipeline->Illuminate\\Pipeline\\{closure}(Object(Illuminate\\Http\\Request))
#64 C:\\xampp\\htdocs\\apply like facebook\\pos6.12\\vendor\\laravel\\framework\\src\\Illuminate\\Pipeline\\Pipeline.php(180): Illuminate\\Auth\\Middleware\\Authenticate->handle(Object(Illuminate\\Http\\Request), Object(Closure))
#65 C:\\xampp\\htdocs\\apply like facebook\\pos6.12\\vendor\\laravel\\framework\\src\\Illuminate\\Foundation\\Http\\Middleware\\VerifyCsrfToken.php(78): Illuminate\\Pipeline\\Pipeline->Illuminate\\Pipeline\\{closure}(Object(Illuminate\\Http\\Request))
#66 C:\\xampp\\htdocs\\apply like facebook\\pos6.12\\vendor\\laravel\\framework\\src\\Illuminate\\Pipeline\\Pipeline.php(180): Illuminate\\Foundation\\Http\\Middleware\\VerifyCsrfToken->handle(Object(Illuminate\\Http\\Request), Object(Closure))
#67 C:\\xampp\\htdocs\\apply like facebook\\pos6.12\\vendor\\laravel\\framework\\src\\Illuminate\\View\\Middleware\\ShareErrorsFromSession.php(49): Illuminate\\Pipeline\\Pipeline->Illuminate\\Pipeline\\{closure}(Object(Illuminate\\Http\\Request))
#68 C:\\xampp\\htdocs\\apply like facebook\\pos6.12\\vendor\\laravel\\framework\\src\\Illuminate\\Pipeline\\Pipeline.php(180): Illuminate\\View\\Middleware\\ShareErrorsFromSession->handle(Object(Illuminate\\Http\\Request), Object(Closure))
#69 C:\\xampp\\htdocs\\apply like facebook\\pos6.12\\vendor\\laravel\\framework\\src\\Illuminate\\Session\\Middleware\\StartSession.php(121): Illuminate\\Pipeline\\Pipeline->Illuminate\\Pipeline\\{closure}(Object(Illuminate\\Http\\Request))
#70 C:\\xampp\\htdocs\\apply like facebook\\pos6.12\\vendor\\laravel\\framework\\src\\Illuminate\\Session\\Middleware\\StartSession.php(64): Illuminate\\Session\\Middleware\\StartSession->handleStatefulRequest(Object(Illuminate\\Http\\Request), Object(Illuminate\\Session\\Store), Object(Closure))
#71 C:\\xampp\\htdocs\\apply like facebook\\pos6.12\\vendor\\laravel\\framework\\src\\Illuminate\\Pipeline\\Pipeline.php(180): Illuminate\\Session\\Middleware\\StartSession->handle(Object(Illuminate\\Http\\Request), Object(Closure))
#72 C:\\xampp\\htdocs\\apply like facebook\\pos6.12\\vendor\\laravel\\framework\\src\\Illuminate\\Cookie\\Middleware\\AddQueuedCookiesToResponse.php(37): Illuminate\\Pipeline\\Pipeline->Illuminate\\Pipeline\\{closure}(Object(Illuminate\\Http\\Request))
#73 C:\\xampp\\htdocs\\apply like facebook\\pos6.12\\vendor\\laravel\\framework\\src\\Illuminate\\Pipeline\\Pipeline.php(180): Illuminate\\Cookie\\Middleware\\AddQueuedCookiesToResponse->handle(Object(Illuminate\\Http\\Request), Object(Closure))
#74 C:\\xampp\\htdocs\\apply like facebook\\pos6.12\\vendor\\laravel\\framework\\src\\Illuminate\\Cookie\\Middleware\\EncryptCookies.php(67): Illuminate\\Pipeline\\Pipeline->Illuminate\\Pipeline\\{closure}(Object(Illuminate\\Http\\Request))
#75 C:\\xampp\\htdocs\\apply like facebook\\pos6.12\\vendor\\laravel\\framework\\src\\Illuminate\\Pipeline\\Pipeline.php(180): Illuminate\\Cookie\\Middleware\\EncryptCookies->handle(Object(Illuminate\\Http\\Request), Object(Closure))
#76 C:\\xampp\\htdocs\\apply like facebook\\pos6.12\\vendor\\laravel\\framework\\src\\Illuminate\\Pipeline\\Pipeline.php(116): Illuminate\\Pipeline\\Pipeline->Illuminate\\Pipeline\\{closure}(Object(Illuminate\\Http\\Request))
#77 C:\\xampp\\htdocs\\apply like facebook\\pos6.12\\vendor\\laravel\\framework\\src\\Illuminate\\Routing\\Router.php(797): Illuminate\\Pipeline\\Pipeline->then(Object(Closure))
#78 C:\\xampp\\htdocs\\apply like facebook\\pos6.12\\vendor\\laravel\\framework\\src\\Illuminate\\Routing\\Router.php(776): Illuminate\\Routing\\Router->runRouteWithinStack(Object(Illuminate\\Routing\\Route), Object(Illuminate\\Http\\Request))
#79 C:\\xampp\\htdocs\\apply like facebook\\pos6.12\\vendor\\laravel\\framework\\src\\Illuminate\\Routing\\Router.php(740): Illuminate\\Routing\\Router->runRoute(Object(Illuminate\\Http\\Request), Object(Illuminate\\Routing\\Route))
#80 C:\\xampp\\htdocs\\apply like facebook\\pos6.12\\vendor\\laravel\\framework\\src\\Illuminate\\Routing\\Router.php(729): Illuminate\\Routing\\Router->dispatchToRoute(Object(Illuminate\\Http\\Request))
#81 C:\\xampp\\htdocs\\apply like facebook\\pos6.12\\vendor\\laravel\\framework\\src\\Illuminate\\Foundation\\Http\\Kernel.php(190): Illuminate\\Routing\\Router->dispatch(Object(Illuminate\\Http\\Request))
#82 C:\\xampp\\htdocs\\apply like facebook\\pos6.12\\vendor\\laravel\\framework\\src\\Illuminate\\Pipeline\\Pipeline.php(141): Illuminate\\Foundation\\Http\\Kernel->Illuminate\\Foundation\\Http\\{closure}(Object(Illuminate\\Http\\Request))
#83 C:\\xampp\\htdocs\\apply like facebook\\pos6.12\\vendor\\barryvdh\\laravel-debugbar\\src\\Middleware\\InjectDebugbar.php(59): Illuminate\\Pipeline\\Pipeline->Illuminate\\Pipeline\\{closure}(Object(Illuminate\\Http\\Request))
#84 C:\\xampp\\htdocs\\apply like facebook\\pos6.12\\vendor\\laravel\\framework\\src\\Illuminate\\Pipeline\\Pipeline.php(180): Barryvdh\\Debugbar\\Middleware\\InjectDebugbar->handle(Object(Illuminate\\Http\\Request), Object(Closure))
#85 C:\\xampp\\htdocs\\apply like facebook\\pos6.12\\vendor\\laravel\\framework\\src\\Illuminate\\Foundation\\Http\\Middleware\\TransformsRequest.php(21): Illuminate\\Pipeline\\Pipeline->Illuminate\\Pipeline\\{closure}(Object(Illuminate\\Http\\Request))
#86 C:\\xampp\\htdocs\\apply like facebook\\pos6.12\\vendor\\laravel\\framework\\src\\Illuminate\\Foundation\\Http\\Middleware\\ConvertEmptyStringsToNull.php(31): Illuminate\\Foundation\\Http\\Middleware\\TransformsRequest->handle(Object(Illuminate\\Http\\Request), Object(Closure))
#87 C:\\xampp\\htdocs\\apply like facebook\\pos6.12\\vendor\\laravel\\framework\\src\\Illuminate\\Pipeline\\Pipeline.php(180): Illuminate\\Foundation\\Http\\Middleware\\ConvertEmptyStringsToNull->handle(Object(Illuminate\\Http\\Request), Object(Closure))
#88 C:\\xampp\\htdocs\\apply like facebook\\pos6.12\\vendor\\laravel\\framework\\src\\Illuminate\\Foundation\\Http\\Middleware\\TransformsRequest.php(21): Illuminate\\Pipeline\\Pipeline->Illuminate\\Pipeline\\{closure}(Object(Illuminate\\Http\\Request))
#89 C:\\xampp\\htdocs\\apply like facebook\\pos6.12\\vendor\\laravel\\framework\\src\\Illuminate\\Foundation\\Http\\Middleware\\TrimStrings.php(40): Illuminate\\Foundation\\Http\\Middleware\\TransformsRequest->handle(Object(Illuminate\\Http\\Request), Object(Closure))
#90 C:\\xampp\\htdocs\\apply like facebook\\pos6.12\\vendor\\laravel\\framework\\src\\Illuminate\\Pipeline\\Pipeline.php(180): Illuminate\\Foundation\\Http\\Middleware\\TrimStrings->handle(Object(Illuminate\\Http\\Request), Object(Closure))
#91 C:\\xampp\\htdocs\\apply like facebook\\pos6.12\\vendor\\laravel\\framework\\src\\Illuminate\\Foundation\\Http\\Middleware\\ValidatePostSize.php(27): Illuminate\\Pipeline\\Pipeline->Illuminate\\Pipeline\\{closure}(Object(Illuminate\\Http\\Request))
#92 C:\\xampp\\htdocs\\apply like facebook\\pos6.12\\vendor\\laravel\\framework\\src\\Illuminate\\Pipeline\\Pipeline.php(180): Illuminate\\Foundation\\Http\\Middleware\\ValidatePostSize->handle(Object(Illuminate\\Http\\Request), Object(Closure))
#93 C:\\xampp\\htdocs\\apply like facebook\\pos6.12\\vendor\\laravel\\framework\\src\\Illuminate\\Foundation\\Http\\Middleware\\PreventRequestsDuringMaintenance.php(86): Illuminate\\Pipeline\\Pipeline->Illuminate\\Pipeline\\{closure}(Object(Illuminate\\Http\\Request))
#94 C:\\xampp\\htdocs\\apply like facebook\\pos6.12\\vendor\\laravel\\framework\\src\\Illuminate\\Pipeline\\Pipeline.php(180): Illuminate\\Foundation\\Http\\Middleware\\PreventRequestsDuringMaintenance->handle(Object(Illuminate\\Http\\Request), Object(Closure))
#95 C:\\xampp\\htdocs\\apply like facebook\\pos6.12\\vendor\\laravel\\framework\\src\\Illuminate\\Http\\Middleware\\HandleCors.php(49): Illuminate\\Pipeline\\Pipeline->Illuminate\\Pipeline\\{closure}(Object(Illuminate\\Http\\Request))
#96 C:\\xampp\\htdocs\\apply like facebook\\pos6.12\\vendor\\laravel\\framework\\src\\Illuminate\\Pipeline\\Pipeline.php(180): Illuminate\\Http\\Middleware\\HandleCors->handle(Object(Illuminate\\Http\\Request), Object(Closure))
#97 C:\\xampp\\htdocs\\apply like facebook\\pos6.12\\vendor\\laravel\\framework\\src\\Illuminate\\Http\\Middleware\\TrustProxies.php(39): Illuminate\\Pipeline\\Pipeline->Illuminate\\Pipeline\\{closure}(Object(Illuminate\\Http\\Request))
#98 C:\\xampp\\htdocs\\apply like facebook\\pos6.12\\vendor\\laravel\\framework\\src\\Illuminate\\Pipeline\\Pipeline.php(180): Illuminate\\Http\\Middleware\\TrustProxies->handle(Object(Illuminate\\Http\\Request), Object(Closure))
#99 C:\\xampp\\htdocs\\apply like facebook\\pos6.12\\vendor\\laravel\\framework\\src\\Illuminate\\Pipeline\\Pipeline.php(116): Illuminate\\Pipeline\\Pipeline->Illuminate\\Pipeline\\{closure}(Object(Illuminate\\Http\\Request))
#100 C:\\xampp\\htdocs\\apply like facebook\\pos6.12\\vendor\\laravel\\framework\\src\\Illuminate\\Foundation\\Http\\Kernel.php(165): Illuminate\\Pipeline\\Pipeline->then(Object(Closure))
#101 C:\\xampp\\htdocs\\apply like facebook\\pos6.12\\vendor\\laravel\\framework\\src\\Illuminate\\Foundation\\Http\\Kernel.php(134): Illuminate\\Foundation\\Http\\Kernel->sendRequestThroughRouter(Object(Illuminate\\Http\\Request))
#102 C:\\xampp\\htdocs\\apply like facebook\\pos6.12\\public\\index.php(56): Illuminate\\Foundation\\Http\\Kernel->handle(Object(Illuminate\\Http\\Request))
#103 C:\\xampp\\htdocs\\apply like facebook\\pos6.12\\vendor\\laravel\\framework\\src\\Illuminate\\Foundation\\resources\\server.php(16): require_once('C:\\\\xampp\\\\htdocs...')
#104 {main}

[previous exception] [object] (ErrorException(code: 0): Undefined array key \"disable_discount\" at C:\\xampp\\htdocs\\apply like facebook\\pos6.12\\storage\\framework\\views\\644b9b2fda36867db80d26d066cc580782162651.php:53)
[stacktrace]
#0 C:\\xampp\\htdocs\\apply like facebook\\pos6.12\\vendor\\laravel\\framework\\src\\Illuminate\\Foundation\\Bootstrap\\HandleExceptions.php(270): Illuminate\\Foundation\\Bootstrap\\HandleExceptions->handleError(2, 'Undefined array...', 'C:\\\\xampp\\\\htdocs...', 53)
#1 C:\\xampp\\htdocs\\apply like facebook\\pos6.12\\storage\\framework\\views\\644b9b2fda36867db80d26d066cc580782162651.php(53): Illuminate\\Foundation\\Bootstrap\\HandleExceptions->Illuminate\\Foundation\\Bootstrap\\{closure}(2, 'Undefined array...', 'C:\\\\xampp\\\\htdocs...', 53)
#2 C:\\xampp\\htdocs\\apply like facebook\\pos6.12\\vendor\\laravel\\framework\\src\\Illuminate\\Filesystem\\Filesystem.php(109): require('C:\\\\xampp\\\\htdocs...')
#3 C:\\xampp\\htdocs\\apply like facebook\\pos6.12\\vendor\\laravel\\framework\\src\\Illuminate\\Filesystem\\Filesystem.php(110): Illuminate\\Filesystem\\Filesystem::Illuminate\\Filesystem\\{closure}()
#4 C:\\xampp\\htdocs\\apply like facebook\\pos6.12\\vendor\\laravel\\framework\\src\\Illuminate\\View\\Engines\\PhpEngine.php(58): Illuminate\\Filesystem\\Filesystem->getRequire('C:\\\\xampp\\\\htdocs...', Array)
#5 C:\\xampp\\htdocs\\apply like facebook\\pos6.12\\vendor\\laravel\\framework\\src\\Illuminate\\View\\Engines\\CompilerEngine.php(70): Illuminate\\View\\Engines\\PhpEngine->evaluatePath('C:\\\\xampp\\\\htdocs...', Array)
#6 C:\\xampp\\htdocs\\apply like facebook\\pos6.12\\vendor\\laravel\\framework\\src\\Illuminate\\View\\View.php(195): Illuminate\\View\\Engines\\CompilerEngine->get('C:\\\\xampp\\\\htdocs...', Array)
#7 C:\\xampp\\htdocs\\apply like facebook\\pos6.12\\vendor\\laravel\\framework\\src\\Illuminate\\View\\View.php(178): Illuminate\\View\\View->getContents()
#8 C:\\xampp\\htdocs\\apply like facebook\\pos6.12\\vendor\\laravel\\framework\\src\\Illuminate\\View\\View.php(147): Illuminate\\View\\View->renderContents()
#9 C:\\xampp\\htdocs\\apply like facebook\\pos6.12\\storage\\framework\\views\\242977bc338f2cef39795aa4e8eed0394c090d0b.php(76): Illuminate\\View\\View->render()
#10 C:\\xampp\\htdocs\\apply like facebook\\pos6.12\\vendor\\laravel\\framework\\src\\Illuminate\\Filesystem\\Filesystem.php(109): require('C:\\\\xampp\\\\htdocs...')
#11 C:\\xampp\\htdocs\\apply like facebook\\pos6.12\\vendor\\laravel\\framework\\src\\Illuminate\\Filesystem\\Filesystem.php(110): Illuminate\\Filesystem\\Filesystem::Illuminate\\Filesystem\\{closure}()
#12 C:\\xampp\\htdocs\\apply like facebook\\pos6.12\\vendor\\laravel\\framework\\src\\Illuminate\\View\\Engines\\PhpEngine.php(58): Illuminate\\Filesystem\\Filesystem->getRequire('C:\\\\xampp\\\\htdocs...', Array)
#13 C:\\xampp\\htdocs\\apply like facebook\\pos6.12\\vendor\\laravel\\framework\\src\\Illuminate\\View\\Engines\\CompilerEngine.php(70): Illuminate\\View\\Engines\\PhpEngine->evaluatePath('C:\\\\xampp\\\\htdocs...', Array)
#14 C:\\xampp\\htdocs\\apply like facebook\\pos6.12\\vendor\\laravel\\framework\\src\\Illuminate\\View\\View.php(195): Illuminate\\View\\Engines\\CompilerEngine->get('C:\\\\xampp\\\\htdocs...', Array)
#15 C:\\xampp\\htdocs\\apply like facebook\\pos6.12\\vendor\\laravel\\framework\\src\\Illuminate\\View\\View.php(178): Illuminate\\View\\View->getContents()
#16 C:\\xampp\\htdocs\\apply like facebook\\pos6.12\\vendor\\laravel\\framework\\src\\Illuminate\\View\\View.php(147): Illuminate\\View\\View->renderContents()
#17 C:\\xampp\\htdocs\\apply like facebook\\pos6.12\\storage\\framework\\views\\f136a7c06a43050aed77506dd2490c7a23d3736a.php(80): Illuminate\\View\\View->render()
#18 C:\\xampp\\htdocs\\apply like facebook\\pos6.12\\vendor\\laravel\\framework\\src\\Illuminate\\Filesystem\\Filesystem.php(109): require('C:\\\\xampp\\\\htdocs...')
#19 C:\\xampp\\htdocs\\apply like facebook\\pos6.12\\vendor\\laravel\\framework\\src\\Illuminate\\Filesystem\\Filesystem.php(110): Illuminate\\Filesystem\\Filesystem::Illuminate\\Filesystem\\{closure}()
#20 C:\\xampp\\htdocs\\apply like facebook\\pos6.12\\vendor\\laravel\\framework\\src\\Illuminate\\View\\Engines\\PhpEngine.php(58): Illuminate\\Filesystem\\Filesystem->getRequire('C:\\\\xampp\\\\htdocs...', Array)
#21 C:\\xampp\\htdocs\\apply like facebook\\pos6.12\\vendor\\laravel\\framework\\src\\Illuminate\\View\\Engines\\CompilerEngine.php(70): Illuminate\\View\\Engines\\PhpEngine->evaluatePath('C:\\\\xampp\\\\htdocs...', Array)
#22 C:\\xampp\\htdocs\\apply like facebook\\pos6.12\\vendor\\laravel\\framework\\src\\Illuminate\\View\\View.php(195): Illuminate\\View\\Engines\\CompilerEngine->get('C:\\\\xampp\\\\htdocs...', Array)
#23 C:\\xampp\\htdocs\\apply like facebook\\pos6.12\\vendor\\laravel\\framework\\src\\Illuminate\\View\\View.php(178): Illuminate\\View\\View->getContents()
#24 C:\\xampp\\htdocs\\apply like facebook\\pos6.12\\vendor\\laravel\\framework\\src\\Illuminate\\View\\View.php(147): Illuminate\\View\\View->renderContents()
#25 C:\\xampp\\htdocs\\apply like facebook\\pos6.12\\storage\\framework\\views\\9f34b93f4a1df2e5ed980d612969330def9d66cd.php(408): Illuminate\\View\\View->render()
#26 C:\\xampp\\htdocs\\apply like facebook\\pos6.12\\vendor\\laravel\\framework\\src\\Illuminate\\Filesystem\\Filesystem.php(109): require('C:\\\\xampp\\\\htdocs...')
#27 C:\\xampp\\htdocs\\apply like facebook\\pos6.12\\vendor\\laravel\\framework\\src\\Illuminate\\Filesystem\\Filesystem.php(110): Illuminate\\Filesystem\\Filesystem::Illuminate\\Filesystem\\{closure}()
#28 C:\\xampp\\htdocs\\apply like facebook\\pos6.12\\vendor\\laravel\\framework\\src\\Illuminate\\View\\Engines\\PhpEngine.php(58): Illuminate\\Filesystem\\Filesystem->getRequire('C:\\\\xampp\\\\htdocs...', Array)
#29 C:\\xampp\\htdocs\\apply like facebook\\pos6.12\\vendor\\laravel\\framework\\src\\Illuminate\\View\\Engines\\CompilerEngine.php(70): Illuminate\\View\\Engines\\PhpEngine->evaluatePath('C:\\\\xampp\\\\htdocs...', Array)
#30 C:\\xampp\\htdocs\\apply like facebook\\pos6.12\\vendor\\laravel\\framework\\src\\Illuminate\\View\\View.php(195): Illuminate\\View\\Engines\\CompilerEngine->get('C:\\\\xampp\\\\htdocs...', Array)
#31 C:\\xampp\\htdocs\\apply like facebook\\pos6.12\\vendor\\laravel\\framework\\src\\Illuminate\\View\\View.php(178): Illuminate\\View\\View->getContents()
#32 C:\\xampp\\htdocs\\apply like facebook\\pos6.12\\vendor\\laravel\\framework\\src\\Illuminate\\View\\View.php(147): Illuminate\\View\\View->renderContents()
#33 C:\\xampp\\htdocs\\apply like facebook\\pos6.12\\storage\\framework\\views\\06c133c35b9314a11881c0d070ac10d07039878c.php(7): Illuminate\\View\\View->render()
#34 C:\\xampp\\htdocs\\apply like facebook\\pos6.12\\vendor\\laravel\\framework\\src\\Illuminate\\Filesystem\\Filesystem.php(109): require('C:\\\\xampp\\\\htdocs...')
#35 C:\\xampp\\htdocs\\apply like facebook\\pos6.12\\vendor\\laravel\\framework\\src\\Illuminate\\Filesystem\\Filesystem.php(110): Illuminate\\Filesystem\\Filesystem::Illuminate\\Filesystem\\{closure}()
#36 C:\\xampp\\htdocs\\apply like facebook\\pos6.12\\vendor\\laravel\\framework\\src\\Illuminate\\View\\Engines\\PhpEngine.php(58): Illuminate\\Filesystem\\Filesystem->getRequire('C:\\\\xampp\\\\htdocs...', Array)
#37 C:\\xampp\\htdocs\\apply like facebook\\pos6.12\\vendor\\laravel\\framework\\src\\Illuminate\\View\\Engines\\CompilerEngine.php(70): Illuminate\\View\\Engines\\PhpEngine->evaluatePath('C:\\\\xampp\\\\htdocs...', Array)
#38 C:\\xampp\\htdocs\\apply like facebook\\pos6.12\\vendor\\laravel\\framework\\src\\Illuminate\\View\\View.php(195): Illuminate\\View\\Engines\\CompilerEngine->get('C:\\\\xampp\\\\htdocs...', Array)
#39 C:\\xampp\\htdocs\\apply like facebook\\pos6.12\\vendor\\laravel\\framework\\src\\Illuminate\\View\\View.php(178): Illuminate\\View\\View->getContents()
#40 C:\\xampp\\htdocs\\apply like facebook\\pos6.12\\vendor\\laravel\\framework\\src\\Illuminate\\View\\View.php(147): Illuminate\\View\\View->renderContents()
#41 C:\\xampp\\htdocs\\apply like facebook\\pos6.12\\vendor\\laravel\\framework\\src\\Illuminate\\Http\\Response.php(69): Illuminate\\View\\View->render()
#42 C:\\xampp\\htdocs\\apply like facebook\\pos6.12\\vendor\\laravel\\framework\\src\\Illuminate\\Http\\Response.php(35): Illuminate\\Http\\Response->setContent(Object(Illuminate\\View\\View))
#43 C:\\xampp\\htdocs\\apply like facebook\\pos6.12\\vendor\\laravel\\framework\\src\\Illuminate\\Routing\\Router.php(906): Illuminate\\Http\\Response->__construct(Object(Illuminate\\View\\View), 200, Array)
#44 C:\\xampp\\htdocs\\apply like facebook\\pos6.12\\vendor\\laravel\\framework\\src\\Illuminate\\Routing\\Router.php(875): Illuminate\\Routing\\Router::toResponse(Object(Illuminate\\Http\\Request), Object(Illuminate\\View\\View))
#45 C:\\xampp\\htdocs\\apply like facebook\\pos6.12\\vendor\\laravel\\framework\\src\\Illuminate\\Routing\\Router.php(797): Illuminate\\Routing\\Router->prepareResponse(Object(Illuminate\\Http\\Request), Object(Illuminate\\View\\View))
#46 C:\\xampp\\htdocs\\apply like facebook\\pos6.12\\vendor\\laravel\\framework\\src\\Illuminate\\Pipeline\\Pipeline.php(141): Illuminate\\Routing\\Router->Illuminate\\Routing\\{closure}(Object(Illuminate\\Http\\Request))
#47 C:\\xampp\\htdocs\\apply like facebook\\pos6.12\\vendor\\laravel\\framework\\src\\Illuminate\\Auth\\Middleware\\Authorize.php(45): Illuminate\\Pipeline\\Pipeline->Illuminate\\Pipeline\\{closure}(Object(Illuminate\\Http\\Request))
#48 C:\\xampp\\htdocs\\apply like facebook\\pos6.12\\vendor\\laravel\\framework\\src\\Illuminate\\Pipeline\\Pipeline.php(180): Illuminate\\Auth\\Middleware\\Authorize->handle(Object(Illuminate\\Http\\Request), Object(Closure), 'loan_management...')
#49 C:\\xampp\\htdocs\\apply like facebook\\pos6.12\\app\\Http\\Middleware\\CheckUserLogin.php(22): Illuminate\\Pipeline\\Pipeline->Illuminate\\Pipeline\\{closure}(Object(Illuminate\\Http\\Request))
#50 C:\\xampp\\htdocs\\apply like facebook\\pos6.12\\vendor\\laravel\\framework\\src\\Illuminate\\Pipeline\\Pipeline.php(180): App\\Http\\Middleware\\CheckUserLogin->handle(Object(Illuminate\\Http\\Request), Object(Closure))
#51 C:\\xampp\\htdocs\\apply like facebook\\pos6.12\\app\\Http\\Middleware\\AdminSidebarMenu.php(901): Illuminate\\Pipeline\\Pipeline->Illuminate\\Pipeline\\{closure}(Object(Illuminate\\Http\\Request))
#52 C:\\xampp\\htdocs\\apply like facebook\\pos6.12\\vendor\\laravel\\framework\\src\\Illuminate\\Pipeline\\Pipeline.php(180): App\\Http\\Middleware\\AdminSidebarMenu->handle(Object(Illuminate\\Http\\Request), Object(Closure))
#53 C:\\xampp\\htdocs\\apply like facebook\\pos6.12\\app\\Http\\Middleware\\Timezone.php(30): Illuminate\\Pipeline\\Pipeline->Illuminate\\Pipeline\\{closure}(Object(Illuminate\\Http\\Request))
#54 C:\\xampp\\htdocs\\apply like facebook\\pos6.12\\vendor\\laravel\\framework\\src\\Illuminate\\Pipeline\\Pipeline.php(180): App\\Http\\Middleware\\Timezone->handle(Object(Illuminate\\Http\\Request), Object(Closure))
#55 C:\\xampp\\htdocs\\apply like facebook\\pos6.12\\app\\Http\\Middleware\\Language.php(25): Illuminate\\Pipeline\\Pipeline->Illuminate\\Pipeline\\{closure}(Object(Illuminate\\Http\\Request))
#56 C:\\xampp\\htdocs\\apply like facebook\\pos6.12\\vendor\\laravel\\framework\\src\\Illuminate\\Pipeline\\Pipeline.php(180): App\\Http\\Middleware\\Language->handle(Object(Illuminate\\Http\\Request), Object(Closure))
#57 C:\\xampp\\htdocs\\apply like facebook\\pos6.12\\app\\Http\\Middleware\\SetSessionData.php(52): Illuminate\\Pipeline\\Pipeline->Illuminate\\Pipeline\\{closure}(Object(Illuminate\\Http\\Request))
#58 C:\\xampp\\htdocs\\apply like facebook\\pos6.12\\vendor\\laravel\\framework\\src\\Illuminate\\Pipeline\\Pipeline.php(180): App\\Http\\Middleware\\SetSessionData->handle(Object(Illuminate\\Http\\Request), Object(Closure))
#59 C:\\xampp\\htdocs\\apply like facebook\\pos6.12\\vendor\\barryvdh\\laravel-debugbar\\src\\Middleware\\InjectDebugbar.php(59): Illuminate\\Pipeline\\Pipeline->Illuminate\\Pipeline\\{closure}(Object(Illuminate\\Http\\Request))
#60 C:\\xampp\\htdocs\\apply like facebook\\pos6.12\\vendor\\laravel\\framework\\src\\Illuminate\\Pipeline\\Pipeline.php(180): Barryvdh\\Debugbar\\Middleware\\InjectDebugbar->handle(Object(Illuminate\\Http\\Request), Object(Closure))
#61 C:\\xampp\\htdocs\\apply like facebook\\pos6.12\\vendor\\laravel\\framework\\src\\Illuminate\\Routing\\Middleware\\SubstituteBindings.php(50): Illuminate\\Pipeline\\Pipeline->Illuminate\\Pipeline\\{closure}(Object(Illuminate\\Http\\Request))
#62 C:\\xampp\\htdocs\\apply like facebook\\pos6.12\\vendor\\laravel\\framework\\src\\Illuminate\\Pipeline\\Pipeline.php(180): Illuminate\\Routing\\Middleware\\SubstituteBindings->handle(Object(Illuminate\\Http\\Request), Object(Closure))
#63 C:\\xampp\\htdocs\\apply like facebook\\pos6.12\\vendor\\laravel\\framework\\src\\Illuminate\\Auth\\Middleware\\Authenticate.php(44): Illuminate\\Pipeline\\Pipeline->Illuminate\\Pipeline\\{closure}(Object(Illuminate\\Http\\Request))
#64 C:\\xampp\\htdocs\\apply like facebook\\pos6.12\\vendor\\laravel\\framework\\src\\Illuminate\\Pipeline\\Pipeline.php(180): Illuminate\\Auth\\Middleware\\Authenticate->handle(Object(Illuminate\\Http\\Request), Object(Closure))
#65 C:\\xampp\\htdocs\\apply like facebook\\pos6.12\\vendor\\laravel\\framework\\src\\Illuminate\\Foundation\\Http\\Middleware\\VerifyCsrfToken.php(78): Illuminate\\Pipeline\\Pipeline->Illuminate\\Pipeline\\{closure}(Object(Illuminate\\Http\\Request))
#66 C:\\xampp\\htdocs\\apply like facebook\\pos6.12\\vendor\\laravel\\framework\\src\\Illuminate\\Pipeline\\Pipeline.php(180): Illuminate\\Foundation\\Http\\Middleware\\VerifyCsrfToken->handle(Object(Illuminate\\Http\\Request), Object(Closure))
#67 C:\\xampp\\htdocs\\apply like facebook\\pos6.12\\vendor\\laravel\\framework\\src\\Illuminate\\View\\Middleware\\ShareErrorsFromSession.php(49): Illuminate\\Pipeline\\Pipeline->Illuminate\\Pipeline\\{closure}(Object(Illuminate\\Http\\Request))
#68 C:\\xampp\\htdocs\\apply like facebook\\pos6.12\\vendor\\laravel\\framework\\src\\Illuminate\\Pipeline\\Pipeline.php(180): Illuminate\\View\\Middleware\\ShareErrorsFromSession->handle(Object(Illuminate\\Http\\Request), Object(Closure))
#69 C:\\xampp\\htdocs\\apply like facebook\\pos6.12\\vendor\\laravel\\framework\\src\\Illuminate\\Session\\Middleware\\StartSession.php(121): Illuminate\\Pipeline\\Pipeline->Illuminate\\Pipeline\\{closure}(Object(Illuminate\\Http\\Request))
#70 C:\\xampp\\htdocs\\apply like facebook\\pos6.12\\vendor\\laravel\\framework\\src\\Illuminate\\Session\\Middleware\\StartSession.php(64): Illuminate\\Session\\Middleware\\StartSession->handleStatefulRequest(Object(Illuminate\\Http\\Request), Object(Illuminate\\Session\\Store), Object(Closure))
#71 C:\\xampp\\htdocs\\apply like facebook\\pos6.12\\vendor\\laravel\\framework\\src\\Illuminate\\Pipeline\\Pipeline.php(180): Illuminate\\Session\\Middleware\\StartSession->handle(Object(Illuminate\\Http\\Request), Object(Closure))
#72 C:\\xampp\\htdocs\\apply like facebook\\pos6.12\\vendor\\laravel\\framework\\src\\Illuminate\\Cookie\\Middleware\\AddQueuedCookiesToResponse.php(37): Illuminate\\Pipeline\\Pipeline->Illuminate\\Pipeline\\{closure}(Object(Illuminate\\Http\\Request))
#73 C:\\xampp\\htdocs\\apply like facebook\\pos6.12\\vendor\\laravel\\framework\\src\\Illuminate\\Pipeline\\Pipeline.php(180): Illuminate\\Cookie\\Middleware\\AddQueuedCookiesToResponse->handle(Object(Illuminate\\Http\\Request), Object(Closure))
#74 C:\\xampp\\htdocs\\apply like facebook\\pos6.12\\vendor\\laravel\\framework\\src\\Illuminate\\Cookie\\Middleware\\EncryptCookies.php(67): Illuminate\\Pipeline\\Pipeline->Illuminate\\Pipeline\\{closure}(Object(Illuminate\\Http\\Request))
#75 C:\\xampp\\htdocs\\apply like facebook\\pos6.12\\vendor\\laravel\\framework\\src\\Illuminate\\Pipeline\\Pipeline.php(180): Illuminate\\Cookie\\Middleware\\EncryptCookies->handle(Object(Illuminate\\Http\\Request), Object(Closure))
#76 C:\\xampp\\htdocs\\apply like facebook\\pos6.12\\vendor\\laravel\\framework\\src\\Illuminate\\Pipeline\\Pipeline.php(116): Illuminate\\Pipeline\\Pipeline->Illuminate\\Pipeline\\{closure}(Object(Illuminate\\Http\\Request))
#77 C:\\xampp\\htdocs\\apply like facebook\\pos6.12\\vendor\\laravel\\framework\\src\\Illuminate\\Routing\\Router.php(797): Illuminate\\Pipeline\\Pipeline->then(Object(Closure))
#78 C:\\xampp\\htdocs\\apply like facebook\\pos6.12\\vendor\\laravel\\framework\\src\\Illuminate\\Routing\\Router.php(776): Illuminate\\Routing\\Router->runRouteWithinStack(Object(Illuminate\\Routing\\Route), Object(Illuminate\\Http\\Request))
#79 C:\\xampp\\htdocs\\apply like facebook\\pos6.12\\vendor\\laravel\\framework\\src\\Illuminate\\Routing\\Router.php(740): Illuminate\\Routing\\Router->runRoute(Object(Illuminate\\Http\\Request), Object(Illuminate\\Routing\\Route))
#80 C:\\xampp\\htdocs\\apply like facebook\\pos6.12\\vendor\\laravel\\framework\\src\\Illuminate\\Routing\\Router.php(729): Illuminate\\Routing\\Router->dispatchToRoute(Object(Illuminate\\Http\\Request))
#81 C:\\xampp\\htdocs\\apply like facebook\\pos6.12\\vendor\\laravel\\framework\\src\\Illuminate\\Foundation\\Http\\Kernel.php(190): Illuminate\\Routing\\Router->dispatch(Object(Illuminate\\Http\\Request))
#82 C:\\xampp\\htdocs\\apply like facebook\\pos6.12\\vendor\\laravel\\framework\\src\\Illuminate\\Pipeline\\Pipeline.php(141): Illuminate\\Foundation\\Http\\Kernel->Illuminate\\Foundation\\Http\\{closure}(Object(Illuminate\\Http\\Request))
#83 C:\\xampp\\htdocs\\apply like facebook\\pos6.12\\vendor\\barryvdh\\laravel-debugbar\\src\\Middleware\\InjectDebugbar.php(59): Illuminate\\Pipeline\\Pipeline->Illuminate\\Pipeline\\{closure}(Object(Illuminate\\Http\\Request))
#84 C:\\xampp\\htdocs\\apply like facebook\\pos6.12\\vendor\\laravel\\framework\\src\\Illuminate\\Pipeline\\Pipeline.php(180): Barryvdh\\Debugbar\\Middleware\\InjectDebugbar->handle(Object(Illuminate\\Http\\Request), Object(Closure))
#85 C:\\xampp\\htdocs\\apply like facebook\\pos6.12\\vendor\\laravel\\framework\\src\\Illuminate\\Foundation\\Http\\Middleware\\TransformsRequest.php(21): Illuminate\\Pipeline\\Pipeline->Illuminate\\Pipeline\\{closure}(Object(Illuminate\\Http\\Request))
#86 C:\\xampp\\htdocs\\apply like facebook\\pos6.12\\vendor\\laravel\\framework\\src\\Illuminate\\Foundation\\Http\\Middleware\\ConvertEmptyStringsToNull.php(31): Illuminate\\Foundation\\Http\\Middleware\\TransformsRequest->handle(Object(Illuminate\\Http\\Request), Object(Closure))
#87 C:\\xampp\\htdocs\\apply like facebook\\pos6.12\\vendor\\laravel\\framework\\src\\Illuminate\\Pipeline\\Pipeline.php(180): Illuminate\\Foundation\\Http\\Middleware\\ConvertEmptyStringsToNull->handle(Object(Illuminate\\Http\\Request), Object(Closure))
#88 C:\\xampp\\htdocs\\apply like facebook\\pos6.12\\vendor\\laravel\\framework\\src\\Illuminate\\Foundation\\Http\\Middleware\\TransformsRequest.php(21): Illuminate\\Pipeline\\Pipeline->Illuminate\\Pipeline\\{closure}(Object(Illuminate\\Http\\Request))
#89 C:\\xampp\\htdocs\\apply like facebook\\pos6.12\\vendor\\laravel\\framework\\src\\Illuminate\\Foundation\\Http\\Middleware\\TrimStrings.php(40): Illuminate\\Foundation\\Http\\Middleware\\TransformsRequest->handle(Object(Illuminate\\Http\\Request), Object(Closure))
#90 C:\\xampp\\htdocs\\apply like facebook\\pos6.12\\vendor\\laravel\\framework\\src\\Illuminate\\Pipeline\\Pipeline.php(180): Illuminate\\Foundation\\Http\\Middleware\\TrimStrings->handle(Object(Illuminate\\Http\\Request), Object(Closure))
#91 C:\\xampp\\htdocs\\apply like facebook\\pos6.12\\vendor\\laravel\\framework\\src\\Illuminate\\Foundation\\Http\\Middleware\\ValidatePostSize.php(27): Illuminate\\Pipeline\\Pipeline->Illuminate\\Pipeline\\{closure}(Object(Illuminate\\Http\\Request))
#92 C:\\xampp\\htdocs\\apply like facebook\\pos6.12\\vendor\\laravel\\framework\\src\\Illuminate\\Pipeline\\Pipeline.php(180): Illuminate\\Foundation\\Http\\Middleware\\ValidatePostSize->handle(Object(Illuminate\\Http\\Request), Object(Closure))
#93 C:\\xampp\\htdocs\\apply like facebook\\pos6.12\\vendor\\laravel\\framework\\src\\Illuminate\\Foundation\\Http\\Middleware\\PreventRequestsDuringMaintenance.php(86): Illuminate\\Pipeline\\Pipeline->Illuminate\\Pipeline\\{closure}(Object(Illuminate\\Http\\Request))
#94 C:\\xampp\\htdocs\\apply like facebook\\pos6.12\\vendor\\laravel\\framework\\src\\Illuminate\\Pipeline\\Pipeline.php(180): Illuminate\\Foundation\\Http\\Middleware\\PreventRequestsDuringMaintenance->handle(Object(Illuminate\\Http\\Request), Object(Closure))
#95 C:\\xampp\\htdocs\\apply like facebook\\pos6.12\\vendor\\laravel\\framework\\src\\Illuminate\\Http\\Middleware\\HandleCors.php(49): Illuminate\\Pipeline\\Pipeline->Illuminate\\Pipeline\\{closure}(Object(Illuminate\\Http\\Request))
#96 C:\\xampp\\htdocs\\apply like facebook\\pos6.12\\vendor\\laravel\\framework\\src\\Illuminate\\Pipeline\\Pipeline.php(180): Illuminate\\Http\\Middleware\\HandleCors->handle(Object(Illuminate\\Http\\Request), Object(Closure))
#97 C:\\xampp\\htdocs\\apply like facebook\\pos6.12\\vendor\\laravel\\framework\\src\\Illuminate\\Http\\Middleware\\TrustProxies.php(39): Illuminate\\Pipeline\\Pipeline->Illuminate\\Pipeline\\{closure}(Object(Illuminate\\Http\\Request))
#98 C:\\xampp\\htdocs\\apply like facebook\\pos6.12\\vendor\\laravel\\framework\\src\\Illuminate\\Pipeline\\Pipeline.php(180): Illuminate\\Http\\Middleware\\TrustProxies->handle(Object(Illuminate\\Http\\Request), Object(Closure))
#99 C:\\xampp\\htdocs\\apply like facebook\\pos6.12\\vendor\\laravel\\framework\\src\\Illuminate\\Pipeline\\Pipeline.php(116): Illuminate\\Pipeline\\Pipeline->Illuminate\\Pipeline\\{closure}(Object(Illuminate\\Http\\Request))
#100 C:\\xampp\\htdocs\\apply like facebook\\pos6.12\\vendor\\laravel\\framework\\src\\Illuminate\\Foundation\\Http\\Kernel.php(165): Illuminate\\Pipeline\\Pipeline->then(Object(Closure))
#101 C:\\xampp\\htdocs\\apply like facebook\\pos6.12\\vendor\\laravel\\framework\\src\\Illuminate\\Foundation\\Http\\Kernel.php(134): Illuminate\\Foundation\\Http\\Kernel->sendRequestThroughRouter(Object(Illuminate\\Http\\Request))
#102 C:\\xampp\\htdocs\\apply like facebook\\pos6.12\\public\\index.php(56): Illuminate\\Foundation\\Http\\Kernel->handle(Object(Illuminate\\Http\\Request))
#103 C:\\xampp\\htdocs\\apply like facebook\\pos6.12\\vendor\\laravel\\framework\\src\\Illuminate\\Foundation\\resources\\server.php(16): require_once('C:\\\\xampp\\\\htdocs...')
#104 {main}
"} 
[2026-05-24 15:55:37] local.ERROR: Undefined variable $displayInterestRate {"userId":1,"exception":"[object] (Spatie\\LaravelIgnition\\Exceptions\\ViewException(code: 0): Undefined variable $displayInterestRate at C:\\xampp\\htdocs\\apply like facebook\\pos6.12\\Modules\\LoanManagement\\Resources\\views\\loans\\show.blade.php:110)
[stacktrace]
#0 C:\\xampp\\htdocs\\apply like facebook\\pos6.12\\vendor\\laravel\\framework\\src\\Illuminate\\Foundation\\Bootstrap\\HandleExceptions.php(270): Illuminate\\Foundation\\Bootstrap\\HandleExceptions->handleError(2, 'Undefined varia...', 'C:\\\\xampp\\\\htdocs...', 110)
#1 C:\\xampp\\htdocs\\apply like facebook\\pos6.12\\Modules\\LoanManagement\\Resources\\views\\loans\\show.blade.php(110): Illuminate\\Foundation\\Bootstrap\\HandleExceptions->Illuminate\\Foundation\\Bootstrap\\{closure}(2, 'Undefined varia...', 'C:\\\\xampp\\\\htdocs...', 110)
#2 C:\\xampp\\htdocs\\apply like facebook\\pos6.12\\vendor\\laravel\\framework\\src\\Illuminate\\Filesystem\\Filesystem.php(109): require('C:\\\\xampp\\\\htdocs...')
#3 C:\\xampp\\htdocs\\apply like facebook\\pos6.12\\vendor\\laravel\\framework\\src\\Illuminate\\Filesystem\\Filesystem.php(110): Illuminate\\Filesystem\\Filesystem::Illuminate\\Filesystem\\{closure}()
#4 C:\\xampp\\htdocs\\apply like facebook\\pos6.12\\vendor\\laravel\\framework\\src\\Illuminate\\View\\Engines\\PhpEngine.php(58): Illuminate\\Filesystem\\Filesystem->getRequire('C:\\\\xampp\\\\htdocs...', Array)
#5 C:\\xampp\\htdocs\\apply like facebook\\pos6.12\\vendor\\laravel\\framework\\src\\Illuminate\\View\\Engines\\CompilerEngine.php(70): Illuminate\\View\\Engines\\PhpEngine->evaluatePath('C:\\\\xampp\\\\htdocs...', Array)
#6 C:\\xampp\\htdocs\\apply like facebook\\pos6.12\\vendor\\laravel\\framework\\src\\Illuminate\\View\\View.php(195): Illuminate\\View\\Engines\\CompilerEngine->get('C:\\\\xampp\\\\htdocs...', Array)
#7 C:\\xampp\\htdocs\\apply like facebook\\pos6.12\\vendor\\laravel\\framework\\src\\Illuminate\\View\\View.php(178): Illuminate\\View\\View->getContents()
#8 C:\\xampp\\htdocs\\apply like facebook\\pos6.12\\vendor\\laravel\\framework\\src\\Illuminate\\View\\View.php(147): Illuminate\\View\\View->renderContents()
#9 C:\\xampp\\htdocs\\apply like facebook\\pos6.12\\vendor\\laravel\\framework\\src\\Illuminate\\Http\\Response.php(69): Illuminate\\View\\View->render()
#10 C:\\xampp\\htdocs\\apply like facebook\\pos6.12\\vendor\\laravel\\framework\\src\\Illuminate\\Http\\Response.php(35): Illuminate\\Http\\Response->setContent(Object(Illuminate\\View\\View))
#11 C:\\xampp\\htdocs\\apply like facebook\\pos6.12\\vendor\\laravel\\framework\\src\\Illuminate\\Routing\\Router.php(906): Illuminate\\Http\\Response->__construct(Object(Illuminate\\View\\View), 200, Array)
#12 C:\\xampp\\htdocs\\apply like facebook\\pos6.12\\vendor\\laravel\\framework\\src\\Illuminate\\Routing\\Router.php(875): Illuminate\\Routing\\Router::toResponse(Object(Illuminate\\Http\\Request), Object(Illuminate\\View\\View))
#13 C:\\xampp\\htdocs\\apply like facebook\\pos6.12\\vendor\\laravel\\framework\\src\\Illuminate\\Routing\\Router.php(797): Illuminate\\Routing\\Router->prepareResponse(Object(Illuminate\\Http\\Request), Object(Illuminate\\View\\View))
#14 C:\\xampp\\htdocs\\apply like facebook\\pos6.12\\vendor\\laravel\\framework\\src\\Illuminate\\Pipeline\\Pipeline.php(141): Illuminate\\Routing\\Router->Illuminate\\Routing\\{closure}(Object(Illuminate\\Http\\Request))
#15 C:\\xampp\\htdocs\\apply like facebook\\pos6.12\\vendor\\laravel\\framework\\src\\Illuminate\\Auth\\Middleware\\Authorize.php(45): Illuminate\\Pipeline\\Pipeline->Illuminate\\Pipeline\\{closure}(Object(Illuminate\\Http\\Request))
#16 C:\\xampp\\htdocs\\apply like facebook\\pos6.12\\vendor\\laravel\\framework\\src\\Illuminate\\Pipeline\\Pipeline.php(180): Illuminate\\Auth\\Middleware\\Authorize->handle(Object(Illuminate\\Http\\Request), Object(Closure), 'loan_management...')
#17 C:\\xampp\\htdocs\\apply like facebook\\pos6.12\\app\\Http\\Middleware\\CheckUserLogin.php(22): Illuminate\\Pipeline\\Pipeline->Illuminate\\Pipeline\\{closure}(Object(Illuminate\\Http\\Request))
#18 C:\\xampp\\htdocs\\apply like facebook\\pos6.12\\vendor\\laravel\\framework\\src\\Illuminate\\Pipeline\\Pipeline.php(180): App\\Http\\Middleware\\CheckUserLogin->handle(Object(Illuminate\\Http\\Request), Object(Closure))
#19 C:\\xampp\\htdocs\\apply like facebook\\pos6.12\\app\\Http\\Middleware\\AdminSidebarMenu.php(901): Illuminate\\Pipeline\\Pipeline->Illuminate\\Pipeline\\{closure}(Object(Illuminate\\Http\\Request))
#20 C:\\xampp\\htdocs\\apply like facebook\\pos6.12\\vendor\\laravel\\framework\\src\\Illuminate\\Pipeline\\Pipeline.php(180): App\\Http\\Middleware\\AdminSidebarMenu->handle(Object(Illuminate\\Http\\Request), Object(Closure))
#21 C:\\xampp\\htdocs\\apply like facebook\\pos6.12\\app\\Http\\Middleware\\Timezone.php(30): Illuminate\\Pipeline\\Pipeline->Illuminate\\Pipeline\\{closure}(Object(Illuminate\\Http\\Request))
#22 C:\\xampp\\htdocs\\apply like facebook\\pos6.12\\vendor\\laravel\\framework\\src\\Illuminate\\Pipeline\\Pipeline.php(180): App\\Http\\Middleware\\Timezone->handle(Object(Illuminate\\Http\\Request), Object(Closure))
#23 C:\\xampp\\htdocs\\apply like facebook\\pos6.12\\app\\Http\\Middleware\\Language.php(25): Illuminate\\Pipeline\\Pipeline->Illuminate\\Pipeline\\{closure}(Object(Illuminate\\Http\\Request))
#24 C:\\xampp\\htdocs\\apply like facebook\\pos6.12\\vendor\\laravel\\framework\\src\\Illuminate\\Pipeline\\Pipeline.php(180): App\\Http\\Middleware\\Language->handle(Object(Illuminate\\Http\\Request), Object(Closure))
#25 C:\\xampp\\htdocs\\apply like facebook\\pos6.12\\app\\Http\\Middleware\\SetSessionData.php(52): Illuminate\\Pipeline\\Pipeline->Illuminate\\Pipeline\\{closure}(Object(Illuminate\\Http\\Request))
#26 C:\\xampp\\htdocs\\apply like facebook\\pos6.12\\vendor\\laravel\\framework\\src\\Illuminate\\Pipeline\\Pipeline.php(180): App\\Http\\Middleware\\SetSessionData->handle(Object(Illuminate\\Http\\Request), Object(Closure))
#27 C:\\xampp\\htdocs\\apply like facebook\\pos6.12\\vendor\\barryvdh\\laravel-debugbar\\src\\Middleware\\InjectDebugbar.php(59): Illuminate\\Pipeline\\Pipeline->Illuminate\\Pipeline\\{closure}(Object(Illuminate\\Http\\Request))
#28 C:\\xampp\\htdocs\\apply like facebook\\pos6.12\\vendor\\laravel\\framework\\src\\Illuminate\\Pipeline\\Pipeline.php(180): Barryvdh\\Debugbar\\Middleware\\InjectDebugbar->handle(Object(Illuminate\\Http\\Request), Object(Closure))
#29 C:\\xampp\\htdocs\\apply like facebook\\pos6.12\\vendor\\laravel\\framework\\src\\Illuminate\\Routing\\Middleware\\SubstituteBindings.php(50): Illuminate\\Pipeline\\Pipeline->Illuminate\\Pipeline\\{closure}(Object(Illuminate\\Http\\Request))
#30 C:\\xampp\\htdocs\\apply like facebook\\pos6.12\\vendor\\laravel\\framework\\src\\Illuminate\\Pipeline\\Pipeline.php(180): Illuminate\\Routing\\Middleware\\SubstituteBindings->handle(Object(Illuminate\\Http\\Request), Object(Closure))
#31 C:\\xampp\\htdocs\\apply like facebook\\pos6.12\\vendor\\laravel\\framework\\src\\Illuminate\\Auth\\Middleware\\Authenticate.php(44): Illuminate\\Pipeline\\Pipeline->Illuminate\\Pipeline\\{closure}(Object(Illuminate\\Http\\Request))
#32 C:\\xampp\\htdocs\\apply like facebook\\pos6.12\\vendor\\laravel\\framework\\src\\Illuminate\\Pipeline\\Pipeline.php(180): Illuminate\\Auth\\Middleware\\Authenticate->handle(Object(Illuminate\\Http\\Request), Object(Closure))
#33 C:\\xampp\\htdocs\\apply like facebook\\pos6.12\\vendor\\laravel\\framework\\src\\Illuminate\\Foundation\\Http\\Middleware\\VerifyCsrfToken.php(78): Illuminate\\Pipeline\\Pipeline->Illuminate\\Pipeline\\{closure}(Object(Illuminate\\Http\\Request))
#34 C:\\xampp\\htdocs\\apply like facebook\\pos6.12\\vendor\\laravel\\framework\\src\\Illuminate\\Pipeline\\Pipeline.php(180): Illuminate\\Foundation\\Http\\Middleware\\VerifyCsrfToken->handle(Object(Illuminate\\Http\\Request), Object(Closure))
#35 C:\\xampp\\htdocs\\apply like facebook\\pos6.12\\vendor\\laravel\\framework\\src\\Illuminate\\View\\Middleware\\ShareErrorsFromSession.php(49): Illuminate\\Pipeline\\Pipeline->Illuminate\\Pipeline\\{closure}(Object(Illuminate\\Http\\Request))
#36 C:\\xampp\\htdocs\\apply like facebook\\pos6.12\\vendor\\laravel\\framework\\src\\Illuminate\\Pipeline\\Pipeline.php(180): Illuminate\\View\\Middleware\\ShareErrorsFromSession->handle(Object(Illuminate\\Http\\Request), Object(Closure))
#37 C:\\xampp\\htdocs\\apply like facebook\\pos6.12\\vendor\\laravel\\framework\\src\\Illuminate\\Session\\Middleware\\StartSession.php(121): Illuminate\\Pipeline\\Pipeline->Illuminate\\Pipeline\\{closure}(Object(Illuminate\\Http\\Request))
#38 C:\\xampp\\htdocs\\apply like facebook\\pos6.12\\vendor\\laravel\\framework\\src\\Illuminate\\Session\\Middleware\\StartSession.php(64): Illuminate\\Session\\Middleware\\StartSession->handleStatefulRequest(Object(Illuminate\\Http\\Request), Object(Illuminate\\Session\\Store), Object(Closure))
#39 C:\\xampp\\htdocs\\apply like facebook\\pos6.12\\vendor\\laravel\\framework\\src\\Illuminate\\Pipeline\\Pipeline.php(180): Illuminate\\Session\\Middleware\\StartSession->handle(Object(Illuminate\\Http\\Request), Object(Closure))
#40 C:\\xampp\\htdocs\\apply like facebook\\pos6.12\\vendor\\laravel\\framework\\src\\Illuminate\\Cookie\\Middleware\\AddQueuedCookiesToResponse.php(37): Illuminate\\Pipeline\\Pipeline->Illuminate\\Pipeline\\{closure}(Object(Illuminate\\Http\\Request))
#41 C:\\xampp\\htdocs\\apply like facebook\\pos6.12\\vendor\\laravel\\framework\\src\\Illuminate\\Pipeline\\Pipeline.php(180): Illuminate\\Cookie\\Middleware\\AddQueuedCookiesToResponse->handle(Object(Illuminate\\Http\\Request), Object(Closure))
#42 C:\\xampp\\htdocs\\apply like facebook\\pos6.12\\vendor\\laravel\\framework\\src\\Illuminate\\Cookie\\Middleware\\EncryptCookies.php(67): Illuminate\\Pipeline\\Pipeline->Illuminate\\Pipeline\\{closure}(Object(Illuminate\\Http\\Request))
#43 C:\\xampp\\htdocs\\apply like facebook\\pos6.12\\vendor\\laravel\\framework\\src\\Illuminate\\Pipeline\\Pipeline.php(180): Illuminate\\Cookie\\Middleware\\EncryptCookies->handle(Object(Illuminate\\Http\\Request), Object(Closure))
#44 C:\\xampp\\htdocs\\apply like facebook\\pos6.12\\vendor\\laravel\\framework\\src\\Illuminate\\Pipeline\\Pipeline.php(116): Illuminate\\Pipeline\\Pipeline->Illuminate\\Pipeline\\{closure}(Object(Illuminate\\Http\\Request))
#45 C:\\xampp\\htdocs\\apply like facebook\\pos6.12\\vendor\\laravel\\framework\\src\\Illuminate\\Routing\\Router.php(797): Illuminate\\Pipeline\\Pipeline->then(Object(Closure))
#46 C:\\xampp\\htdocs\\apply like facebook\\pos6.12\\vendor\\laravel\\framework\\src\\Illuminate\\Routing\\Router.php(776): Illuminate\\Routing\\Router->runRouteWithinStack(Object(Illuminate\\Routing\\Route), Object(Illuminate\\Http\\Request))
#47 C:\\xampp\\htdocs\\apply like facebook\\pos6.12\\vendor\\laravel\\framework\\src\\Illuminate\\Routing\\Router.php(740): Illuminate\\Routing\\Router->runRoute(Object(Illuminate\\Http\\Request), Object(Illuminate\\Routing\\Route))
#48 C:\\xampp\\htdocs\\apply like facebook\\pos6.12\\vendor\\laravel\\framework\\src\\Illuminate\\Routing\\Router.php(729): Illuminate\\Routing\\Router->dispatchToRoute(Object(Illuminate\\Http\\Request))
#49 C:\\xampp\\htdocs\\apply like facebook\\pos6.12\\vendor\\laravel\\framework\\src\\Illuminate\\Foundation\\Http\\Kernel.php(190): Illuminate\\Routing\\Router->dispatch(Object(Illuminate\\Http\\Request))
#50 C:\\xampp\\htdocs\\apply like facebook\\pos6.12\\vendor\\laravel\\framework\\src\\Illuminate\\Pipeline\\Pipeline.php(141): Illuminate\\Foundation\\Http\\Kernel->Illuminate\\Foundation\\Http\\{closure}(Object(Illuminate\\Http\\Request))
#51 C:\\xampp\\htdocs\\apply like facebook\\pos6.12\\vendor\\barryvdh\\laravel-debugbar\\src\\Middleware\\InjectDebugbar.php(59): Illuminate\\Pipeline\\Pipeline->Illuminate\\Pipeline\\{closure}(Object(Illuminate\\Http\\Request))
#52 C:\\xampp\\htdocs\\apply like facebook\\pos6.12\\vendor\\laravel\\framework\\src\\Illuminate\\Pipeline\\Pipeline.php(180): Barryvdh\\Debugbar\\Middleware\\InjectDebugbar->handle(Object(Illuminate\\Http\\Request), Object(Closure))
#53 C:\\xampp\\htdocs\\apply like facebook\\pos6.12\\vendor\\laravel\\framework\\src\\Illuminate\\Foundation\\Http\\Middleware\\TransformsRequest.php(21): Illuminate\\Pipeline\\Pipeline->Illuminate\\Pipeline\\{closure}(Object(Illuminate\\Http\\Request))
#54 C:\\xampp\\htdocs\\apply like facebook\\pos6.12\\vendor\\laravel\\framework\\src\\Illuminate\\Foundation\\Http\\Middleware\\ConvertEmptyStringsToNull.php(31): Illuminate\\Foundation\\Http\\Middleware\\TransformsRequest->handle(Object(Illuminate\\Http\\Request), Object(Closure))
#55 C:\\xampp\\htdocs\\apply like facebook\\pos6.12\\vendor\\laravel\\framework\\src\\Illuminate\\Pipeline\\Pipeline.php(180): Illuminate\\Foundation\\Http\\Middleware\\ConvertEmptyStringsToNull->handle(Object(Illuminate\\Http\\Request), Object(Closure))
#56 C:\\xampp\\htdocs\\apply like facebook\\pos6.12\\vendor\\laravel\\framework\\src\\Illuminate\\Foundation\\Http\\Middleware\\TransformsRequest.php(21): Illuminate\\Pipeline\\Pipeline->Illuminate\\Pipeline\\{closure}(Object(Illuminate\\Http\\Request))
#57 C:\\xampp\\htdocs\\apply like facebook\\pos6.12\\vendor\\laravel\\framework\\src\\Illuminate\\Foundation\\Http\\Middleware\\TrimStrings.php(40): Illuminate\\Foundation\\Http\\Middleware\\TransformsRequest->handle(Object(Illuminate\\Http\\Request), Object(Closure))
#58 C:\\xampp\\htdocs\\apply like facebook\\pos6.12\\vendor\\laravel\\framework\\src\\Illuminate\\Pipeline\\Pipeline.php(180): Illuminate\\Foundation\\Http\\Middleware\\TrimStrings->handle(Object(Illuminate\\Http\\Request), Object(Closure))
#59 C:\\xampp\\htdocs\\apply like facebook\\pos6.12\\vendor\\laravel\\framework\\src\\Illuminate\\Foundation\\Http\\Middleware\\ValidatePostSize.php(27): Illuminate\\Pipeline\\Pipeline->Illuminate\\Pipeline\\{closure}(Object(Illuminate\\Http\\Request))
#60 C:\\xampp\\htdocs\\apply like facebook\\pos6.12\\vendor\\laravel\\framework\\src\\Illuminate\\Pipeline\\Pipeline.php(180): Illuminate\\Foundation\\Http\\Middleware\\ValidatePostSize->handle(Object(Illuminate\\Http\\Request), Object(Closure))
#61 C:\\xampp\\htdocs\\apply like facebook\\pos6.12\\vendor\\laravel\\framework\\src\\Illuminate\\Foundation\\Http\\Middleware\\PreventRequestsDuringMaintenance.php(86): Illuminate\\Pipeline\\Pipeline->Illuminate\\Pipeline\\{closure}(Object(Illuminate\\Http\\Request))
#62 C:\\xampp\\htdocs\\apply like facebook\\pos6.12\\vendor\\laravel\\framework\\src\\Illuminate\\Pipeline\\Pipeline.php(180): Illuminate\\Foundation\\Http\\Middleware\\PreventRequestsDuringMaintenance->handle(Object(Illuminate\\Http\\Request), Object(Closure))
#63 C:\\xampp\\htdocs\\apply like facebook\\pos6.12\\vendor\\laravel\\framework\\src\\Illuminate\\Http\\Middleware\\HandleCors.php(49): Illuminate\\Pipeline\\Pipeline->Illuminate\\Pipeline\\{closure}(Object(Illuminate\\Http\\Request))
#64 C:\\xampp\\htdocs\\apply like facebook\\pos6.12\\vendor\\laravel\\framework\\src\\Illuminate\\Pipeline\\Pipeline.php(180): Illuminate\\Http\\Middleware\\HandleCors->handle(Object(Illuminate\\Http\\Request), Object(Closure))
#65 C:\\xampp\\htdocs\\apply like facebook\\pos6.12\\vendor\\laravel\\framework\\src\\Illuminate\\Http\\Middleware\\TrustProxies.php(39): Illuminate\\Pipeline\\Pipeline->Illuminate\\Pipeline\\{closure}(Object(Illuminate\\Http\\Request))
#66 C:\\xampp\\htdocs\\apply like facebook\\pos6.12\\vendor\\laravel\\framework\\src\\Illuminate\\Pipeline\\Pipeline.php(180): Illuminate\\Http\\Middleware\\TrustProxies->handle(Object(Illuminate\\Http\\Request), Object(Closure))
#67 C:\\xampp\\htdocs\\apply like facebook\\pos6.12\\vendor\\laravel\\framework\\src\\Illuminate\\Pipeline\\Pipeline.php(116): Illuminate\\Pipeline\\Pipeline->Illuminate\\Pipeline\\{closure}(Object(Illuminate\\Http\\Request))
#68 C:\\xampp\\htdocs\\apply like facebook\\pos6.12\\vendor\\laravel\\framework\\src\\Illuminate\\Foundation\\Http\\Kernel.php(165): Illuminate\\Pipeline\\Pipeline->then(Object(Closure))
#69 C:\\xampp\\htdocs\\apply like facebook\\pos6.12\\vendor\\laravel\\framework\\src\\Illuminate\\Foundation\\Http\\Kernel.php(134): Illuminate\\Foundation\\Http\\Kernel->sendRequestThroughRouter(Object(Illuminate\\Http\\Request))
#70 C:\\xampp\\htdocs\\apply like facebook\\pos6.12\\public\\index.php(56): Illuminate\\Foundation\\Http\\Kernel->handle(Object(Illuminate\\Http\\Request))
#71 C:\\xampp\\htdocs\\apply like facebook\\pos6.12\\vendor\\laravel\\framework\\src\\Illuminate\\Foundation\\resources\\server.php(16): require_once('C:\\\\xampp\\\\htdocs...')
#72 {main}

[previous exception] [object] (ErrorException(code: 0): Undefined variable $displayInterestRate at C:\\xampp\\htdocs\\apply like facebook\\pos6.12\\storage\\framework\\views\\db24098c261ecbb1b060a2082d959e8e20224312.php:110)
[stacktrace]
#0 C:\\xampp\\htdocs\\apply like facebook\\pos6.12\\vendor\\laravel\\framework\\src\\Illuminate\\Foundation\\Bootstrap\\HandleExceptions.php(270): Illuminate\\Foundation\\Bootstrap\\HandleExceptions->handleError(2, 'Undefined varia...', 'C:\\\\xampp\\\\htdocs...', 110)
#1 C:\\xampp\\htdocs\\apply like facebook\\pos6.12\\storage\\framework\\views\\db24098c261ecbb1b060a2082d959e8e20224312.php(110): Illuminate\\Foundation\\Bootstrap\\HandleExceptions->Illuminate\\Foundation\\Bootstrap\\{closure}(2, 'Undefined varia...', 'C:\\\\xampp\\\\htdocs...', 110)
#2 C:\\xampp\\htdocs\\apply like facebook\\pos6.12\\vendor\\laravel\\framework\\src\\Illuminate\\Filesystem\\Filesystem.php(109): require('C:\\\\xampp\\\\htdocs...')
#3 C:\\xampp\\htdocs\\apply like facebook\\pos6.12\\vendor\\laravel\\framework\\src\\Illuminate\\Filesystem\\Filesystem.php(110): Illuminate\\Filesystem\\Filesystem::Illuminate\\Filesystem\\{closure}()
#4 C:\\xampp\\htdocs\\apply like facebook\\pos6.12\\vendor\\laravel\\framework\\src\\Illuminate\\View\\Engines\\PhpEngine.php(58): Illuminate\\Filesystem\\Filesystem->getRequire('C:\\\\xampp\\\\htdocs...', Array)
#5 C:\\xampp\\htdocs\\apply like facebook\\pos6.12\\vendor\\laravel\\framework\\src\\Illuminate\\View\\Engines\\CompilerEngine.php(70): Illuminate\\View\\Engines\\PhpEngine->evaluatePath('C:\\\\xampp\\\\htdocs...', Array)
#6 C:\\xampp\\htdocs\\apply like facebook\\pos6.12\\vendor\\laravel\\framework\\src\\Illuminate\\View\\View.php(195): Illuminate\\View\\Engines\\CompilerEngine->get('C:\\\\xampp\\\\htdocs...', Array)
#7 C:\\xampp\\htdocs\\apply like facebook\\pos6.12\\vendor\\laravel\\framework\\src\\Illuminate\\View\\View.php(178): Illuminate\\View\\View->getContents()
#8 C:\\xampp\\htdocs\\apply like facebook\\pos6.12\\vendor\\laravel\\framework\\src\\Illuminate\\View\\View.php(147): Illuminate\\View\\View->renderContents()
#9 C:\\xampp\\htdocs\\apply like facebook\\pos6.12\\vendor\\laravel\\framework\\src\\Illuminate\\Http\\Response.php(69): Illuminate\\View\\View->render()
#10 C:\\xampp\\htdocs\\apply like facebook\\pos6.12\\vendor\\laravel\\framework\\src\\Illuminate\\Http\\Response.php(35): Illuminate\\Http\\Response->setContent(Object(Illuminate\\View\\View))
#11 C:\\xampp\\htdocs\\apply like facebook\\pos6.12\\vendor\\laravel\\framework\\src\\Illuminate\\Routing\\Router.php(906): Illuminate\\Http\\Response->__construct(Object(Illuminate\\View\\View), 200, Array)
#12 C:\\xampp\\htdocs\\apply like facebook\\pos6.12\\vendor\\laravel\\framework\\src\\Illuminate\\Routing\\Router.php(875): Illuminate\\Routing\\Router::toResponse(Object(Illuminate\\Http\\Request), Object(Illuminate\\View\\View))
#13 C:\\xampp\\htdocs\\apply like facebook\\pos6.12\\vendor\\laravel\\framework\\src\\Illuminate\\Routing\\Router.php(797): Illuminate\\Routing\\Router->prepareResponse(Object(Illuminate\\Http\\Request), Object(Illuminate\\View\\View))
#14 C:\\xampp\\htdocs\\apply like facebook\\pos6.12\\vendor\\laravel\\framework\\src\\Illuminate\\Pipeline\\Pipeline.php(141): Illuminate\\Routing\\Router->Illuminate\\Routing\\{closure}(Object(Illuminate\\Http\\Request))
#15 C:\\xampp\\htdocs\\apply like facebook\\pos6.12\\vendor\\laravel\\framework\\src\\Illuminate\\Auth\\Middleware\\Authorize.php(45): Illuminate\\Pipeline\\Pipeline->Illuminate\\Pipeline\\{closure}(Object(Illuminate\\Http\\Request))
#16 C:\\xampp\\htdocs\\apply like facebook\\pos6.12\\vendor\\laravel\\framework\\src\\Illuminate\\Pipeline\\Pipeline.php(180): Illuminate\\Auth\\Middleware\\Authorize->handle(Object(Illuminate\\Http\\Request), Object(Closure), 'loan_management...')
#17 C:\\xampp\\htdocs\\apply like facebook\\pos6.12\\app\\Http\\Middleware\\CheckUserLogin.php(22): Illuminate\\Pipeline\\Pipeline->Illuminate\\Pipeline\\{closure}(Object(Illuminate\\Http\\Request))
#18 C:\\xampp\\htdocs\\apply like facebook\\pos6.12\\vendor\\laravel\\framework\\src\\Illuminate\\Pipeline\\Pipeline.php(180): App\\Http\\Middleware\\CheckUserLogin->handle(Object(Illuminate\\Http\\Request), Object(Closure))
#19 C:\\xampp\\htdocs\\apply like facebook\\pos6.12\\app\\Http\\Middleware\\AdminSidebarMenu.php(901): Illuminate\\Pipeline\\Pipeline->Illuminate\\Pipeline\\{closure}(Object(Illuminate\\Http\\Request))
#20 C:\\xampp\\htdocs\\apply like facebook\\pos6.12\\vendor\\laravel\\framework\\src\\Illuminate\\Pipeline\\Pipeline.php(180): App\\Http\\Middleware\\AdminSidebarMenu->handle(Object(Illuminate\\Http\\Request), Object(Closure))
#21 C:\\xampp\\htdocs\\apply like facebook\\pos6.12\\app\\Http\\Middleware\\Timezone.php(30): Illuminate\\Pipeline\\Pipeline->Illuminate\\Pipeline\\{closure}(Object(Illuminate\\Http\\Request))
#22 C:\\xampp\\htdocs\\apply like facebook\\pos6.12\\vendor\\laravel\\framework\\src\\Illuminate\\Pipeline\\Pipeline.php(180): App\\Http\\Middleware\\Timezone->handle(Object(Illuminate\\Http\\Request), Object(Closure))
#23 C:\\xampp\\htdocs\\apply like facebook\\pos6.12\\app\\Http\\Middleware\\Language.php(25): Illuminate\\Pipeline\\Pipeline->Illuminate\\Pipeline\\{closure}(Object(Illuminate\\Http\\Request))
#24 C:\\xampp\\htdocs\\apply like facebook\\pos6.12\\vendor\\laravel\\framework\\src\\Illuminate\\Pipeline\\Pipeline.php(180): App\\Http\\Middleware\\Language->handle(Object(Illuminate\\Http\\Request), Object(Closure))
#25 C:\\xampp\\htdocs\\apply like facebook\\pos6.12\\app\\Http\\Middleware\\SetSessionData.php(52): Illuminate\\Pipeline\\Pipeline->Illuminate\\Pipeline\\{closure}(Object(Illuminate\\Http\\Request))
#26 C:\\xampp\\htdocs\\apply like facebook\\pos6.12\\vendor\\laravel\\framework\\src\\Illuminate\\Pipeline\\Pipeline.php(180): App\\Http\\Middleware\\SetSessionData->handle(Object(Illuminate\\Http\\Request), Object(Closure))
#27 C:\\xampp\\htdocs\\apply like facebook\\pos6.12\\vendor\\barryvdh\\laravel-debugbar\\src\\Middleware\\InjectDebugbar.php(59): Illuminate\\Pipeline\\Pipeline->Illuminate\\Pipeline\\{closure}(Object(Illuminate\\Http\\Request))
#28 C:\\xampp\\htdocs\\apply like facebook\\pos6.12\\vendor\\laravel\\framework\\src\\Illuminate\\Pipeline\\Pipeline.php(180): Barryvdh\\Debugbar\\Middleware\\InjectDebugbar->handle(Object(Illuminate\\Http\\Request), Object(Closure))
#29 C:\\xampp\\htdocs\\apply like facebook\\pos6.12\\vendor\\laravel\\framework\\src\\Illuminate\\Routing\\Middleware\\SubstituteBindings.php(50): Illuminate\\Pipeline\\Pipeline->Illuminate\\Pipeline\\{closure}(Object(Illuminate\\Http\\Request))
#30 C:\\xampp\\htdocs\\apply like facebook\\pos6.12\\vendor\\laravel\\framework\\src\\Illuminate\\Pipeline\\Pipeline.php(180): Illuminate\\Routing\\Middleware\\SubstituteBindings->handle(Object(Illuminate\\Http\\Request), Object(Closure))
#31 C:\\xampp\\htdocs\\apply like facebook\\pos6.12\\vendor\\laravel\\framework\\src\\Illuminate\\Auth\\Middleware\\Authenticate.php(44): Illuminate\\Pipeline\\Pipeline->Illuminate\\Pipeline\\{closure}(Object(Illuminate\\Http\\Request))
#32 C:\\xampp\\htdocs\\apply like facebook\\pos6.12\\vendor\\laravel\\framework\\src\\Illuminate\\Pipeline\\Pipeline.php(180): Illuminate\\Auth\\Middleware\\Authenticate->handle(Object(Illuminate\\Http\\Request), Object(Closure))
#33 C:\\xampp\\htdocs\\apply like facebook\\pos6.12\\vendor\\laravel\\framework\\src\\Illuminate\\Foundation\\Http\\Middleware\\VerifyCsrfToken.php(78): Illuminate\\Pipeline\\Pipeline->Illuminate\\Pipeline\\{closure}(Object(Illuminate\\Http\\Request))
#34 C:\\xampp\\htdocs\\apply like facebook\\pos6.12\\vendor\\laravel\\framework\\src\\Illuminate\\Pipeline\\Pipeline.php(180): Illuminate\\Foundation\\Http\\Middleware\\VerifyCsrfToken->handle(Object(Illuminate\\Http\\Request), Object(Closure))
#35 C:\\xampp\\htdocs\\apply like facebook\\pos6.12\\vendor\\laravel\\framework\\src\\Illuminate\\View\\Middleware\\ShareErrorsFromSession.php(49): Illuminate\\Pipeline\\Pipeline->Illuminate\\Pipeline\\{closure}(Object(Illuminate\\Http\\Request))
#36 C:\\xampp\\htdocs\\apply like facebook\\pos6.12\\vendor\\laravel\\framework\\src\\Illuminate\\Pipeline\\Pipeline.php(180): Illuminate\\View\\Middleware\\ShareErrorsFromSession->handle(Object(Illuminate\\Http\\Request), Object(Closure))
#37 C:\\xampp\\htdocs\\apply like facebook\\pos6.12\\vendor\\laravel\\framework\\src\\Illuminate\\Session\\Middleware\\StartSession.php(121): Illuminate\\Pipeline\\Pipeline->Illuminate\\Pipeline\\{closure}(Object(Illuminate\\Http\\Request))
#38 C:\\xampp\\htdocs\\apply like facebook\\pos6.12\\vendor\\laravel\\framework\\src\\Illuminate\\Session\\Middleware\\StartSession.php(64): Illuminate\\Session\\Middleware\\StartSession->handleStatefulRequest(Object(Illuminate\\Http\\Request), Object(Illuminate\\Session\\Store), Object(Closure))
#39 C:\\xampp\\htdocs\\apply like facebook\\pos6.12\\vendor\\laravel\\framework\\src\\Illuminate\\Pipeline\\Pipeline.php(180): Illuminate\\Session\\Middleware\\StartSession->handle(Object(Illuminate\\Http\\Request), Object(Closure))
#40 C:\\xampp\\htdocs\\apply like facebook\\pos6.12\\vendor\\laravel\\framework\\src\\Illuminate\\Cookie\\Middleware\\AddQueuedCookiesToResponse.php(37): Illuminate\\Pipeline\\Pipeline->Illuminate\\Pipeline\\{closure}(Object(Illuminate\\Http\\Request))
#41 C:\\xampp\\htdocs\\apply like facebook\\pos6.12\\vendor\\laravel\\framework\\src\\Illuminate\\Pipeline\\Pipeline.php(180): Illuminate\\Cookie\\Middleware\\AddQueuedCookiesToResponse->handle(Object(Illuminate\\Http\\Request), Object(Closure))
#42 C:\\xampp\\htdocs\\apply like facebook\\pos6.12\\vendor\\laravel\\framework\\src\\Illuminate\\Cookie\\Middleware\\EncryptCookies.php(67): Illuminate\\Pipeline\\Pipeline->Illuminate\\Pipeline\\{closure}(Object(Illuminate\\Http\\Request))
#43 C:\\xampp\\htdocs\\apply like facebook\\pos6.12\\vendor\\laravel\\framework\\src\\Illuminate\\Pipeline\\Pipeline.php(180): Illuminate\\Cookie\\Middleware\\EncryptCookies->handle(Object(Illuminate\\Http\\Request), Object(Closure))
#44 C:\\xampp\\htdocs\\apply like facebook\\pos6.12\\vendor\\laravel\\framework\\src\\Illuminate\\Pipeline\\Pipeline.php(116): Illuminate\\Pipeline\\Pipeline->Illuminate\\Pipeline\\{closure}(Object(Illuminate\\Http\\Request))
#45 C:\\xampp\\htdocs\\apply like facebook\\pos6.12\\vendor\\laravel\\framework\\src\\Illuminate\\Routing\\Router.php(797): Illuminate\\Pipeline\\Pipeline->then(Object(Closure))
#46 C:\\xampp\\htdocs\\apply like facebook\\pos6.12\\vendor\\laravel\\framework\\src\\Illuminate\\Routing\\Router.php(776): Illuminate\\Routing\\Router->runRouteWithinStack(Object(Illuminate\\Routing\\Route), Object(Illuminate\\Http\\Request))
#47 C:\\xampp\\htdocs\\apply like facebook\\pos6.12\\vendor\\laravel\\framework\\src\\Illuminate\\Routing\\Router.php(740): Illuminate\\Routing\\Router->runRoute(Object(Illuminate\\Http\\Request), Object(Illuminate\\Routing\\Route))
#48 C:\\xampp\\htdocs\\apply like facebook\\pos6.12\\vendor\\laravel\\framework\\src\\Illuminate\\Routing\\Router.php(729): Illuminate\\Routing\\Router->dispatchToRoute(Object(Illuminate\\Http\\Request))
#49 C:\\xampp\\htdocs\\apply like facebook\\pos6.12\\vendor\\laravel\\framework\\src\\Illuminate\\Foundation\\Http\\Kernel.php(190): Illuminate\\Routing\\Router->dispatch(Object(Illuminate\\Http\\Request))
#50 C:\\xampp\\htdocs\\apply like facebook\\pos6.12\\vendor\\laravel\\framework\\src\\Illuminate\\Pipeline\\Pipeline.php(141): Illuminate\\Foundation\\Http\\Kernel->Illuminate\\Foundation\\Http\\{closure}(Object(Illuminate\\Http\\Request))
#51 C:\\xampp\\htdocs\\apply like facebook\\pos6.12\\vendor\\barryvdh\\laravel-debugbar\\src\\Middleware\\InjectDebugbar.php(59): Illuminate\\Pipeline\\Pipeline->Illuminate\\Pipeline\\{closure}(Object(Illuminate\\Http\\Request))
#52 C:\\xampp\\htdocs\\apply like facebook\\pos6.12\\vendor\\laravel\\framework\\src\\Illuminate\\Pipeline\\Pipeline.php(180): Barryvdh\\Debugbar\\Middleware\\InjectDebugbar->handle(Object(Illuminate\\Http\\Request), Object(Closure))
#53 C:\\xampp\\htdocs\\apply like facebook\\pos6.12\\vendor\\laravel\\framework\\src\\Illuminate\\Foundation\\Http\\Middleware\\TransformsRequest.php(21): Illuminate\\Pipeline\\Pipeline->Illuminate\\Pipeline\\{closure}(Object(Illuminate\\Http\\Request))
#54 C:\\xampp\\htdocs\\apply like facebook\\pos6.12\\vendor\\laravel\\framework\\src\\Illuminate\\Foundation\\Http\\Middleware\\ConvertEmptyStringsToNull.php(31): Illuminate\\Foundation\\Http\\Middleware\\TransformsRequest->handle(Object(Illuminate\\Http\\Request), Object(Closure))
#55 C:\\xampp\\htdocs\\apply like facebook\\pos6.12\\vendor\\laravel\\framework\\src\\Illuminate\\Pipeline\\Pipeline.php(180): Illuminate\\Foundation\\Http\\Middleware\\ConvertEmptyStringsToNull->handle(Object(Illuminate\\Http\\Request), Object(Closure))
#56 C:\\xampp\\htdocs\\apply like facebook\\pos6.12\\vendor\\laravel\\framework\\src\\Illuminate\\Foundation\\Http\\Middleware\\TransformsRequest.php(21): Illuminate\\Pipeline\\Pipeline->Illuminate\\Pipeline\\{closure}(Object(Illuminate\\Http\\Request))
#57 C:\\xampp\\htdocs\\apply like facebook\\pos6.12\\vendor\\laravel\\framework\\src\\Illuminate\\Foundation\\Http\\Middleware\\TrimStrings.php(40): Illuminate\\Foundation\\Http\\Middleware\\TransformsRequest->handle(Object(Illuminate\\Http\\Request), Object(Closure))
#58 C:\\xampp\\htdocs\\apply like facebook\\pos6.12\\vendor\\laravel\\framework\\src\\Illuminate\\Pipeline\\Pipeline.php(180): Illuminate\\Foundation\\Http\\Middleware\\TrimStrings->handle(Object(Illuminate\\Http\\Request), Object(Closure))
#59 C:\\xampp\\htdocs\\apply like facebook\\pos6.12\\vendor\\laravel\\framework\\src\\Illuminate\\Foundation\\Http\\Middleware\\ValidatePostSize.php(27): Illuminate\\Pipeline\\Pipeline->Illuminate\\Pipeline\\{closure}(Object(Illuminate\\Http\\Request))
#60 C:\\xampp\\htdocs\\apply like facebook\\pos6.12\\vendor\\laravel\\framework\\src\\Illuminate\\Pipeline\\Pipeline.php(180): Illuminate\\Foundation\\Http\\Middleware\\ValidatePostSize->handle(Object(Illuminate\\Http\\Request), Object(Closure))
#61 C:\\xampp\\htdocs\\apply like facebook\\pos6.12\\vendor\\laravel\\framework\\src\\Illuminate\\Foundation\\Http\\Middleware\\PreventRequestsDuringMaintenance.php(86): Illuminate\\Pipeline\\Pipeline->Illuminate\\Pipeline\\{closure}(Object(Illuminate\\Http\\Request))
#62 C:\\xampp\\htdocs\\apply like facebook\\pos6.12\\vendor\\laravel\\framework\\src\\Illuminate\\Pipeline\\Pipeline.php(180): Illuminate\\Foundation\\Http\\Middleware\\PreventRequestsDuringMaintenance->handle(Object(Illuminate\\Http\\Request), Object(Closure))
#63 C:\\xampp\\htdocs\\apply like facebook\\pos6.12\\vendor\\laravel\\framework\\src\\Illuminate\\Http\\Middleware\\HandleCors.php(49): Illuminate\\Pipeline\\Pipeline->Illuminate\\Pipeline\\{closure}(Object(Illuminate\\Http\\Request))
#64 C:\\xampp\\htdocs\\apply like facebook\\pos6.12\\vendor\\laravel\\framework\\src\\Illuminate\\Pipeline\\Pipeline.php(180): Illuminate\\Http\\Middleware\\HandleCors->handle(Object(Illuminate\\Http\\Request), Object(Closure))
#65 C:\\xampp\\htdocs\\apply like facebook\\pos6.12\\vendor\\laravel\\framework\\src\\Illuminate\\Http\\Middleware\\TrustProxies.php(39): Illuminate\\Pipeline\\Pipeline->Illuminate\\Pipeline\\{closure}(Object(Illuminate\\Http\\Request))
#66 C:\\xampp\\htdocs\\apply like facebook\\pos6.12\\vendor\\laravel\\framework\\src\\Illuminate\\Pipeline\\Pipeline.php(180): Illuminate\\Http\\Middleware\\TrustProxies->handle(Object(Illuminate\\Http\\Request), Object(Closure))
#67 C:\\xampp\\htdocs\\apply like facebook\\pos6.12\\vendor\\laravel\\framework\\src\\Illuminate\\Pipeline\\Pipeline.php(116): Illuminate\\Pipeline\\Pipeline->Illuminate\\Pipeline\\{closure}(Object(Illuminate\\Http\\Request))
#68 C:\\xampp\\htdocs\\apply like facebook\\pos6.12\\vendor\\laravel\\framework\\src\\Illuminate\\Foundation\\Http\\Kernel.php(165): Illuminate\\Pipeline\\Pipeline->then(Object(Closure))
#69 C:\\xampp\\htdocs\\apply like facebook\\pos6.12\\vendor\\laravel\\framework\\src\\Illuminate\\Foundation\\Http\\Kernel.php(134): Illuminate\\Foundation\\Http\\Kernel->sendRequestThroughRouter(Object(Illuminate\\Http\\Request))
#70 C:\\xampp\\htdocs\\apply like facebook\\pos6.12\\public\\index.php(56): Illuminate\\Foundation\\Http\\Kernel->handle(Object(Illuminate\\Http\\Request))
#71 C:\\xampp\\htdocs\\apply like facebook\\pos6.12\\vendor\\laravel\\framework\\src\\Illuminate\\Foundation\\resources\\server.php(16): require_once('C:\\\\xampp\\\\htdocs...')
#72 {main}
"} 
[2026-05-24 16:35:42] local.ERROR: SQLSTATE[42S02]: Base table or view not found: 1146 Table 'ky2.users' doesn't exist (SQL: select * from `users` where `id` = 1 and `users`.`deleted_at` is null limit 1) {"exception":"[object] (Illuminate\\Database\\QueryException(code: 42S02): SQLSTATE[42S02]: Base table or view not found: 1146 Table 'ky2.users' doesn't exist (SQL: select * from `users` where `id` = 1 and `users`.`deleted_at` is null limit 1) at C:\\xampp\\htdocs\\apply like facebook\\pos6.12\\vendor\\laravel\\framework\\src\\Illuminate\\Database\\Connection.php:760)
[stacktrace]
#0 C:\\xampp\\htdocs\\apply like facebook\\pos6.12\\vendor\\laravel\\framework\\src\\Illuminate\\Database\\Connection.php(720): Illuminate\\Database\\Connection->runQueryCallback('select * from `...', Array, Object(Closure))
#1 C:\\xampp\\htdocs\\apply like facebook\\pos6.12\\vendor\\laravel\\framework\\src\\Illuminate\\Database\\Connection.php(405): Illuminate\\Database\\Connection->run('select * from `...', Array, Object(Closure))
#2 C:\\xampp\\htdocs\\apply like facebook\\pos6.12\\vendor\\laravel\\framework\\src\\Illuminate\\Database\\Query\\Builder.php(2705): Illuminate\\Database\\Connection->select('select * from `...', Array, true)
#3 C:\\xampp\\htdocs\\apply like facebook\\pos6.12\\vendor\\laravel\\framework\\src\\Illuminate\\Database\\Query\\Builder.php(2694): Illuminate\\Database\\Query\\Builder->runSelect()
#4 C:\\xampp\\htdocs\\apply like facebook\\pos6.12\\vendor\\laravel\\framework\\src\\Illuminate\\Database\\Query\\Builder.php(3230): Illuminate\\Database\\Query\\Builder->Illuminate\\Database\\Query\\{closure}()
#5 C:\\xampp\\htdocs\\apply like facebook\\pos6.12\\vendor\\laravel\\framework\\src\\Illuminate\\Database\\Query\\Builder.php(2693): Illuminate\\Database\\Query\\Builder->onceWithColumns(Array, Object(Closure))
#6 C:\\xampp\\htdocs\\apply like facebook\\pos6.12\\vendor\\laravel\\framework\\src\\Illuminate\\Database\\Eloquent\\Builder.php(710): Illuminate\\Database\\Query\\Builder->get(Array)
#7 C:\\xampp\\htdocs\\apply like facebook\\pos6.12\\vendor\\laravel\\framework\\src\\Illuminate\\Database\\Eloquent\\Builder.php(694): Illuminate\\Database\\Eloquent\\Builder->getModels(Array)
#8 C:\\xampp\\htdocs\\apply like facebook\\pos6.12\\vendor\\laravel\\framework\\src\\Illuminate\\Database\\Concerns\\BuildsQueries.php(296): Illuminate\\Database\\Eloquent\\Builder->get(Array)
#9 C:\\xampp\\htdocs\\apply like facebook\\pos6.12\\vendor\\laravel\\framework\\src\\Illuminate\\Auth\\EloquentUserProvider.php(59): Illuminate\\Database\\Eloquent\\Builder->first()
#10 C:\\xampp\\htdocs\\apply like facebook\\pos6.12\\vendor\\laravel\\framework\\src\\Illuminate\\Auth\\SessionGuard.php(159): Illuminate\\Auth\\EloquentUserProvider->retrieveById(1)
#11 C:\\xampp\\htdocs\\apply like facebook\\pos6.12\\vendor\\laravel\\framework\\src\\Illuminate\\Auth\\GuardHelpers.php(60): Illuminate\\Auth\\SessionGuard->user()
#12 C:\\xampp\\htdocs\\apply like facebook\\pos6.12\\vendor\\laravel\\framework\\src\\Illuminate\\Auth\\Middleware\\Authenticate.php(63): Illuminate\\Auth\\SessionGuard->check()
#13 C:\\xampp\\htdocs\\apply like facebook\\pos6.12\\vendor\\laravel\\framework\\src\\Illuminate\\Auth\\Middleware\\Authenticate.php(42): Illuminate\\Auth\\Middleware\\Authenticate->authenticate(Object(Illuminate\\Http\\Request), Array)
#14 C:\\xampp\\htdocs\\apply like facebook\\pos6.12\\vendor\\laravel\\framework\\src\\Illuminate\\Pipeline\\Pipeline.php(180): Illuminate\\Auth\\Middleware\\Authenticate->handle(Object(Illuminate\\Http\\Request), Object(Closure))
#15 C:\\xampp\\htdocs\\apply like facebook\\pos6.12\\vendor\\laravel\\framework\\src\\Illuminate\\Foundation\\Http\\Middleware\\VerifyCsrfToken.php(78): Illuminate\\Pipeline\\Pipeline->Illuminate\\Pipeline\\{closure}(Object(Illuminate\\Http\\Request))
#16 C:\\xampp\\htdocs\\apply like facebook\\pos6.12\\vendor\\laravel\\framework\\src\\Illuminate\\Pipeline\\Pipeline.php(180): Illuminate\\Foundation\\Http\\Middleware\\VerifyCsrfToken->handle(Object(Illuminate\\Http\\Request), Object(Closure))
#17 C:\\xampp\\htdocs\\apply like facebook\\pos6.12\\vendor\\laravel\\framework\\src\\Illuminate\\View\\Middleware\\ShareErrorsFromSession.php(49): Illuminate\\Pipeline\\Pipeline->Illuminate\\Pipeline\\{closure}(Object(Illuminate\\Http\\Request))
#18 C:\\xampp\\htdocs\\apply like facebook\\pos6.12\\vendor\\laravel\\framework\\src\\Illuminate\\Pipeline\\Pipeline.php(180): Illuminate\\View\\Middleware\\ShareErrorsFromSession->handle(Object(Illuminate\\Http\\Request), Object(Closure))
#19 C:\\xampp\\htdocs\\apply like facebook\\pos6.12\\vendor\\laravel\\framework\\src\\Illuminate\\Session\\Middleware\\StartSession.php(121): Illuminate\\Pipeline\\Pipeline->Illuminate\\Pipeline\\{closure}(Object(Illuminate\\Http\\Request))
#20 C:\\xampp\\htdocs\\apply like facebook\\pos6.12\\vendor\\laravel\\framework\\src\\Illuminate\\Session\\Middleware\\StartSession.php(64): Illuminate\\Session\\Middleware\\StartSession->handleStatefulRequest(Object(Illuminate\\Http\\Request), Object(Illuminate\\Session\\Store), Object(Closure))
#21 C:\\xampp\\htdocs\\apply like facebook\\pos6.12\\vendor\\laravel\\framework\\src\\Illuminate\\Pipeline\\Pipeline.php(180): Illuminate\\Session\\Middleware\\StartSession->handle(Object(Illuminate\\Http\\Request), Object(Closure))
#22 C:\\xampp\\htdocs\\apply like facebook\\pos6.12\\vendor\\laravel\\framework\\src\\Illuminate\\Cookie\\Middleware\\AddQueuedCookiesToResponse.php(37): Illuminate\\Pipeline\\Pipeline->Illuminate\\Pipeline\\{closure}(Object(Illuminate\\Http\\Request))
#23 C:\\xampp\\htdocs\\apply like facebook\\pos6.12\\vendor\\laravel\\framework\\src\\Illuminate\\Pipeline\\Pipeline.php(180): Illuminate\\Cookie\\Middleware\\AddQueuedCookiesToResponse->handle(Object(Illuminate\\Http\\Request), Object(Closure))
#24 C:\\xampp\\htdocs\\apply like facebook\\pos6.12\\vendor\\laravel\\framework\\src\\Illuminate\\Cookie\\Middleware\\EncryptCookies.php(67): Illuminate\\Pipeline\\Pipeline->Illuminate\\Pipeline\\{closure}(Object(Illuminate\\Http\\Request))
#25 C:\\xampp\\htdocs\\apply like facebook\\pos6.12\\vendor\\laravel\\framework\\src\\Illuminate\\Pipeline\\Pipeline.php(180): Illuminate\\Cookie\\Middleware\\EncryptCookies->handle(Object(Illuminate\\Http\\Request), Object(Closure))
#26 C:\\xampp\\htdocs\\apply like facebook\\pos6.12\\vendor\\laravel\\framework\\src\\Illuminate\\Pipeline\\Pipeline.php(116): Illuminate\\Pipeline\\Pipeline->Illuminate\\Pipeline\\{closure}(Object(Illuminate\\Http\\Request))
#27 C:\\xampp\\htdocs\\apply like facebook\\pos6.12\\vendor\\laravel\\framework\\src\\Illuminate\\Routing\\Router.php(797): Illuminate\\Pipeline\\Pipeline->then(Object(Closure))
#28 C:\\xampp\\htdocs\\apply like facebook\\pos6.12\\vendor\\laravel\\framework\\src\\Illuminate\\Routing\\Router.php(776): Illuminate\\Routing\\Router->runRouteWithinStack(Object(Illuminate\\Routing\\Route), Object(Illuminate\\Http\\Request))
#29 C:\\xampp\\htdocs\\apply like facebook\\pos6.12\\vendor\\laravel\\framework\\src\\Illuminate\\Routing\\Router.php(740): Illuminate\\Routing\\Router->runRoute(Object(Illuminate\\Http\\Request), Object(Illuminate\\Routing\\Route))
#30 C:\\xampp\\htdocs\\apply like facebook\\pos6.12\\vendor\\laravel\\framework\\src\\Illuminate\\Routing\\Router.php(729): Illuminate\\Routing\\Router->dispatchToRoute(Object(Illuminate\\Http\\Request))
#31 C:\\xampp\\htdocs\\apply like facebook\\pos6.12\\vendor\\laravel\\framework\\src\\Illuminate\\Foundation\\Http\\Kernel.php(190): Illuminate\\Routing\\Router->dispatch(Object(Illuminate\\Http\\Request))
#32 C:\\xampp\\htdocs\\apply like facebook\\pos6.12\\vendor\\laravel\\framework\\src\\Illuminate\\Pipeline\\Pipeline.php(141): Illuminate\\Foundation\\Http\\Kernel->Illuminate\\Foundation\\Http\\{closure}(Object(Illuminate\\Http\\Request))
#33 C:\\xampp\\htdocs\\apply like facebook\\pos6.12\\vendor\\barryvdh\\laravel-debugbar\\src\\Middleware\\InjectDebugbar.php(59): Illuminate\\Pipeline\\Pipeline->Illuminate\\Pipeline\\{closure}(Object(Illuminate\\Http\\Request))
#34 C:\\xampp\\htdocs\\apply like facebook\\pos6.12\\vendor\\laravel\\framework\\src\\Illuminate\\Pipeline\\Pipeline.php(180): Barryvdh\\Debugbar\\Middleware\\InjectDebugbar->handle(Object(Illuminate\\Http\\Request), Object(Closure))
#35 C:\\xampp\\htdocs\\apply like facebook\\pos6.12\\vendor\\laravel\\framework\\src\\Illuminate\\Foundation\\Http\\Middleware\\TransformsRequest.php(21): Illuminate\\Pipeline\\Pipeline->Illuminate\\Pipeline\\{closure}(Object(Illuminate\\Http\\Request))
#36 C:\\xampp\\htdocs\\apply like facebook\\pos6.12\\vendor\\laravel\\framework\\src\\Illuminate\\Foundation\\Http\\Middleware\\ConvertEmptyStringsToNull.php(31): Illuminate\\Foundation\\Http\\Middleware\\TransformsRequest->handle(Object(Illuminate\\Http\\Request), Object(Closure))
#37 C:\\xampp\\htdocs\\apply like facebook\\pos6.12\\vendor\\laravel\\framework\\src\\Illuminate\\Pipeline\\Pipeline.php(180): Illuminate\\Foundation\\Http\\Middleware\\ConvertEmptyStringsToNull->handle(Object(Illuminate\\Http\\Request), Object(Closure))
#38 C:\\xampp\\htdocs\\apply like facebook\\pos6.12\\vendor\\laravel\\framework\\src\\Illuminate\\Foundation\\Http\\Middleware\\TransformsRequest.php(21): Illuminate\\Pipeline\\Pipeline->Illuminate\\Pipeline\\{closure}(Object(Illuminate\\Http\\Request))
#39 C:\\xampp\\htdocs\\apply like facebook\\pos6.12\\vendor\\laravel\\framework\\src\\Illuminate\\Foundation\\Http\\Middleware\\TrimStrings.php(40): Illuminate\\Foundation\\Http\\Middleware\\TransformsRequest->handle(Object(Illuminate\\Http\\Request), Object(Closure))
#40 C:\\xampp\\htdocs\\apply like facebook\\pos6.12\\vendor\\laravel\\framework\\src\\Illuminate\\Pipeline\\Pipeline.php(180): Illuminate\\Foundation\\Http\\Middleware\\TrimStrings->handle(Object(Illuminate\\Http\\Request), Object(Closure))
#41 C:\\xampp\\htdocs\\apply like facebook\\pos6.12\\vendor\\laravel\\framework\\src\\Illuminate\\Foundation\\Http\\Middleware\\ValidatePostSize.php(27): Illuminate\\Pipeline\\Pipeline->Illuminate\\Pipeline\\{closure}(Object(Illuminate\\Http\\Request))
#42 C:\\xampp\\htdocs\\apply like facebook\\pos6.12\\vendor\\laravel\\framework\\src\\Illuminate\\Pipeline\\Pipeline.php(180): Illuminate\\Foundation\\Http\\Middleware\\ValidatePostSize->handle(Object(Illuminate\\Http\\Request), Object(Closure))
#43 C:\\xampp\\htdocs\\apply like facebook\\pos6.12\\vendor\\laravel\\framework\\src\\Illuminate\\Foundation\\Http\\Middleware\\PreventRequestsDuringMaintenance.php(86): Illuminate\\Pipeline\\Pipeline->Illuminate\\Pipeline\\{closure}(Object(Illuminate\\Http\\Request))
#44 C:\\xampp\\htdocs\\apply like facebook\\pos6.12\\vendor\\laravel\\framework\\src\\Illuminate\\Pipeline\\Pipeline.php(180): Illuminate\\Foundation\\Http\\Middleware\\PreventRequestsDuringMaintenance->handle(Object(Illuminate\\Http\\Request), Object(Closure))
#45 C:\\xampp\\htdocs\\apply like facebook\\pos6.12\\vendor\\laravel\\framework\\src\\Illuminate\\Http\\Middleware\\HandleCors.php(49): Illuminate\\Pipeline\\Pipeline->Illuminate\\Pipeline\\{closure}(Object(Illuminate\\Http\\Request))
#46 C:\\xampp\\htdocs\\apply like facebook\\pos6.12\\vendor\\laravel\\framework\\src\\Illuminate\\Pipeline\\Pipeline.php(180): Illuminate\\Http\\Middleware\\HandleCors->handle(Object(Illuminate\\Http\\Request), Object(Closure))
#47 C:\\xampp\\htdocs\\apply like facebook\\pos6.12\\vendor\\laravel\\framework\\src\\Illuminate\\Http\\Middleware\\TrustProxies.php(39): Illuminate\\Pipeline\\Pipeline->Illuminate\\Pipeline\\{closure}(Object(Illuminate\\Http\\Request))
#48 C:\\xampp\\htdocs\\apply like facebook\\pos6.12\\vendor\\laravel\\framework\\src\\Illuminate\\Pipeline\\Pipeline.php(180): Illuminate\\Http\\Middleware\\TrustProxies->handle(Object(Illuminate\\Http\\Request), Object(Closure))
#49 C:\\xampp\\htdocs\\apply like facebook\\pos6.12\\vendor\\laravel\\framework\\src\\Illuminate\\Pipeline\\Pipeline.php(116): Illuminate\\Pipeline\\Pipeline->Illuminate\\Pipeline\\{closure}(Object(Illuminate\\Http\\Request))
#50 C:\\xampp\\htdocs\\apply like facebook\\pos6.12\\vendor\\laravel\\framework\\src\\Illuminate\\Foundation\\Http\\Kernel.php(165): Illuminate\\Pipeline\\Pipeline->then(Object(Closure))
#51 C:\\xampp\\htdocs\\apply like facebook\\pos6.12\\vendor\\laravel\\framework\\src\\Illuminate\\Foundation\\Http\\Kernel.php(134): Illuminate\\Foundation\\Http\\Kernel->sendRequestThroughRouter(Object(Illuminate\\Http\\Request))
#52 C:\\xampp\\htdocs\\apply like facebook\\pos6.12\\public\\index.php(56): Illuminate\\Foundation\\Http\\Kernel->handle(Object(Illuminate\\Http\\Request))
#53 C:\\xampp\\htdocs\\apply like facebook\\pos6.12\\vendor\\laravel\\framework\\src\\Illuminate\\Foundation\\resources\\server.php(16): require_once('C:\\\\xampp\\\\htdocs...')
#54 {main}

[previous exception] [object] (PDOException(code: 42S02): SQLSTATE[42S02]: Base table or view not found: 1146 Table 'ky2.users' doesn't exist at C:\\xampp\\htdocs\\apply like facebook\\pos6.12\\vendor\\laravel\\framework\\src\\Illuminate\\Database\\Connection.php:414)
[stacktrace]
#0 C:\\xampp\\htdocs\\apply like facebook\\pos6.12\\vendor\\laravel\\framework\\src\\Illuminate\\Database\\Connection.php(414): PDO->prepare('select * from `...')
#1 C:\\xampp\\htdocs\\apply like facebook\\pos6.12\\vendor\\laravel\\framework\\src\\Illuminate\\Database\\Connection.php(753): Illuminate\\Database\\Connection->Illuminate\\Database\\{closure}('select * from `...', Array)
#2 C:\\xampp\\htdocs\\apply like facebook\\pos6.12\\vendor\\laravel\\framework\\src\\Illuminate\\Database\\Connection.php(720): Illuminate\\Database\\Connection->runQueryCallback('select * from `...', Array, Object(Closure))
#3 C:\\xampp\\htdocs\\apply like facebook\\pos6.12\\vendor\\laravel\\framework\\src\\Illuminate\\Database\\Connection.php(405): Illuminate\\Database\\Connection->run('select * from `...', Array, Object(Closure))
#4 C:\\xampp\\htdocs\\apply like facebook\\pos6.12\\vendor\\laravel\\framework\\src\\Illuminate\\Database\\Query\\Builder.php(2705): Illuminate\\Database\\Connection->select('select * from `...', Array, true)
#5 C:\\xampp\\htdocs\\apply like facebook\\pos6.12\\vendor\\laravel\\framework\\src\\Illuminate\\Database\\Query\\Builder.php(2694): Illuminate\\Database\\Query\\Builder->runSelect()
#6 C:\\xampp\\htdocs\\apply like facebook\\pos6.12\\vendor\\laravel\\framework\\src\\Illuminate\\Database\\Query\\Builder.php(3230): Illuminate\\Database\\Query\\Builder->Illuminate\\Database\\Query\\{closure}()
#7 C:\\xampp\\htdocs\\apply like facebook\\pos6.12\\vendor\\laravel\\framework\\src\\Illuminate\\Database\\Query\\Builder.php(2693): Illuminate\\Database\\Query\\Builder->onceWithColumns(Array, Object(Closure))
#8 C:\\xampp\\htdocs\\apply like facebook\\pos6.12\\vendor\\laravel\\framework\\src\\Illuminate\\Database\\Eloquent\\Builder.php(710): Illuminate\\Database\\Query\\Builder->get(Array)
#9 C:\\xampp\\htdocs\\apply like facebook\\pos6.12\\vendor\\laravel\\framework\\src\\Illuminate\\Database\\Eloquent\\Builder.php(694): Illuminate\\Database\\Eloquent\\Builder->getModels(Array)
#10 C:\\xampp\\htdocs\\apply like facebook\\pos6.12\\vendor\\laravel\\framework\\src\\Illuminate\\Database\\Concerns\\BuildsQueries.php(296): Illuminate\\Database\\Eloquent\\Builder->get(Array)
#11 C:\\xampp\\htdocs\\apply like facebook\\pos6.12\\vendor\\laravel\\framework\\src\\Illuminate\\Auth\\EloquentUserProvider.php(59): Illuminate\\Database\\Eloquent\\Builder->first()
#12 C:\\xampp\\htdocs\\apply like facebook\\pos6.12\\vendor\\laravel\\framework\\src\\Illuminate\\Auth\\SessionGuard.php(159): Illuminate\\Auth\\EloquentUserProvider->retrieveById(1)
#13 C:\\xampp\\htdocs\\apply like facebook\\pos6.12\\vendor\\laravel\\framework\\src\\Illuminate\\Auth\\GuardHelpers.php(60): Illuminate\\Auth\\SessionGuard->user()
#14 C:\\xampp\\htdocs\\apply like facebook\\pos6.12\\vendor\\laravel\\framework\\src\\Illuminate\\Auth\\Middleware\\Authenticate.php(63): Illuminate\\Auth\\SessionGuard->check()
#15 C:\\xampp\\htdocs\\apply like facebook\\pos6.12\\vendor\\laravel\\framework\\src\\Illuminate\\Auth\\Middleware\\Authenticate.php(42): Illuminate\\Auth\\Middleware\\Authenticate->authenticate(Object(Illuminate\\Http\\Request), Array)
#16 C:\\xampp\\htdocs\\apply like facebook\\pos6.12\\vendor\\laravel\\framework\\src\\Illuminate\\Pipeline\\Pipeline.php(180): Illuminate\\Auth\\Middleware\\Authenticate->handle(Object(Illuminate\\Http\\Request), Object(Closure))
#17 C:\\xampp\\htdocs\\apply like facebook\\pos6.12\\vendor\\laravel\\framework\\src\\Illuminate\\Foundation\\Http\\Middleware\\VerifyCsrfToken.php(78): Illuminate\\Pipeline\\Pipeline->Illuminate\\Pipeline\\{closure}(Object(Illuminate\\Http\\Request))
#18 C:\\xampp\\htdocs\\apply like facebook\\pos6.12\\vendor\\laravel\\framework\\src\\Illuminate\\Pipeline\\Pipeline.php(180): Illuminate\\Foundation\\Http\\Middleware\\VerifyCsrfToken->handle(Object(Illuminate\\Http\\Request), Object(Closure))
#19 C:\\xampp\\htdocs\\apply like facebook\\pos6.12\\vendor\\laravel\\framework\\src\\Illuminate\\View\\Middleware\\ShareErrorsFromSession.php(49): Illuminate\\Pipeline\\Pipeline->Illuminate\\Pipeline\\{closure}(Object(Illuminate\\Http\\Request))
#20 C:\\xampp\\htdocs\\apply like facebook\\pos6.12\\vendor\\laravel\\framework\\src\\Illuminate\\Pipeline\\Pipeline.php(180): Illuminate\\View\\Middleware\\ShareErrorsFromSession->handle(Object(Illuminate\\Http\\Request), Object(Closure))
#21 C:\\xampp\\htdocs\\apply like facebook\\pos6.12\\vendor\\laravel\\framework\\src\\Illuminate\\Session\\Middleware\\StartSession.php(121): Illuminate\\Pipeline\\Pipeline->Illuminate\\Pipeline\\{closure}(Object(Illuminate\\Http\\Request))
#22 C:\\xampp\\htdocs\\apply like facebook\\pos6.12\\vendor\\laravel\\framework\\src\\Illuminate\\Session\\Middleware\\StartSession.php(64): Illuminate\\Session\\Middleware\\StartSession->handleStatefulRequest(Object(Illuminate\\Http\\Request), Object(Illuminate\\Session\\Store), Object(Closure))
#23 C:\\xampp\\htdocs\\apply like facebook\\pos6.12\\vendor\\laravel\\framework\\src\\Illuminate\\Pipeline\\Pipeline.php(180): Illuminate\\Session\\Middleware\\StartSession->handle(Object(Illuminate\\Http\\Request), Object(Closure))
#24 C:\\xampp\\htdocs\\apply like facebook\\pos6.12\\vendor\\laravel\\framework\\src\\Illuminate\\Cookie\\Middleware\\AddQueuedCookiesToResponse.php(37): Illuminate\\Pipeline\\Pipeline->Illuminate\\Pipeline\\{closure}(Object(Illuminate\\Http\\Request))
#25 C:\\xampp\\htdocs\\apply like facebook\\pos6.12\\vendor\\laravel\\framework\\src\\Illuminate\\Pipeline\\Pipeline.php(180): Illuminate\\Cookie\\Middleware\\AddQueuedCookiesToResponse->handle(Object(Illuminate\\Http\\Request), Object(Closure))
#26 C:\\xampp\\htdocs\\apply like facebook\\pos6.12\\vendor\\laravel\\framework\\src\\Illuminate\\Cookie\\Middleware\\EncryptCookies.php(67): Illuminate\\Pipeline\\Pipeline->Illuminate\\Pipeline\\{closure}(Object(Illuminate\\Http\\Request))
#27 C:\\xampp\\htdocs\\apply like facebook\\pos6.12\\vendor\\laravel\\framework\\src\\Illuminate\\Pipeline\\Pipeline.php(180): Illuminate\\Cookie\\Middleware\\EncryptCookies->handle(Object(Illuminate\\Http\\Request), Object(Closure))
#28 C:\\xampp\\htdocs\\apply like facebook\\pos6.12\\vendor\\laravel\\framework\\src\\Illuminate\\Pipeline\\Pipeline.php(116): Illuminate\\Pipeline\\Pipeline->Illuminate\\Pipeline\\{closure}(Object(Illuminate\\Http\\Request))
#29 C:\\xampp\\htdocs\\apply like facebook\\pos6.12\\vendor\\laravel\\framework\\src\\Illuminate\\Routing\\Router.php(797): Illuminate\\Pipeline\\Pipeline->then(Object(Closure))
#30 C:\\xampp\\htdocs\\apply like facebook\\pos6.12\\vendor\\laravel\\framework\\src\\Illuminate\\Routing\\Router.php(776): Illuminate\\Routing\\Router->runRouteWithinStack(Object(Illuminate\\Routing\\Route), Object(Illuminate\\Http\\Request))
#31 C:\\xampp\\htdocs\\apply like facebook\\pos6.12\\vendor\\laravel\\framework\\src\\Illuminate\\Routing\\Router.php(740): Illuminate\\Routing\\Router->runRoute(Object(Illuminate\\Http\\Request), Object(Illuminate\\Routing\\Route))
#32 C:\\xampp\\htdocs\\apply like facebook\\pos6.12\\vendor\\laravel\\framework\\src\\Illuminate\\Routing\\Router.php(729): Illuminate\\Routing\\Router->dispatchToRoute(Object(Illuminate\\Http\\Request))
#33 C:\\xampp\\htdocs\\apply like facebook\\pos6.12\\vendor\\laravel\\framework\\src\\Illuminate\\Foundation\\Http\\Kernel.php(190): Illuminate\\Routing\\Router->dispatch(Object(Illuminate\\Http\\Request))
#34 C:\\xampp\\htdocs\\apply like facebook\\pos6.12\\vendor\\laravel\\framework\\src\\Illuminate\\Pipeline\\Pipeline.php(141): Illuminate\\Foundation\\Http\\Kernel->Illuminate\\Foundation\\Http\\{closure}(Object(Illuminate\\Http\\Request))
#35 C:\\xampp\\htdocs\\apply like facebook\\pos6.12\\vendor\\barryvdh\\laravel-debugbar\\src\\Middleware\\InjectDebugbar.php(59): Illuminate\\Pipeline\\Pipeline->Illuminate\\Pipeline\\{closure}(Object(Illuminate\\Http\\Request))
#36 C:\\xampp\\htdocs\\apply like facebook\\pos6.12\\vendor\\laravel\\framework\\src\\Illuminate\\Pipeline\\Pipeline.php(180): Barryvdh\\Debugbar\\Middleware\\InjectDebugbar->handle(Object(Illuminate\\Http\\Request), Object(Closure))
#37 C:\\xampp\\htdocs\\apply like facebook\\pos6.12\\vendor\\laravel\\framework\\src\\Illuminate\\Foundation\\Http\\Middleware\\TransformsRequest.php(21): Illuminate\\Pipeline\\Pipeline->Illuminate\\Pipeline\\{closure}(Object(Illuminate\\Http\\Request))
#38 C:\\xampp\\htdocs\\apply like facebook\\pos6.12\\vendor\\laravel\\framework\\src\\Illuminate\\Foundation\\Http\\Middleware\\ConvertEmptyStringsToNull.php(31): Illuminate\\Foundation\\Http\\Middleware\\TransformsRequest->handle(Object(Illuminate\\Http\\Request), Object(Closure))
#39 C:\\xampp\\htdocs\\apply like facebook\\pos6.12\\vendor\\laravel\\framework\\src\\Illuminate\\Pipeline\\Pipeline.php(180): Illuminate\\Foundation\\Http\\Middleware\\ConvertEmptyStringsToNull->handle(Object(Illuminate\\Http\\Request), Object(Closure))
#40 C:\\xampp\\htdocs\\apply like facebook\\pos6.12\\vendor\\laravel\\framework\\src\\Illuminate\\Foundation\\Http\\Middleware\\TransformsRequest.php(21): Illuminate\\Pipeline\\Pipeline->Illuminate\\Pipeline\\{closure}(Object(Illuminate\\Http\\Request))
#41 C:\\xampp\\htdocs\\apply like facebook\\pos6.12\\vendor\\laravel\\framework\\src\\Illuminate\\Foundation\\Http\\Middleware\\TrimStrings.php(40): Illuminate\\Foundation\\Http\\Middleware\\TransformsRequest->handle(Object(Illuminate\\Http\\Request), Object(Closure))
#42 C:\\xampp\\htdocs\\apply like facebook\\pos6.12\\vendor\\laravel\\framework\\src\\Illuminate\\Pipeline\\Pipeline.php(180): Illuminate\\Foundation\\Http\\Middleware\\TrimStrings->handle(Object(Illuminate\\Http\\Request), Object(Closure))
#43 C:\\xampp\\htdocs\\apply like facebook\\pos6.12\\vendor\\laravel\\framework\\src\\Illuminate\\Foundation\\Http\\Middleware\\ValidatePostSize.php(27): Illuminate\\Pipeline\\Pipeline->Illuminate\\Pipeline\\{closure}(Object(Illuminate\\Http\\Request))
#44 C:\\xampp\\htdocs\\apply like facebook\\pos6.12\\vendor\\laravel\\framework\\src\\Illuminate\\Pipeline\\Pipeline.php(180): Illuminate\\Foundation\\Http\\Middleware\\ValidatePostSize->handle(Object(Illuminate\\Http\\Request), Object(Closure))
#45 C:\\xampp\\htdocs\\apply like facebook\\pos6.12\\vendor\\laravel\\framework\\src\\Illuminate\\Foundation\\Http\\Middleware\\PreventRequestsDuringMaintenance.php(86): Illuminate\\Pipeline\\Pipeline->Illuminate\\Pipeline\\{closure}(Object(Illuminate\\Http\\Request))
#46 C:\\xampp\\htdocs\\apply like facebook\\pos6.12\\vendor\\laravel\\framework\\src\\Illuminate\\Pipeline\\Pipeline.php(180): Illuminate\\Foundation\\Http\\Middleware\\PreventRequestsDuringMaintenance->handle(Object(Illuminate\\Http\\Request), Object(Closure))
#47 C:\\xampp\\htdocs\\apply like facebook\\pos6.12\\vendor\\laravel\\framework\\src\\Illuminate\\Http\\Middleware\\HandleCors.php(49): Illuminate\\Pipeline\\Pipeline->Illuminate\\Pipeline\\{closure}(Object(Illuminate\\Http\\Request))
#48 C:\\xampp\\htdocs\\apply like facebook\\pos6.12\\vendor\\laravel\\framework\\src\\Illuminate\\Pipeline\\Pipeline.php(180): Illuminate\\Http\\Middleware\\HandleCors->handle(Object(Illuminate\\Http\\Request), Object(Closure))
#49 C:\\xampp\\htdocs\\apply like facebook\\pos6.12\\vendor\\laravel\\framework\\src\\Illuminate\\Http\\Middleware\\TrustProxies.php(39): Illuminate\\Pipeline\\Pipeline->Illuminate\\Pipeline\\{closure}(Object(Illuminate\\Http\\Request))
#50 C:\\xampp\\htdocs\\apply like facebook\\pos6.12\\vendor\\laravel\\framework\\src\\Illuminate\\Pipeline\\Pipeline.php(180): Illuminate\\Http\\Middleware\\TrustProxies->handle(Object(Illuminate\\Http\\Request), Object(Closure))
#51 C:\\xampp\\htdocs\\apply like facebook\\pos6.12\\vendor\\laravel\\framework\\src\\Illuminate\\Pipeline\\Pipeline.php(116): Illuminate\\Pipeline\\Pipeline->Illuminate\\Pipeline\\{closure}(Object(Illuminate\\Http\\Request))
#52 C:\\xampp\\htdocs\\apply like facebook\\pos6.12\\vendor\\laravel\\framework\\src\\Illuminate\\Foundation\\Http\\Kernel.php(165): Illuminate\\Pipeline\\Pipeline->then(Object(Closure))
#53 C:\\xampp\\htdocs\\apply like facebook\\pos6.12\\vendor\\laravel\\framework\\src\\Illuminate\\Foundation\\Http\\Kernel.php(134): Illuminate\\Foundation\\Http\\Kernel->sendRequestThroughRouter(Object(Illuminate\\Http\\Request))
#54 C:\\xampp\\htdocs\\apply like facebook\\pos6.12\\public\\index.php(56): Illuminate\\Foundation\\Http\\Kernel->handle(Object(Illuminate\\Http\\Request))
#55 C:\\xampp\\htdocs\\apply like facebook\\pos6.12\\vendor\\laravel\\framework\\src\\Illuminate\\Foundation\\resources\\server.php(16): require_once('C:\\\\xampp\\\\htdocs...')
#56 {main}
"} 
[2026-05-24 21:26:13] local.INFO: Business location export {"business_id":1,"user_id":1,"format":"xlsx","include_inactive":true,"count":46} 
