[2026-05-22 01:20:57] local.ERROR: file_put_contents(C:\xampp\htdocs\apply like facebook\pos6.12\storage\framework/cache/data/85/5f/855f92484c8c414d36c1b25cb24876e30229cbbf): Failed to open stream: Permission denied {"userId":1,"exception":"[object] (Spatie\\LaravelIgnition\\Exceptions\\ViewException(code: 0): file_put_contents(C:\\xampp\\htdocs\\apply like facebook\\pos6.12\\storage\\framework/cache/data/85/5f/855f92484c8c414d36c1b25cb24876e30229cbbf): Failed to open stream: Permission denied at C:\\xampp\\htdocs\\apply like facebook\\pos6.12\\vendor\\laravel\\framework\\src\\Illuminate\\Filesystem\\Filesystem.php:190)
[stacktrace]
#0 C:\\xampp\\htdocs\\apply like facebook\\pos6.12\\vendor\\laravel\\framework\\src\\Illuminate\\Foundation\\Bootstrap\\HandleExceptions.php(270): Illuminate\\Foundation\\Bootstrap\\HandleExceptions->handleError(2, 'file_put_conten...', 'C:\\\\xampp\\\\htdocs...', 190)
#1 [internal function]: Illuminate\\Foundation\\Bootstrap\\HandleExceptions->Illuminate\\Foundation\\Bootstrap\\{closure}(2, 'file_put_conten...', 'C:\\\\xampp\\\\htdocs...', 190)
#2 C:\\xampp\\htdocs\\apply like facebook\\pos6.12\\vendor\\laravel\\framework\\src\\Illuminate\\Filesystem\\Filesystem.php(190): file_put_contents('C:\\\\xampp\\\\htdocs...', '1779474056a:3:{...', 2)
#3 C:\\xampp\\htdocs\\apply like facebook\\pos6.12\\vendor\\laravel\\framework\\src\\Illuminate\\Cache\\FileStore.php(76): Illuminate\\Filesystem\\Filesystem->put('C:\\\\xampp\\\\htdocs...', '1779474056a:3:{...', true)
#4 C:\\xampp\\htdocs\\apply like facebook\\pos6.12\\vendor\\laravel\\framework\\src\\Illuminate\\Cache\\Repository.php(217): Illuminate\\Cache\\FileStore->put('spatie.permissi...', Array, 86400)
#5 C:\\xampp\\htdocs\\apply like facebook\\pos6.12\\vendor\\laravel\\framework\\src\\Illuminate\\Cache\\Repository.php(399): Illuminate\\Cache\\Repository->put('spatie.permissi...', Array, Object(DateInterval))
#6 C:\\xampp\\htdocs\\apply like facebook\\pos6.12\\vendor\\spatie\\laravel-permission\\src\\PermissionRegistrar.php(173): Illuminate\\Cache\\Repository->remember('spatie.permissi...', Object(DateInterval), Object(Closure))
#7 C:\\xampp\\htdocs\\apply like facebook\\pos6.12\\vendor\\spatie\\laravel-permission\\src\\PermissionRegistrar.php(199): Spatie\\Permission\\PermissionRegistrar->loadPermissions()
#8 C:\\xampp\\htdocs\\apply like facebook\\pos6.12\\vendor\\spatie\\laravel-permission\\src\\Models\\Permission.php(145): Spatie\\Permission\\PermissionRegistrar->getPermissions(Array, true)
#9 C:\\xampp\\htdocs\\apply like facebook\\pos6.12\\vendor\\spatie\\laravel-permission\\src\\Models\\Permission.php(155): Spatie\\Permission\\Models\\Permission::getPermissions(Array, true)
#10 C:\\xampp\\htdocs\\apply like facebook\\pos6.12\\vendor\\spatie\\laravel-permission\\src\\Models\\Permission.php(94): Spatie\\Permission\\Models\\Permission::getPermission(Array)
#11 C:\\xampp\\htdocs\\apply like facebook\\pos6.12\\vendor\\spatie\\laravel-permission\\src\\Traits\\HasPermissions.php(157): Spatie\\Permission\\Models\\Permission::findByName('loan_management...', 'web')
#12 C:\\xampp\\htdocs\\apply like facebook\\pos6.12\\vendor\\spatie\\laravel-permission\\src\\Traits\\HasPermissions.php(191): App\\User->filterPermission('loan_management...', NULL)
#13 C:\\xampp\\htdocs\\apply like facebook\\pos6.12\\vendor\\spatie\\laravel-permission\\src\\Traits\\HasPermissions.php(244): App\\User->hasPermissionTo('loan_management...', NULL)
#14 C:\\xampp\\htdocs\\apply like facebook\\pos6.12\\vendor\\spatie\\laravel-permission\\src\\PermissionRegistrar.php(136): App\\User->checkPermissionTo('loan_management...')
#15 C:\\xampp\\htdocs\\apply like facebook\\pos6.12\\vendor\\laravel\\framework\\src\\Illuminate\\Auth\\Access\\Gate.php(553): Spatie\\Permission\\PermissionRegistrar->Spatie\\Permission\\{closure}(Object(App\\User), 'loan_management...', Array)
#16 C:\\xampp\\htdocs\\apply like facebook\\pos6.12\\vendor\\laravel\\framework\\src\\Illuminate\\Auth\\Access\\Gate.php(425): Illuminate\\Auth\\Access\\Gate->callBeforeCallbacks(Object(App\\User), 'loan_management...', Array)
#17 C:\\xampp\\htdocs\\apply like facebook\\pos6.12\\vendor\\laravel\\framework\\src\\Illuminate\\Auth\\Access\\Gate.php(395): Illuminate\\Auth\\Access\\Gate->raw('loan_management...', Array)
#18 C:\\xampp\\htdocs\\apply like facebook\\pos6.12\\vendor\\laravel\\framework\\src\\Illuminate\\Auth\\Access\\Gate.php(343): Illuminate\\Auth\\Access\\Gate->inspect('loan_management...', Array)
#19 C:\\xampp\\htdocs\\apply like facebook\\pos6.12\\vendor\\laravel\\framework\\src\\Illuminate\\Collections\\Traits\\EnumeratesValues.php(272): Illuminate\\Auth\\Access\\Gate->Illuminate\\Auth\\Access\\{closure}('loan_management...', 0)
#20 C:\\xampp\\htdocs\\apply like facebook\\pos6.12\\vendor\\laravel\\framework\\src\\Illuminate\\Auth\\Access\\Gate.php(342): Illuminate\\Support\\Collection->every(Object(Closure))
#21 C:\\xampp\\htdocs\\apply like facebook\\pos6.12\\vendor\\laravel\\framework\\src\\Illuminate\\Foundation\\Auth\\Access\\Authorizable.php(18): Illuminate\\Auth\\Access\\Gate->check('loan_management...', Array)
#22 C:\\xampp\\htdocs\\apply like facebook\\pos6.12\\Modules\\LoanManagement\\Http\\Controllers\\DataController.php(93): Illuminate\\Foundation\\Auth\\User->can('loan_management...')
#23 [internal function]: Modules\\LoanManagement\\Http\\Controllers\\DataController->get_additional_script()
#24 C:\\xampp\\htdocs\\apply like facebook\\pos6.12\\app\\Utils\\ModuleUtil.php(109): call_user_func(Array)
#25 C:\\xampp\\htdocs\\apply like facebook\\pos6.12\\app\\Providers\\AppServiceProvider.php(103): App\\Utils\\ModuleUtil->getModuleData('get_additional_...')
#26 C:\\xampp\\htdocs\\apply like facebook\\pos6.12\\vendor\\laravel\\framework\\src\\Illuminate\\View\\Concerns\\ManagesEvents.php(162): App\\Providers\\AppServiceProvider->App\\Providers\\{closure}(Object(Illuminate\\View\\View))
#27 C:\\xampp\\htdocs\\apply like facebook\\pos6.12\\vendor\\laravel\\framework\\src\\Illuminate\\Events\\Dispatcher.php(418): Illuminate\\View\\Factory->Illuminate\\View\\Concerns\\{closure}('composing: layo...', Array)
#28 C:\\xampp\\htdocs\\apply like facebook\\pos6.12\\vendor\\laravel\\framework\\src\\Illuminate\\Events\\Dispatcher.php(249): Illuminate\\Events\\Dispatcher->Illuminate\\Events\\{closure}('composing: layo...', Array)
#29 C:\\xampp\\htdocs\\apply like facebook\\pos6.12\\vendor\\laravel\\framework\\src\\Illuminate\\View\\Concerns\\ManagesEvents.php(177): Illuminate\\Events\\Dispatcher->dispatch('composing: layo...', Array)
#30 C:\\xampp\\htdocs\\apply like facebook\\pos6.12\\vendor\\laravel\\framework\\src\\Illuminate\\View\\View.php(176): Illuminate\\View\\Factory->callComposer(Object(Illuminate\\View\\View))
#31 C:\\xampp\\htdocs\\apply like facebook\\pos6.12\\vendor\\laravel\\framework\\src\\Illuminate\\View\\View.php(147): Illuminate\\View\\View->renderContents()
#32 C:\\xampp\\htdocs\\apply like facebook\\pos6.12\\resources\\views\\layouts\\app.blade.php(32): Illuminate\\View\\View->render()
#33 C:\\xampp\\htdocs\\apply like facebook\\pos6.12\\vendor\\laravel\\framework\\src\\Illuminate\\Filesystem\\Filesystem.php(109): require('C:\\\\xampp\\\\htdocs...')
#34 C:\\xampp\\htdocs\\apply like facebook\\pos6.12\\vendor\\laravel\\framework\\src\\Illuminate\\Filesystem\\Filesystem.php(110): Illuminate\\Filesystem\\Filesystem::Illuminate\\Filesystem\\{closure}()
#35 C:\\xampp\\htdocs\\apply like facebook\\pos6.12\\vendor\\laravel\\framework\\src\\Illuminate\\View\\Engines\\PhpEngine.php(58): Illuminate\\Filesystem\\Filesystem->getRequire('C:\\\\xampp\\\\htdocs...', Array)
#36 C:\\xampp\\htdocs\\apply like facebook\\pos6.12\\vendor\\laravel\\framework\\src\\Illuminate\\View\\Engines\\CompilerEngine.php(70): Illuminate\\View\\Engines\\PhpEngine->evaluatePath('C:\\\\xampp\\\\htdocs...', Array)
#37 C:\\xampp\\htdocs\\apply like facebook\\pos6.12\\vendor\\laravel\\framework\\src\\Illuminate\\View\\View.php(195): Illuminate\\View\\Engines\\CompilerEngine->get('C:\\\\xampp\\\\htdocs...', Array)
#38 C:\\xampp\\htdocs\\apply like facebook\\pos6.12\\vendor\\laravel\\framework\\src\\Illuminate\\View\\View.php(178): Illuminate\\View\\View->getContents()
#39 C:\\xampp\\htdocs\\apply like facebook\\pos6.12\\vendor\\laravel\\framework\\src\\Illuminate\\View\\View.php(147): Illuminate\\View\\View->renderContents()
#40 C:\\xampp\\htdocs\\apply like facebook\\pos6.12\\Modules\\LoanManagement\\Resources\\views\\layouts\\app.blade.php(302): Illuminate\\View\\View->render()
#41 C:\\xampp\\htdocs\\apply like facebook\\pos6.12\\vendor\\laravel\\framework\\src\\Illuminate\\Filesystem\\Filesystem.php(109): require('C:\\\\xampp\\\\htdocs...')
#42 C:\\xampp\\htdocs\\apply like facebook\\pos6.12\\vendor\\laravel\\framework\\src\\Illuminate\\Filesystem\\Filesystem.php(110): Illuminate\\Filesystem\\Filesystem::Illuminate\\Filesystem\\{closure}()
#43 C:\\xampp\\htdocs\\apply like facebook\\pos6.12\\vendor\\laravel\\framework\\src\\Illuminate\\View\\Engines\\PhpEngine.php(58): Illuminate\\Filesystem\\Filesystem->getRequire('C:\\\\xampp\\\\htdocs...', Array)
#44 C:\\xampp\\htdocs\\apply like facebook\\pos6.12\\vendor\\laravel\\framework\\src\\Illuminate\\View\\Engines\\CompilerEngine.php(70): Illuminate\\View\\Engines\\PhpEngine->evaluatePath('C:\\\\xampp\\\\htdocs...', Array)
#45 C:\\xampp\\htdocs\\apply like facebook\\pos6.12\\vendor\\laravel\\framework\\src\\Illuminate\\View\\View.php(195): Illuminate\\View\\Engines\\CompilerEngine->get('C:\\\\xampp\\\\htdocs...', Array)
#46 C:\\xampp\\htdocs\\apply like facebook\\pos6.12\\vendor\\laravel\\framework\\src\\Illuminate\\View\\View.php(178): Illuminate\\View\\View->getContents()
#47 C:\\xampp\\htdocs\\apply like facebook\\pos6.12\\vendor\\laravel\\framework\\src\\Illuminate\\View\\View.php(147): Illuminate\\View\\View->renderContents()
#48 C:\\xampp\\htdocs\\apply like facebook\\pos6.12\\Modules\\LoanManagement\\Resources\\views\\tools\\import_export.blade.php(342): Illuminate\\View\\View->render()
#49 C:\\xampp\\htdocs\\apply like facebook\\pos6.12\\vendor\\laravel\\framework\\src\\Illuminate\\Filesystem\\Filesystem.php(109): require('C:\\\\xampp\\\\htdocs...')
#50 C:\\xampp\\htdocs\\apply like facebook\\pos6.12\\vendor\\laravel\\framework\\src\\Illuminate\\Filesystem\\Filesystem.php(110): Illuminate\\Filesystem\\Filesystem::Illuminate\\Filesystem\\{closure}()
#51 C:\\xampp\\htdocs\\apply like facebook\\pos6.12\\vendor\\laravel\\framework\\src\\Illuminate\\View\\Engines\\PhpEngine.php(58): Illuminate\\Filesystem\\Filesystem->getRequire('C:\\\\xampp\\\\htdocs...', Array)
#52 C:\\xampp\\htdocs\\apply like facebook\\pos6.12\\vendor\\laravel\\framework\\src\\Illuminate\\View\\Engines\\CompilerEngine.php(70): Illuminate\\View\\Engines\\PhpEngine->evaluatePath('C:\\\\xampp\\\\htdocs...', Array)
#53 C:\\xampp\\htdocs\\apply like facebook\\pos6.12\\vendor\\laravel\\framework\\src\\Illuminate\\View\\View.php(195): Illuminate\\View\\Engines\\CompilerEngine->get('C:\\\\xampp\\\\htdocs...', Array)
#54 C:\\xampp\\htdocs\\apply like facebook\\pos6.12\\vendor\\laravel\\framework\\src\\Illuminate\\View\\View.php(178): Illuminate\\View\\View->getContents()
#55 C:\\xampp\\htdocs\\apply like facebook\\pos6.12\\vendor\\laravel\\framework\\src\\Illuminate\\View\\View.php(147): Illuminate\\View\\View->renderContents()
#56 C:\\xampp\\htdocs\\apply like facebook\\pos6.12\\vendor\\laravel\\framework\\src\\Illuminate\\Http\\Response.php(69): Illuminate\\View\\View->render()
#57 C:\\xampp\\htdocs\\apply like facebook\\pos6.12\\vendor\\laravel\\framework\\src\\Illuminate\\Http\\Response.php(35): Illuminate\\Http\\Response->setContent(Object(Illuminate\\View\\View))
#58 C:\\xampp\\htdocs\\apply like facebook\\pos6.12\\vendor\\laravel\\framework\\src\\Illuminate\\Routing\\Router.php(906): Illuminate\\Http\\Response->__construct(Object(Illuminate\\View\\View), 200, Array)
#59 C:\\xampp\\htdocs\\apply like facebook\\pos6.12\\vendor\\laravel\\framework\\src\\Illuminate\\Routing\\Router.php(875): Illuminate\\Routing\\Router::toResponse(Object(Illuminate\\Http\\Request), Object(Illuminate\\View\\View))
#60 C:\\xampp\\htdocs\\apply like facebook\\pos6.12\\vendor\\laravel\\framework\\src\\Illuminate\\Routing\\Router.php(797): Illuminate\\Routing\\Router->prepareResponse(Object(Illuminate\\Http\\Request), Object(Illuminate\\View\\View))
#61 C:\\xampp\\htdocs\\apply like facebook\\pos6.12\\vendor\\laravel\\framework\\src\\Illuminate\\Pipeline\\Pipeline.php(141): Illuminate\\Routing\\Router->Illuminate\\Routing\\{closure}(Object(Illuminate\\Http\\Request))
#62 C:\\xampp\\htdocs\\apply like facebook\\pos6.12\\Modules\\LoanManagement\\Http\\Middleware\\LoanPermissionMiddleware.php(20): Illuminate\\Pipeline\\Pipeline->Illuminate\\Pipeline\\{closure}(Object(Illuminate\\Http\\Request))
#63 C:\\xampp\\htdocs\\apply like facebook\\pos6.12\\vendor\\laravel\\framework\\src\\Illuminate\\Pipeline\\Pipeline.php(180): Modules\\LoanManagement\\Http\\Middleware\\LoanPermissionMiddleware->handle(Object(Illuminate\\Http\\Request), Object(Closure), 'loan_management...')
#64 C:\\xampp\\htdocs\\apply like facebook\\pos6.12\\app\\Http\\Middleware\\CheckUserLogin.php(22): Illuminate\\Pipeline\\Pipeline->Illuminate\\Pipeline\\{closure}(Object(Illuminate\\Http\\Request))
#65 C:\\xampp\\htdocs\\apply like facebook\\pos6.12\\vendor\\laravel\\framework\\src\\Illuminate\\Pipeline\\Pipeline.php(180): App\\Http\\Middleware\\CheckUserLogin->handle(Object(Illuminate\\Http\\Request), Object(Closure))
#66 C:\\xampp\\htdocs\\apply like facebook\\pos6.12\\app\\Http\\Middleware\\AdminSidebarMenu.php(901): Illuminate\\Pipeline\\Pipeline->Illuminate\\Pipeline\\{closure}(Object(Illuminate\\Http\\Request))
#67 C:\\xampp\\htdocs\\apply like facebook\\pos6.12\\vendor\\laravel\\framework\\src\\Illuminate\\Pipeline\\Pipeline.php(180): App\\Http\\Middleware\\AdminSidebarMenu->handle(Object(Illuminate\\Http\\Request), Object(Closure))
#68 C:\\xampp\\htdocs\\apply like facebook\\pos6.12\\app\\Http\\Middleware\\Timezone.php(30): Illuminate\\Pipeline\\Pipeline->Illuminate\\Pipeline\\{closure}(Object(Illuminate\\Http\\Request))
#69 C:\\xampp\\htdocs\\apply like facebook\\pos6.12\\vendor\\laravel\\framework\\src\\Illuminate\\Pipeline\\Pipeline.php(180): App\\Http\\Middleware\\Timezone->handle(Object(Illuminate\\Http\\Request), Object(Closure))
#70 C:\\xampp\\htdocs\\apply like facebook\\pos6.12\\app\\Http\\Middleware\\Language.php(25): Illuminate\\Pipeline\\Pipeline->Illuminate\\Pipeline\\{closure}(Object(Illuminate\\Http\\Request))
#71 C:\\xampp\\htdocs\\apply like facebook\\pos6.12\\vendor\\laravel\\framework\\src\\Illuminate\\Pipeline\\Pipeline.php(180): App\\Http\\Middleware\\Language->handle(Object(Illuminate\\Http\\Request), Object(Closure))
#72 C:\\xampp\\htdocs\\apply like facebook\\pos6.12\\app\\Http\\Middleware\\SetSessionData.php(52): Illuminate\\Pipeline\\Pipeline->Illuminate\\Pipeline\\{closure}(Object(Illuminate\\Http\\Request))
#73 C:\\xampp\\htdocs\\apply like facebook\\pos6.12\\vendor\\laravel\\framework\\src\\Illuminate\\Pipeline\\Pipeline.php(180): App\\Http\\Middleware\\SetSessionData->handle(Object(Illuminate\\Http\\Request), Object(Closure))
#74 C:\\xampp\\htdocs\\apply like facebook\\pos6.12\\vendor\\barryvdh\\laravel-debugbar\\src\\Middleware\\InjectDebugbar.php(59): Illuminate\\Pipeline\\Pipeline->Illuminate\\Pipeline\\{closure}(Object(Illuminate\\Http\\Request))
#75 C:\\xampp\\htdocs\\apply like facebook\\pos6.12\\vendor\\laravel\\framework\\src\\Illuminate\\Pipeline\\Pipeline.php(180): Barryvdh\\Debugbar\\Middleware\\InjectDebugbar->handle(Object(Illuminate\\Http\\Request), Object(Closure))
#76 C:\\xampp\\htdocs\\apply like facebook\\pos6.12\\vendor\\laravel\\framework\\src\\Illuminate\\Routing\\Middleware\\SubstituteBindings.php(50): Illuminate\\Pipeline\\Pipeline->Illuminate\\Pipeline\\{closure}(Object(Illuminate\\Http\\Request))
#77 C:\\xampp\\htdocs\\apply like facebook\\pos6.12\\vendor\\laravel\\framework\\src\\Illuminate\\Pipeline\\Pipeline.php(180): Illuminate\\Routing\\Middleware\\SubstituteBindings->handle(Object(Illuminate\\Http\\Request), Object(Closure))
#78 C:\\xampp\\htdocs\\apply like facebook\\pos6.12\\vendor\\laravel\\framework\\src\\Illuminate\\Auth\\Middleware\\Authenticate.php(44): Illuminate\\Pipeline\\Pipeline->Illuminate\\Pipeline\\{closure}(Object(Illuminate\\Http\\Request))
#79 C:\\xampp\\htdocs\\apply like facebook\\pos6.12\\vendor\\laravel\\framework\\src\\Illuminate\\Pipeline\\Pipeline.php(180): Illuminate\\Auth\\Middleware\\Authenticate->handle(Object(Illuminate\\Http\\Request), Object(Closure))
#80 C:\\xampp\\htdocs\\apply like facebook\\pos6.12\\vendor\\laravel\\framework\\src\\Illuminate\\Foundation\\Http\\Middleware\\VerifyCsrfToken.php(78): Illuminate\\Pipeline\\Pipeline->Illuminate\\Pipeline\\{closure}(Object(Illuminate\\Http\\Request))
#81 C:\\xampp\\htdocs\\apply like facebook\\pos6.12\\vendor\\laravel\\framework\\src\\Illuminate\\Pipeline\\Pipeline.php(180): Illuminate\\Foundation\\Http\\Middleware\\VerifyCsrfToken->handle(Object(Illuminate\\Http\\Request), Object(Closure))
#82 C:\\xampp\\htdocs\\apply like facebook\\pos6.12\\vendor\\laravel\\framework\\src\\Illuminate\\View\\Middleware\\ShareErrorsFromSession.php(49): Illuminate\\Pipeline\\Pipeline->Illuminate\\Pipeline\\{closure}(Object(Illuminate\\Http\\Request))
#83 C:\\xampp\\htdocs\\apply like facebook\\pos6.12\\vendor\\laravel\\framework\\src\\Illuminate\\Pipeline\\Pipeline.php(180): Illuminate\\View\\Middleware\\ShareErrorsFromSession->handle(Object(Illuminate\\Http\\Request), Object(Closure))
#84 C:\\xampp\\htdocs\\apply like facebook\\pos6.12\\vendor\\laravel\\framework\\src\\Illuminate\\Session\\Middleware\\StartSession.php(121): Illuminate\\Pipeline\\Pipeline->Illuminate\\Pipeline\\{closure}(Object(Illuminate\\Http\\Request))
#85 C:\\xampp\\htdocs\\apply like facebook\\pos6.12\\vendor\\laravel\\framework\\src\\Illuminate\\Session\\Middleware\\StartSession.php(64): Illuminate\\Session\\Middleware\\StartSession->handleStatefulRequest(Object(Illuminate\\Http\\Request), Object(Illuminate\\Session\\Store), Object(Closure))
#86 C:\\xampp\\htdocs\\apply like facebook\\pos6.12\\vendor\\laravel\\framework\\src\\Illuminate\\Pipeline\\Pipeline.php(180): Illuminate\\Session\\Middleware\\StartSession->handle(Object(Illuminate\\Http\\Request), Object(Closure))
#87 C:\\xampp\\htdocs\\apply like facebook\\pos6.12\\vendor\\laravel\\framework\\src\\Illuminate\\Cookie\\Middleware\\AddQueuedCookiesToResponse.php(37): Illuminate\\Pipeline\\Pipeline->Illuminate\\Pipeline\\{closure}(Object(Illuminate\\Http\\Request))
#88 C:\\xampp\\htdocs\\apply like facebook\\pos6.12\\vendor\\laravel\\framework\\src\\Illuminate\\Pipeline\\Pipeline.php(180): Illuminate\\Cookie\\Middleware\\AddQueuedCookiesToResponse->handle(Object(Illuminate\\Http\\Request), Object(Closure))
#89 C:\\xampp\\htdocs\\apply like facebook\\pos6.12\\vendor\\laravel\\framework\\src\\Illuminate\\Cookie\\Middleware\\EncryptCookies.php(67): Illuminate\\Pipeline\\Pipeline->Illuminate\\Pipeline\\{closure}(Object(Illuminate\\Http\\Request))
#90 C:\\xampp\\htdocs\\apply like facebook\\pos6.12\\vendor\\laravel\\framework\\src\\Illuminate\\Pipeline\\Pipeline.php(180): Illuminate\\Cookie\\Middleware\\EncryptCookies->handle(Object(Illuminate\\Http\\Request), Object(Closure))
#91 C:\\xampp\\htdocs\\apply like facebook\\pos6.12\\vendor\\laravel\\framework\\src\\Illuminate\\Pipeline\\Pipeline.php(116): Illuminate\\Pipeline\\Pipeline->Illuminate\\Pipeline\\{closure}(Object(Illuminate\\Http\\Request))
#92 C:\\xampp\\htdocs\\apply like facebook\\pos6.12\\vendor\\laravel\\framework\\src\\Illuminate\\Routing\\Router.php(797): Illuminate\\Pipeline\\Pipeline->then(Object(Closure))
#93 C:\\xampp\\htdocs\\apply like facebook\\pos6.12\\vendor\\laravel\\framework\\src\\Illuminate\\Routing\\Router.php(776): Illuminate\\Routing\\Router->runRouteWithinStack(Object(Illuminate\\Routing\\Route), Object(Illuminate\\Http\\Request))
#94 C:\\xampp\\htdocs\\apply like facebook\\pos6.12\\vendor\\laravel\\framework\\src\\Illuminate\\Routing\\Router.php(740): Illuminate\\Routing\\Router->runRoute(Object(Illuminate\\Http\\Request), Object(Illuminate\\Routing\\Route))
#95 C:\\xampp\\htdocs\\apply like facebook\\pos6.12\\vendor\\laravel\\framework\\src\\Illuminate\\Routing\\Router.php(729): Illuminate\\Routing\\Router->dispatchToRoute(Object(Illuminate\\Http\\Request))
#96 C:\\xampp\\htdocs\\apply like facebook\\pos6.12\\vendor\\laravel\\framework\\src\\Illuminate\\Foundation\\Http\\Kernel.php(190): Illuminate\\Routing\\Router->dispatch(Object(Illuminate\\Http\\Request))
#97 C:\\xampp\\htdocs\\apply like facebook\\pos6.12\\vendor\\laravel\\framework\\src\\Illuminate\\Pipeline\\Pipeline.php(141): Illuminate\\Foundation\\Http\\Kernel->Illuminate\\Foundation\\Http\\{closure}(Object(Illuminate\\Http\\Request))
#98 C:\\xampp\\htdocs\\apply like facebook\\pos6.12\\vendor\\barryvdh\\laravel-debugbar\\src\\Middleware\\InjectDebugbar.php(59): Illuminate\\Pipeline\\Pipeline->Illuminate\\Pipeline\\{closure}(Object(Illuminate\\Http\\Request))
#99 C:\\xampp\\htdocs\\apply like facebook\\pos6.12\\vendor\\laravel\\framework\\src\\Illuminate\\Pipeline\\Pipeline.php(180): Barryvdh\\Debugbar\\Middleware\\InjectDebugbar->handle(Object(Illuminate\\Http\\Request), Object(Closure))
#100 C:\\xampp\\htdocs\\apply like facebook\\pos6.12\\vendor\\laravel\\framework\\src\\Illuminate\\Foundation\\Http\\Middleware\\TransformsRequest.php(21): Illuminate\\Pipeline\\Pipeline->Illuminate\\Pipeline\\{closure}(Object(Illuminate\\Http\\Request))
#101 C:\\xampp\\htdocs\\apply like facebook\\pos6.12\\vendor\\laravel\\framework\\src\\Illuminate\\Foundation\\Http\\Middleware\\ConvertEmptyStringsToNull.php(31): Illuminate\\Foundation\\Http\\Middleware\\TransformsRequest->handle(Object(Illuminate\\Http\\Request), Object(Closure))
#102 C:\\xampp\\htdocs\\apply like facebook\\pos6.12\\vendor\\laravel\\framework\\src\\Illuminate\\Pipeline\\Pipeline.php(180): Illuminate\\Foundation\\Http\\Middleware\\ConvertEmptyStringsToNull->handle(Object(Illuminate\\Http\\Request), Object(Closure))
#103 C:\\xampp\\htdocs\\apply like facebook\\pos6.12\\vendor\\laravel\\framework\\src\\Illuminate\\Foundation\\Http\\Middleware\\TransformsRequest.php(21): Illuminate\\Pipeline\\Pipeline->Illuminate\\Pipeline\\{closure}(Object(Illuminate\\Http\\Request))
#104 C:\\xampp\\htdocs\\apply like facebook\\pos6.12\\vendor\\laravel\\framework\\src\\Illuminate\\Foundation\\Http\\Middleware\\TrimStrings.php(40): Illuminate\\Foundation\\Http\\Middleware\\TransformsRequest->handle(Object(Illuminate\\Http\\Request), Object(Closure))
#105 C:\\xampp\\htdocs\\apply like facebook\\pos6.12\\vendor\\laravel\\framework\\src\\Illuminate\\Pipeline\\Pipeline.php(180): Illuminate\\Foundation\\Http\\Middleware\\TrimStrings->handle(Object(Illuminate\\Http\\Request), Object(Closure))
#106 C:\\xampp\\htdocs\\apply like facebook\\pos6.12\\vendor\\laravel\\framework\\src\\Illuminate\\Foundation\\Http\\Middleware\\ValidatePostSize.php(27): Illuminate\\Pipeline\\Pipeline->Illuminate\\Pipeline\\{closure}(Object(Illuminate\\Http\\Request))
#107 C:\\xampp\\htdocs\\apply like facebook\\pos6.12\\vendor\\laravel\\framework\\src\\Illuminate\\Pipeline\\Pipeline.php(180): Illuminate\\Foundation\\Http\\Middleware\\ValidatePostSize->handle(Object(Illuminate\\Http\\Request), Object(Closure))
#108 C:\\xampp\\htdocs\\apply like facebook\\pos6.12\\vendor\\laravel\\framework\\src\\Illuminate\\Foundation\\Http\\Middleware\\PreventRequestsDuringMaintenance.php(86): Illuminate\\Pipeline\\Pipeline->Illuminate\\Pipeline\\{closure}(Object(Illuminate\\Http\\Request))
#109 C:\\xampp\\htdocs\\apply like facebook\\pos6.12\\vendor\\laravel\\framework\\src\\Illuminate\\Pipeline\\Pipeline.php(180): Illuminate\\Foundation\\Http\\Middleware\\PreventRequestsDuringMaintenance->handle(Object(Illuminate\\Http\\Request), Object(Closure))
#110 C:\\xampp\\htdocs\\apply like facebook\\pos6.12\\vendor\\laravel\\framework\\src\\Illuminate\\Http\\Middleware\\HandleCors.php(49): Illuminate\\Pipeline\\Pipeline->Illuminate\\Pipeline\\{closure}(Object(Illuminate\\Http\\Request))
#111 C:\\xampp\\htdocs\\apply like facebook\\pos6.12\\vendor\\laravel\\framework\\src\\Illuminate\\Pipeline\\Pipeline.php(180): Illuminate\\Http\\Middleware\\HandleCors->handle(Object(Illuminate\\Http\\Request), Object(Closure))
#112 C:\\xampp\\htdocs\\apply like facebook\\pos6.12\\vendor\\laravel\\framework\\src\\Illuminate\\Http\\Middleware\\TrustProxies.php(39): Illuminate\\Pipeline\\Pipeline->Illuminate\\Pipeline\\{closure}(Object(Illuminate\\Http\\Request))
#113 C:\\xampp\\htdocs\\apply like facebook\\pos6.12\\vendor\\laravel\\framework\\src\\Illuminate\\Pipeline\\Pipeline.php(180): Illuminate\\Http\\Middleware\\TrustProxies->handle(Object(Illuminate\\Http\\Request), Object(Closure))
#114 C:\\xampp\\htdocs\\apply like facebook\\pos6.12\\vendor\\laravel\\framework\\src\\Illuminate\\Pipeline\\Pipeline.php(116): Illuminate\\Pipeline\\Pipeline->Illuminate\\Pipeline\\{closure}(Object(Illuminate\\Http\\Request))
#115 C:\\xampp\\htdocs\\apply like facebook\\pos6.12\\vendor\\laravel\\framework\\src\\Illuminate\\Foundation\\Http\\Kernel.php(165): Illuminate\\Pipeline\\Pipeline->then(Object(Closure))
#116 C:\\xampp\\htdocs\\apply like facebook\\pos6.12\\vendor\\laravel\\framework\\src\\Illuminate\\Foundation\\Http\\Kernel.php(134): Illuminate\\Foundation\\Http\\Kernel->sendRequestThroughRouter(Object(Illuminate\\Http\\Request))
#117 C:\\xampp\\htdocs\\apply like facebook\\pos6.12\\public\\index.php(56): Illuminate\\Foundation\\Http\\Kernel->handle(Object(Illuminate\\Http\\Request))
#118 C:\\xampp\\htdocs\\apply like facebook\\pos6.12\\vendor\\laravel\\framework\\src\\Illuminate\\Foundation\\resources\\server.php(16): require_once('C:\\\\xampp\\\\htdocs...')
#119 {main}

[previous exception] [object] (ErrorException(code: 0): file_put_contents(C:\\xampp\\htdocs\\apply like facebook\\pos6.12\\storage\\framework/cache/data/85/5f/855f92484c8c414d36c1b25cb24876e30229cbbf): Failed to open stream: Permission denied at C:\\xampp\\htdocs\\apply like facebook\\pos6.12\\vendor\\laravel\\framework\\src\\Illuminate\\Filesystem\\Filesystem.php:190)
[stacktrace]
#0 C:\\xampp\\htdocs\\apply like facebook\\pos6.12\\vendor\\laravel\\framework\\src\\Illuminate\\Foundation\\Bootstrap\\HandleExceptions.php(270): Illuminate\\Foundation\\Bootstrap\\HandleExceptions->handleError(2, 'file_put_conten...', 'C:\\\\xampp\\\\htdocs...', 190)
#1 [internal function]: Illuminate\\Foundation\\Bootstrap\\HandleExceptions->Illuminate\\Foundation\\Bootstrap\\{closure}(2, 'file_put_conten...', 'C:\\\\xampp\\\\htdocs...', 190)
#2 C:\\xampp\\htdocs\\apply like facebook\\pos6.12\\vendor\\laravel\\framework\\src\\Illuminate\\Filesystem\\Filesystem.php(190): file_put_contents('C:\\\\xampp\\\\htdocs...', '1779474056a:3:{...', 2)
#3 C:\\xampp\\htdocs\\apply like facebook\\pos6.12\\vendor\\laravel\\framework\\src\\Illuminate\\Cache\\FileStore.php(76): Illuminate\\Filesystem\\Filesystem->put('C:\\\\xampp\\\\htdocs...', '1779474056a:3:{...', true)
#4 C:\\xampp\\htdocs\\apply like facebook\\pos6.12\\vendor\\laravel\\framework\\src\\Illuminate\\Cache\\Repository.php(217): Illuminate\\Cache\\FileStore->put('spatie.permissi...', Array, 86400)
#5 C:\\xampp\\htdocs\\apply like facebook\\pos6.12\\vendor\\laravel\\framework\\src\\Illuminate\\Cache\\Repository.php(399): Illuminate\\Cache\\Repository->put('spatie.permissi...', Array, Object(DateInterval))
#6 C:\\xampp\\htdocs\\apply like facebook\\pos6.12\\vendor\\spatie\\laravel-permission\\src\\PermissionRegistrar.php(173): Illuminate\\Cache\\Repository->remember('spatie.permissi...', Object(DateInterval), Object(Closure))
#7 C:\\xampp\\htdocs\\apply like facebook\\pos6.12\\vendor\\spatie\\laravel-permission\\src\\PermissionRegistrar.php(199): Spatie\\Permission\\PermissionRegistrar->loadPermissions()
#8 C:\\xampp\\htdocs\\apply like facebook\\pos6.12\\vendor\\spatie\\laravel-permission\\src\\Models\\Permission.php(145): Spatie\\Permission\\PermissionRegistrar->getPermissions(Array, true)
#9 C:\\xampp\\htdocs\\apply like facebook\\pos6.12\\vendor\\spatie\\laravel-permission\\src\\Models\\Permission.php(155): Spatie\\Permission\\Models\\Permission::getPermissions(Array, true)
#10 C:\\xampp\\htdocs\\apply like facebook\\pos6.12\\vendor\\spatie\\laravel-permission\\src\\Models\\Permission.php(94): Spatie\\Permission\\Models\\Permission::getPermission(Array)
#11 C:\\xampp\\htdocs\\apply like facebook\\pos6.12\\vendor\\spatie\\laravel-permission\\src\\Traits\\HasPermissions.php(157): Spatie\\Permission\\Models\\Permission::findByName('loan_management...', 'web')
#12 C:\\xampp\\htdocs\\apply like facebook\\pos6.12\\vendor\\spatie\\laravel-permission\\src\\Traits\\HasPermissions.php(191): App\\User->filterPermission('loan_management...', NULL)
#13 C:\\xampp\\htdocs\\apply like facebook\\pos6.12\\vendor\\spatie\\laravel-permission\\src\\Traits\\HasPermissions.php(244): App\\User->hasPermissionTo('loan_management...', NULL)
#14 C:\\xampp\\htdocs\\apply like facebook\\pos6.12\\vendor\\spatie\\laravel-permission\\src\\PermissionRegistrar.php(136): App\\User->checkPermissionTo('loan_management...')
#15 C:\\xampp\\htdocs\\apply like facebook\\pos6.12\\vendor\\laravel\\framework\\src\\Illuminate\\Auth\\Access\\Gate.php(553): Spatie\\Permission\\PermissionRegistrar->Spatie\\Permission\\{closure}(Object(App\\User), 'loan_management...', Array)
#16 C:\\xampp\\htdocs\\apply like facebook\\pos6.12\\vendor\\laravel\\framework\\src\\Illuminate\\Auth\\Access\\Gate.php(425): Illuminate\\Auth\\Access\\Gate->callBeforeCallbacks(Object(App\\User), 'loan_management...', Array)
#17 C:\\xampp\\htdocs\\apply like facebook\\pos6.12\\vendor\\laravel\\framework\\src\\Illuminate\\Auth\\Access\\Gate.php(395): Illuminate\\Auth\\Access\\Gate->raw('loan_management...', Array)
#18 C:\\xampp\\htdocs\\apply like facebook\\pos6.12\\vendor\\laravel\\framework\\src\\Illuminate\\Auth\\Access\\Gate.php(343): Illuminate\\Auth\\Access\\Gate->inspect('loan_management...', Array)
#19 C:\\xampp\\htdocs\\apply like facebook\\pos6.12\\vendor\\laravel\\framework\\src\\Illuminate\\Collections\\Traits\\EnumeratesValues.php(272): Illuminate\\Auth\\Access\\Gate->Illuminate\\Auth\\Access\\{closure}('loan_management...', 0)
#20 C:\\xampp\\htdocs\\apply like facebook\\pos6.12\\vendor\\laravel\\framework\\src\\Illuminate\\Auth\\Access\\Gate.php(342): Illuminate\\Support\\Collection->every(Object(Closure))
#21 C:\\xampp\\htdocs\\apply like facebook\\pos6.12\\vendor\\laravel\\framework\\src\\Illuminate\\Foundation\\Auth\\Access\\Authorizable.php(18): Illuminate\\Auth\\Access\\Gate->check('loan_management...', Array)
#22 C:\\xampp\\htdocs\\apply like facebook\\pos6.12\\Modules\\LoanManagement\\Http\\Controllers\\DataController.php(93): Illuminate\\Foundation\\Auth\\User->can('loan_management...')
#23 [internal function]: Modules\\LoanManagement\\Http\\Controllers\\DataController->get_additional_script()
#24 C:\\xampp\\htdocs\\apply like facebook\\pos6.12\\app\\Utils\\ModuleUtil.php(109): call_user_func(Array)
#25 C:\\xampp\\htdocs\\apply like facebook\\pos6.12\\app\\Providers\\AppServiceProvider.php(103): App\\Utils\\ModuleUtil->getModuleData('get_additional_...')
#26 C:\\xampp\\htdocs\\apply like facebook\\pos6.12\\vendor\\laravel\\framework\\src\\Illuminate\\View\\Concerns\\ManagesEvents.php(162): App\\Providers\\AppServiceProvider->App\\Providers\\{closure}(Object(Illuminate\\View\\View))
#27 C:\\xampp\\htdocs\\apply like facebook\\pos6.12\\vendor\\laravel\\framework\\src\\Illuminate\\Events\\Dispatcher.php(418): Illuminate\\View\\Factory->Illuminate\\View\\Concerns\\{closure}('composing: layo...', Array)
#28 C:\\xampp\\htdocs\\apply like facebook\\pos6.12\\vendor\\laravel\\framework\\src\\Illuminate\\Events\\Dispatcher.php(249): Illuminate\\Events\\Dispatcher->Illuminate\\Events\\{closure}('composing: layo...', Array)
#29 C:\\xampp\\htdocs\\apply like facebook\\pos6.12\\vendor\\laravel\\framework\\src\\Illuminate\\View\\Concerns\\ManagesEvents.php(177): Illuminate\\Events\\Dispatcher->dispatch('composing: layo...', Array)
#30 C:\\xampp\\htdocs\\apply like facebook\\pos6.12\\vendor\\laravel\\framework\\src\\Illuminate\\View\\View.php(176): Illuminate\\View\\Factory->callComposer(Object(Illuminate\\View\\View))
#31 C:\\xampp\\htdocs\\apply like facebook\\pos6.12\\vendor\\laravel\\framework\\src\\Illuminate\\View\\View.php(147): Illuminate\\View\\View->renderContents()
#32 C:\\xampp\\htdocs\\apply like facebook\\pos6.12\\storage\\framework\\views\\f136a7c06a43050aed77506dd2490c7a23d3736a.php(32): Illuminate\\View\\View->render()
#33 C:\\xampp\\htdocs\\apply like facebook\\pos6.12\\vendor\\laravel\\framework\\src\\Illuminate\\Filesystem\\Filesystem.php(109): require('C:\\\\xampp\\\\htdocs...')
#34 C:\\xampp\\htdocs\\apply like facebook\\pos6.12\\vendor\\laravel\\framework\\src\\Illuminate\\Filesystem\\Filesystem.php(110): Illuminate\\Filesystem\\Filesystem::Illuminate\\Filesystem\\{closure}()
#35 C:\\xampp\\htdocs\\apply like facebook\\pos6.12\\vendor\\laravel\\framework\\src\\Illuminate\\View\\Engines\\PhpEngine.php(58): Illuminate\\Filesystem\\Filesystem->getRequire('C:\\\\xampp\\\\htdocs...', Array)
#36 C:\\xampp\\htdocs\\apply like facebook\\pos6.12\\vendor\\laravel\\framework\\src\\Illuminate\\View\\Engines\\CompilerEngine.php(70): Illuminate\\View\\Engines\\PhpEngine->evaluatePath('C:\\\\xampp\\\\htdocs...', Array)
#37 C:\\xampp\\htdocs\\apply like facebook\\pos6.12\\vendor\\laravel\\framework\\src\\Illuminate\\View\\View.php(195): Illuminate\\View\\Engines\\CompilerEngine->get('C:\\\\xampp\\\\htdocs...', Array)
#38 C:\\xampp\\htdocs\\apply like facebook\\pos6.12\\vendor\\laravel\\framework\\src\\Illuminate\\View\\View.php(178): Illuminate\\View\\View->getContents()
#39 C:\\xampp\\htdocs\\apply like facebook\\pos6.12\\vendor\\laravel\\framework\\src\\Illuminate\\View\\View.php(147): Illuminate\\View\\View->renderContents()
#40 C:\\xampp\\htdocs\\apply like facebook\\pos6.12\\storage\\framework\\views\\9f34b93f4a1df2e5ed980d612969330def9d66cd.php(303): Illuminate\\View\\View->render()
#41 C:\\xampp\\htdocs\\apply like facebook\\pos6.12\\vendor\\laravel\\framework\\src\\Illuminate\\Filesystem\\Filesystem.php(109): require('C:\\\\xampp\\\\htdocs...')
#42 C:\\xampp\\htdocs\\apply like facebook\\pos6.12\\vendor\\laravel\\framework\\src\\Illuminate\\Filesystem\\Filesystem.php(110): Illuminate\\Filesystem\\Filesystem::Illuminate\\Filesystem\\{closure}()
#43 C:\\xampp\\htdocs\\apply like facebook\\pos6.12\\vendor\\laravel\\framework\\src\\Illuminate\\View\\Engines\\PhpEngine.php(58): Illuminate\\Filesystem\\Filesystem->getRequire('C:\\\\xampp\\\\htdocs...', Array)
#44 C:\\xampp\\htdocs\\apply like facebook\\pos6.12\\vendor\\laravel\\framework\\src\\Illuminate\\View\\Engines\\CompilerEngine.php(70): Illuminate\\View\\Engines\\PhpEngine->evaluatePath('C:\\\\xampp\\\\htdocs...', Array)
#45 C:\\xampp\\htdocs\\apply like facebook\\pos6.12\\vendor\\laravel\\framework\\src\\Illuminate\\View\\View.php(195): Illuminate\\View\\Engines\\CompilerEngine->get('C:\\\\xampp\\\\htdocs...', Array)
#46 C:\\xampp\\htdocs\\apply like facebook\\pos6.12\\vendor\\laravel\\framework\\src\\Illuminate\\View\\View.php(178): Illuminate\\View\\View->getContents()
#47 C:\\xampp\\htdocs\\apply like facebook\\pos6.12\\vendor\\laravel\\framework\\src\\Illuminate\\View\\View.php(147): Illuminate\\View\\View->renderContents()
#48 C:\\xampp\\htdocs\\apply like facebook\\pos6.12\\storage\\framework\\views\\e64f710e87307bc5dc1968d96762394938f3c63b.php(345): Illuminate\\View\\View->render()
#49 C:\\xampp\\htdocs\\apply like facebook\\pos6.12\\vendor\\laravel\\framework\\src\\Illuminate\\Filesystem\\Filesystem.php(109): require('C:\\\\xampp\\\\htdocs...')
#50 C:\\xampp\\htdocs\\apply like facebook\\pos6.12\\vendor\\laravel\\framework\\src\\Illuminate\\Filesystem\\Filesystem.php(110): Illuminate\\Filesystem\\Filesystem::Illuminate\\Filesystem\\{closure}()
#51 C:\\xampp\\htdocs\\apply like facebook\\pos6.12\\vendor\\laravel\\framework\\src\\Illuminate\\View\\Engines\\PhpEngine.php(58): Illuminate\\Filesystem\\Filesystem->getRequire('C:\\\\xampp\\\\htdocs...', Array)
#52 C:\\xampp\\htdocs\\apply like facebook\\pos6.12\\vendor\\laravel\\framework\\src\\Illuminate\\View\\Engines\\CompilerEngine.php(70): Illuminate\\View\\Engines\\PhpEngine->evaluatePath('C:\\\\xampp\\\\htdocs...', Array)
#53 C:\\xampp\\htdocs\\apply like facebook\\pos6.12\\vendor\\laravel\\framework\\src\\Illuminate\\View\\View.php(195): Illuminate\\View\\Engines\\CompilerEngine->get('C:\\\\xampp\\\\htdocs...', Array)
#54 C:\\xampp\\htdocs\\apply like facebook\\pos6.12\\vendor\\laravel\\framework\\src\\Illuminate\\View\\View.php(178): Illuminate\\View\\View->getContents()
#55 C:\\xampp\\htdocs\\apply like facebook\\pos6.12\\vendor\\laravel\\framework\\src\\Illuminate\\View\\View.php(147): Illuminate\\View\\View->renderContents()
#56 C:\\xampp\\htdocs\\apply like facebook\\pos6.12\\vendor\\laravel\\framework\\src\\Illuminate\\Http\\Response.php(69): Illuminate\\View\\View->render()
#57 C:\\xampp\\htdocs\\apply like facebook\\pos6.12\\vendor\\laravel\\framework\\src\\Illuminate\\Http\\Response.php(35): Illuminate\\Http\\Response->setContent(Object(Illuminate\\View\\View))
#58 C:\\xampp\\htdocs\\apply like facebook\\pos6.12\\vendor\\laravel\\framework\\src\\Illuminate\\Routing\\Router.php(906): Illuminate\\Http\\Response->__construct(Object(Illuminate\\View\\View), 200, Array)
#59 C:\\xampp\\htdocs\\apply like facebook\\pos6.12\\vendor\\laravel\\framework\\src\\Illuminate\\Routing\\Router.php(875): Illuminate\\Routing\\Router::toResponse(Object(Illuminate\\Http\\Request), Object(Illuminate\\View\\View))
#60 C:\\xampp\\htdocs\\apply like facebook\\pos6.12\\vendor\\laravel\\framework\\src\\Illuminate\\Routing\\Router.php(797): Illuminate\\Routing\\Router->prepareResponse(Object(Illuminate\\Http\\Request), Object(Illuminate\\View\\View))
#61 C:\\xampp\\htdocs\\apply like facebook\\pos6.12\\vendor\\laravel\\framework\\src\\Illuminate\\Pipeline\\Pipeline.php(141): Illuminate\\Routing\\Router->Illuminate\\Routing\\{closure}(Object(Illuminate\\Http\\Request))
#62 C:\\xampp\\htdocs\\apply like facebook\\pos6.12\\Modules\\LoanManagement\\Http\\Middleware\\LoanPermissionMiddleware.php(20): Illuminate\\Pipeline\\Pipeline->Illuminate\\Pipeline\\{closure}(Object(Illuminate\\Http\\Request))
#63 C:\\xampp\\htdocs\\apply like facebook\\pos6.12\\vendor\\laravel\\framework\\src\\Illuminate\\Pipeline\\Pipeline.php(180): Modules\\LoanManagement\\Http\\Middleware\\LoanPermissionMiddleware->handle(Object(Illuminate\\Http\\Request), Object(Closure), 'loan_management...')
#64 C:\\xampp\\htdocs\\apply like facebook\\pos6.12\\app\\Http\\Middleware\\CheckUserLogin.php(22): Illuminate\\Pipeline\\Pipeline->Illuminate\\Pipeline\\{closure}(Object(Illuminate\\Http\\Request))
#65 C:\\xampp\\htdocs\\apply like facebook\\pos6.12\\vendor\\laravel\\framework\\src\\Illuminate\\Pipeline\\Pipeline.php(180): App\\Http\\Middleware\\CheckUserLogin->handle(Object(Illuminate\\Http\\Request), Object(Closure))
#66 C:\\xampp\\htdocs\\apply like facebook\\pos6.12\\app\\Http\\Middleware\\AdminSidebarMenu.php(901): Illuminate\\Pipeline\\Pipeline->Illuminate\\Pipeline\\{closure}(Object(Illuminate\\Http\\Request))
#67 C:\\xampp\\htdocs\\apply like facebook\\pos6.12\\vendor\\laravel\\framework\\src\\Illuminate\\Pipeline\\Pipeline.php(180): App\\Http\\Middleware\\AdminSidebarMenu->handle(Object(Illuminate\\Http\\Request), Object(Closure))
#68 C:\\xampp\\htdocs\\apply like facebook\\pos6.12\\app\\Http\\Middleware\\Timezone.php(30): Illuminate\\Pipeline\\Pipeline->Illuminate\\Pipeline\\{closure}(Object(Illuminate\\Http\\Request))
#69 C:\\xampp\\htdocs\\apply like facebook\\pos6.12\\vendor\\laravel\\framework\\src\\Illuminate\\Pipeline\\Pipeline.php(180): App\\Http\\Middleware\\Timezone->handle(Object(Illuminate\\Http\\Request), Object(Closure))
#70 C:\\xampp\\htdocs\\apply like facebook\\pos6.12\\app\\Http\\Middleware\\Language.php(25): Illuminate\\Pipeline\\Pipeline->Illuminate\\Pipeline\\{closure}(Object(Illuminate\\Http\\Request))
#71 C:\\xampp\\htdocs\\apply like facebook\\pos6.12\\vendor\\laravel\\framework\\src\\Illuminate\\Pipeline\\Pipeline.php(180): App\\Http\\Middleware\\Language->handle(Object(Illuminate\\Http\\Request), Object(Closure))
#72 C:\\xampp\\htdocs\\apply like facebook\\pos6.12\\app\\Http\\Middleware\\SetSessionData.php(52): Illuminate\\Pipeline\\Pipeline->Illuminate\\Pipeline\\{closure}(Object(Illuminate\\Http\\Request))
#73 C:\\xampp\\htdocs\\apply like facebook\\pos6.12\\vendor\\laravel\\framework\\src\\Illuminate\\Pipeline\\Pipeline.php(180): App\\Http\\Middleware\\SetSessionData->handle(Object(Illuminate\\Http\\Request), Object(Closure))
#74 C:\\xampp\\htdocs\\apply like facebook\\pos6.12\\vendor\\barryvdh\\laravel-debugbar\\src\\Middleware\\InjectDebugbar.php(59): Illuminate\\Pipeline\\Pipeline->Illuminate\\Pipeline\\{closure}(Object(Illuminate\\Http\\Request))
#75 C:\\xampp\\htdocs\\apply like facebook\\pos6.12\\vendor\\laravel\\framework\\src\\Illuminate\\Pipeline\\Pipeline.php(180): Barryvdh\\Debugbar\\Middleware\\InjectDebugbar->handle(Object(Illuminate\\Http\\Request), Object(Closure))
#76 C:\\xampp\\htdocs\\apply like facebook\\pos6.12\\vendor\\laravel\\framework\\src\\Illuminate\\Routing\\Middleware\\SubstituteBindings.php(50): Illuminate\\Pipeline\\Pipeline->Illuminate\\Pipeline\\{closure}(Object(Illuminate\\Http\\Request))
#77 C:\\xampp\\htdocs\\apply like facebook\\pos6.12\\vendor\\laravel\\framework\\src\\Illuminate\\Pipeline\\Pipeline.php(180): Illuminate\\Routing\\Middleware\\SubstituteBindings->handle(Object(Illuminate\\Http\\Request), Object(Closure))
#78 C:\\xampp\\htdocs\\apply like facebook\\pos6.12\\vendor\\laravel\\framework\\src\\Illuminate\\Auth\\Middleware\\Authenticate.php(44): Illuminate\\Pipeline\\Pipeline->Illuminate\\Pipeline\\{closure}(Object(Illuminate\\Http\\Request))
#79 C:\\xampp\\htdocs\\apply like facebook\\pos6.12\\vendor\\laravel\\framework\\src\\Illuminate\\Pipeline\\Pipeline.php(180): Illuminate\\Auth\\Middleware\\Authenticate->handle(Object(Illuminate\\Http\\Request), Object(Closure))
#80 C:\\xampp\\htdocs\\apply like facebook\\pos6.12\\vendor\\laravel\\framework\\src\\Illuminate\\Foundation\\Http\\Middleware\\VerifyCsrfToken.php(78): Illuminate\\Pipeline\\Pipeline->Illuminate\\Pipeline\\{closure}(Object(Illuminate\\Http\\Request))
#81 C:\\xampp\\htdocs\\apply like facebook\\pos6.12\\vendor\\laravel\\framework\\src\\Illuminate\\Pipeline\\Pipeline.php(180): Illuminate\\Foundation\\Http\\Middleware\\VerifyCsrfToken->handle(Object(Illuminate\\Http\\Request), Object(Closure))
#82 C:\\xampp\\htdocs\\apply like facebook\\pos6.12\\vendor\\laravel\\framework\\src\\Illuminate\\View\\Middleware\\ShareErrorsFromSession.php(49): Illuminate\\Pipeline\\Pipeline->Illuminate\\Pipeline\\{closure}(Object(Illuminate\\Http\\Request))
#83 C:\\xampp\\htdocs\\apply like facebook\\pos6.12\\vendor\\laravel\\framework\\src\\Illuminate\\Pipeline\\Pipeline.php(180): Illuminate\\View\\Middleware\\ShareErrorsFromSession->handle(Object(Illuminate\\Http\\Request), Object(Closure))
#84 C:\\xampp\\htdocs\\apply like facebook\\pos6.12\\vendor\\laravel\\framework\\src\\Illuminate\\Session\\Middleware\\StartSession.php(121): Illuminate\\Pipeline\\Pipeline->Illuminate\\Pipeline\\{closure}(Object(Illuminate\\Http\\Request))
#85 C:\\xampp\\htdocs\\apply like facebook\\pos6.12\\vendor\\laravel\\framework\\src\\Illuminate\\Session\\Middleware\\StartSession.php(64): Illuminate\\Session\\Middleware\\StartSession->handleStatefulRequest(Object(Illuminate\\Http\\Request), Object(Illuminate\\Session\\Store), Object(Closure))
#86 C:\\xampp\\htdocs\\apply like facebook\\pos6.12\\vendor\\laravel\\framework\\src\\Illuminate\\Pipeline\\Pipeline.php(180): Illuminate\\Session\\Middleware\\StartSession->handle(Object(Illuminate\\Http\\Request), Object(Closure))
#87 C:\\xampp\\htdocs\\apply like facebook\\pos6.12\\vendor\\laravel\\framework\\src\\Illuminate\\Cookie\\Middleware\\AddQueuedCookiesToResponse.php(37): Illuminate\\Pipeline\\Pipeline->Illuminate\\Pipeline\\{closure}(Object(Illuminate\\Http\\Request))
#88 C:\\xampp\\htdocs\\apply like facebook\\pos6.12\\vendor\\laravel\\framework\\src\\Illuminate\\Pipeline\\Pipeline.php(180): Illuminate\\Cookie\\Middleware\\AddQueuedCookiesToResponse->handle(Object(Illuminate\\Http\\Request), Object(Closure))
#89 C:\\xampp\\htdocs\\apply like facebook\\pos6.12\\vendor\\laravel\\framework\\src\\Illuminate\\Cookie\\Middleware\\EncryptCookies.php(67): Illuminate\\Pipeline\\Pipeline->Illuminate\\Pipeline\\{closure}(Object(Illuminate\\Http\\Request))
#90 C:\\xampp\\htdocs\\apply like facebook\\pos6.12\\vendor\\laravel\\framework\\src\\Illuminate\\Pipeline\\Pipeline.php(180): Illuminate\\Cookie\\Middleware\\EncryptCookies->handle(Object(Illuminate\\Http\\Request), Object(Closure))
#91 C:\\xampp\\htdocs\\apply like facebook\\pos6.12\\vendor\\laravel\\framework\\src\\Illuminate\\Pipeline\\Pipeline.php(116): Illuminate\\Pipeline\\Pipeline->Illuminate\\Pipeline\\{closure}(Object(Illuminate\\Http\\Request))
#92 C:\\xampp\\htdocs\\apply like facebook\\pos6.12\\vendor\\laravel\\framework\\src\\Illuminate\\Routing\\Router.php(797): Illuminate\\Pipeline\\Pipeline->then(Object(Closure))
#93 C:\\xampp\\htdocs\\apply like facebook\\pos6.12\\vendor\\laravel\\framework\\src\\Illuminate\\Routing\\Router.php(776): Illuminate\\Routing\\Router->runRouteWithinStack(Object(Illuminate\\Routing\\Route), Object(Illuminate\\Http\\Request))
#94 C:\\xampp\\htdocs\\apply like facebook\\pos6.12\\vendor\\laravel\\framework\\src\\Illuminate\\Routing\\Router.php(740): Illuminate\\Routing\\Router->runRoute(Object(Illuminate\\Http\\Request), Object(Illuminate\\Routing\\Route))
#95 C:\\xampp\\htdocs\\apply like facebook\\pos6.12\\vendor\\laravel\\framework\\src\\Illuminate\\Routing\\Router.php(729): Illuminate\\Routing\\Router->dispatchToRoute(Object(Illuminate\\Http\\Request))
#96 C:\\xampp\\htdocs\\apply like facebook\\pos6.12\\vendor\\laravel\\framework\\src\\Illuminate\\Foundation\\Http\\Kernel.php(190): Illuminate\\Routing\\Router->dispatch(Object(Illuminate\\Http\\Request))
#97 C:\\xampp\\htdocs\\apply like facebook\\pos6.12\\vendor\\laravel\\framework\\src\\Illuminate\\Pipeline\\Pipeline.php(141): Illuminate\\Foundation\\Http\\Kernel->Illuminate\\Foundation\\Http\\{closure}(Object(Illuminate\\Http\\Request))
#98 C:\\xampp\\htdocs\\apply like facebook\\pos6.12\\vendor\\barryvdh\\laravel-debugbar\\src\\Middleware\\InjectDebugbar.php(59): Illuminate\\Pipeline\\Pipeline->Illuminate\\Pipeline\\{closure}(Object(Illuminate\\Http\\Request))
#99 C:\\xampp\\htdocs\\apply like facebook\\pos6.12\\vendor\\laravel\\framework\\src\\Illuminate\\Pipeline\\Pipeline.php(180): Barryvdh\\Debugbar\\Middleware\\InjectDebugbar->handle(Object(Illuminate\\Http\\Request), Object(Closure))
#100 C:\\xampp\\htdocs\\apply like facebook\\pos6.12\\vendor\\laravel\\framework\\src\\Illuminate\\Foundation\\Http\\Middleware\\TransformsRequest.php(21): Illuminate\\Pipeline\\Pipeline->Illuminate\\Pipeline\\{closure}(Object(Illuminate\\Http\\Request))
#101 C:\\xampp\\htdocs\\apply like facebook\\pos6.12\\vendor\\laravel\\framework\\src\\Illuminate\\Foundation\\Http\\Middleware\\ConvertEmptyStringsToNull.php(31): Illuminate\\Foundation\\Http\\Middleware\\TransformsRequest->handle(Object(Illuminate\\Http\\Request), Object(Closure))
#102 C:\\xampp\\htdocs\\apply like facebook\\pos6.12\\vendor\\laravel\\framework\\src\\Illuminate\\Pipeline\\Pipeline.php(180): Illuminate\\Foundation\\Http\\Middleware\\ConvertEmptyStringsToNull->handle(Object(Illuminate\\Http\\Request), Object(Closure))
#103 C:\\xampp\\htdocs\\apply like facebook\\pos6.12\\vendor\\laravel\\framework\\src\\Illuminate\\Foundation\\Http\\Middleware\\TransformsRequest.php(21): Illuminate\\Pipeline\\Pipeline->Illuminate\\Pipeline\\{closure}(Object(Illuminate\\Http\\Request))
#104 C:\\xampp\\htdocs\\apply like facebook\\pos6.12\\vendor\\laravel\\framework\\src\\Illuminate\\Foundation\\Http\\Middleware\\TrimStrings.php(40): Illuminate\\Foundation\\Http\\Middleware\\TransformsRequest->handle(Object(Illuminate\\Http\\Request), Object(Closure))
#105 C:\\xampp\\htdocs\\apply like facebook\\pos6.12\\vendor\\laravel\\framework\\src\\Illuminate\\Pipeline\\Pipeline.php(180): Illuminate\\Foundation\\Http\\Middleware\\TrimStrings->handle(Object(Illuminate\\Http\\Request), Object(Closure))
#106 C:\\xampp\\htdocs\\apply like facebook\\pos6.12\\vendor\\laravel\\framework\\src\\Illuminate\\Foundation\\Http\\Middleware\\ValidatePostSize.php(27): Illuminate\\Pipeline\\Pipeline->Illuminate\\Pipeline\\{closure}(Object(Illuminate\\Http\\Request))
#107 C:\\xampp\\htdocs\\apply like facebook\\pos6.12\\vendor\\laravel\\framework\\src\\Illuminate\\Pipeline\\Pipeline.php(180): Illuminate\\Foundation\\Http\\Middleware\\ValidatePostSize->handle(Object(Illuminate\\Http\\Request), Object(Closure))
#108 C:\\xampp\\htdocs\\apply like facebook\\pos6.12\\vendor\\laravel\\framework\\src\\Illuminate\\Foundation\\Http\\Middleware\\PreventRequestsDuringMaintenance.php(86): Illuminate\\Pipeline\\Pipeline->Illuminate\\Pipeline\\{closure}(Object(Illuminate\\Http\\Request))
#109 C:\\xampp\\htdocs\\apply like facebook\\pos6.12\\vendor\\laravel\\framework\\src\\Illuminate\\Pipeline\\Pipeline.php(180): Illuminate\\Foundation\\Http\\Middleware\\PreventRequestsDuringMaintenance->handle(Object(Illuminate\\Http\\Request), Object(Closure))
#110 C:\\xampp\\htdocs\\apply like facebook\\pos6.12\\vendor\\laravel\\framework\\src\\Illuminate\\Http\\Middleware\\HandleCors.php(49): Illuminate\\Pipeline\\Pipeline->Illuminate\\Pipeline\\{closure}(Object(Illuminate\\Http\\Request))
#111 C:\\xampp\\htdocs\\apply like facebook\\pos6.12\\vendor\\laravel\\framework\\src\\Illuminate\\Pipeline\\Pipeline.php(180): Illuminate\\Http\\Middleware\\HandleCors->handle(Object(Illuminate\\Http\\Request), Object(Closure))
#112 C:\\xampp\\htdocs\\apply like facebook\\pos6.12\\vendor\\laravel\\framework\\src\\Illuminate\\Http\\Middleware\\TrustProxies.php(39): Illuminate\\Pipeline\\Pipeline->Illuminate\\Pipeline\\{closure}(Object(Illuminate\\Http\\Request))
#113 C:\\xampp\\htdocs\\apply like facebook\\pos6.12\\vendor\\laravel\\framework\\src\\Illuminate\\Pipeline\\Pipeline.php(180): Illuminate\\Http\\Middleware\\TrustProxies->handle(Object(Illuminate\\Http\\Request), Object(Closure))
#114 C:\\xampp\\htdocs\\apply like facebook\\pos6.12\\vendor\\laravel\\framework\\src\\Illuminate\\Pipeline\\Pipeline.php(116): Illuminate\\Pipeline\\Pipeline->Illuminate\\Pipeline\\{closure}(Object(Illuminate\\Http\\Request))
#115 C:\\xampp\\htdocs\\apply like facebook\\pos6.12\\vendor\\laravel\\framework\\src\\Illuminate\\Foundation\\Http\\Kernel.php(165): Illuminate\\Pipeline\\Pipeline->then(Object(Closure))
#116 C:\\xampp\\htdocs\\apply like facebook\\pos6.12\\vendor\\laravel\\framework\\src\\Illuminate\\Foundation\\Http\\Kernel.php(134): Illuminate\\Foundation\\Http\\Kernel->sendRequestThroughRouter(Object(Illuminate\\Http\\Request))
#117 C:\\xampp\\htdocs\\apply like facebook\\pos6.12\\public\\index.php(56): Illuminate\\Foundation\\Http\\Kernel->handle(Object(Illuminate\\Http\\Request))
#118 C:\\xampp\\htdocs\\apply like facebook\\pos6.12\\vendor\\laravel\\framework\\src\\Illuminate\\Foundation\\resources\\server.php(16): require_once('C:\\\\xampp\\\\htdocs...')
#119 {main}
"} 
[2026-05-22 21:18:21] local.ERROR: SQLSTATE[HY000] [2002] No connection could be made because the target machine actively refused it (SQL: select `value`, `key` from `system` where `key` in (cleardatabydate_version, fixstockmismatch_version, importbackup_version, loanmanagement_version, localcashierreport_version, managelot_version, masterdata_version, mismatchfixer_version, repair_version, smartstockinventory_version, superadmin_version, userbackuprestore_version, warrantycardprint_version)) {"exception":"[object] (Illuminate\\Database\\QueryException(code: 2002): SQLSTATE[HY000] [2002] No connection could be made because the target machine actively refused it (SQL: select `value`, `key` from `system` where `key` in (cleardatabydate_version, fixstockmismatch_version, importbackup_version, loanmanagement_version, localcashierreport_version, managelot_version, masterdata_version, mismatchfixer_version, repair_version, smartstockinventory_version, superadmin_version, userbackuprestore_version, warrantycardprint_version)) at C:\\xampp\\htdocs\\apply like facebook\\pos6.12\\vendor\\laravel\\framework\\src\\Illuminate\\Database\\Connection.php:760)
[stacktrace]
#0 C:\\xampp\\htdocs\\apply like facebook\\pos6.12\\vendor\\laravel\\framework\\src\\Illuminate\\Database\\Connection.php(720): Illuminate\\Database\\Connection->runQueryCallback('select `value`,...', Array, Object(Closure))
#1 C:\\xampp\\htdocs\\apply like facebook\\pos6.12\\vendor\\laravel\\framework\\src\\Illuminate\\Database\\Connection.php(405): Illuminate\\Database\\Connection->run('select `value`,...', Array, Object(Closure))
#2 C:\\xampp\\htdocs\\apply like facebook\\pos6.12\\vendor\\laravel\\framework\\src\\Illuminate\\Database\\Query\\Builder.php(2705): Illuminate\\Database\\Connection->select('select `value`,...', Array, true)
#3 C:\\xampp\\htdocs\\apply like facebook\\pos6.12\\vendor\\laravel\\framework\\src\\Illuminate\\Database\\Query\\Builder.php(2920): Illuminate\\Database\\Query\\Builder->runSelect()
#4 C:\\xampp\\htdocs\\apply like facebook\\pos6.12\\vendor\\laravel\\framework\\src\\Illuminate\\Database\\Query\\Builder.php(3230): Illuminate\\Database\\Query\\Builder->Illuminate\\Database\\Query\\{closure}()
#5 C:\\xampp\\htdocs\\apply like facebook\\pos6.12\\vendor\\laravel\\framework\\src\\Illuminate\\Database\\Query\\Builder.php(2916): Illuminate\\Database\\Query\\Builder->onceWithColumns(Array, Object(Closure))
#6 C:\\xampp\\htdocs\\apply like facebook\\pos6.12\\vendor\\laravel\\framework\\src\\Illuminate\\Database\\Eloquent\\Builder.php(860): Illuminate\\Database\\Query\\Builder->pluck('value', 'key')
#7 C:\\xampp\\htdocs\\apply like facebook\\pos6.12\\app\\System.php(58): Illuminate\\Database\\Eloquent\\Builder->pluck('value', 'key')
#8 C:\\xampp\\htdocs\\apply like facebook\\pos6.12\\app\\Utils\\ModuleUtil.php(79): App\\System::getProperties(Array, true)
#9 C:\\xampp\\htdocs\\apply like facebook\\pos6.12\\app\\Providers\\ModuleAssetServiceProvider.php(54): App\\Utils\\ModuleUtil->getModuleData('getAssets')
#10 C:\\xampp\\htdocs\\apply like facebook\\pos6.12\\app\\Providers\\ModuleAssetServiceProvider.php(37): App\\Providers\\ModuleAssetServiceProvider->buildModuleAssets()
#11 C:\\xampp\\htdocs\\apply like facebook\\pos6.12\\app\\Providers\\ModuleAssetServiceProvider.php(25): App\\Providers\\ModuleAssetServiceProvider->getModuleAssets()
#12 C:\\xampp\\htdocs\\apply like facebook\\pos6.12\\vendor\\laravel\\framework\\src\\Illuminate\\View\\Concerns\\ManagesEvents.php(162): App\\Providers\\ModuleAssetServiceProvider->App\\Providers\\{closure}(Object(Illuminate\\View\\View))
#13 C:\\xampp\\htdocs\\apply like facebook\\pos6.12\\vendor\\laravel\\framework\\src\\Illuminate\\Events\\Dispatcher.php(418): Illuminate\\View\\Factory->Illuminate\\View\\Concerns\\{closure}('composing: auth...', Array)
#14 C:\\xampp\\htdocs\\apply like facebook\\pos6.12\\vendor\\laravel\\framework\\src\\Illuminate\\Events\\Dispatcher.php(249): Illuminate\\Events\\Dispatcher->Illuminate\\Events\\{closure}('composing: auth...', Array)
#15 C:\\xampp\\htdocs\\apply like facebook\\pos6.12\\vendor\\laravel\\framework\\src\\Illuminate\\View\\Concerns\\ManagesEvents.php(177): Illuminate\\Events\\Dispatcher->dispatch('composing: auth...', Array)
#16 C:\\xampp\\htdocs\\apply like facebook\\pos6.12\\vendor\\laravel\\framework\\src\\Illuminate\\View\\View.php(176): Illuminate\\View\\Factory->callComposer(Object(Illuminate\\View\\View))
#17 C:\\xampp\\htdocs\\apply like facebook\\pos6.12\\vendor\\laravel\\framework\\src\\Illuminate\\View\\View.php(147): Illuminate\\View\\View->renderContents()
#18 C:\\xampp\\htdocs\\apply like facebook\\pos6.12\\vendor\\laravel\\framework\\src\\Illuminate\\Http\\Response.php(69): Illuminate\\View\\View->render()
#19 C:\\xampp\\htdocs\\apply like facebook\\pos6.12\\vendor\\laravel\\framework\\src\\Illuminate\\Http\\Response.php(35): Illuminate\\Http\\Response->setContent(Object(Illuminate\\View\\View))
#20 C:\\xampp\\htdocs\\apply like facebook\\pos6.12\\vendor\\laravel\\framework\\src\\Illuminate\\Routing\\Router.php(906): Illuminate\\Http\\Response->__construct(Object(Illuminate\\View\\View), 200, Array)
#21 C:\\xampp\\htdocs\\apply like facebook\\pos6.12\\vendor\\laravel\\framework\\src\\Illuminate\\Routing\\Router.php(875): Illuminate\\Routing\\Router::toResponse(Object(Illuminate\\Http\\Request), Object(Illuminate\\View\\View))
#22 C:\\xampp\\htdocs\\apply like facebook\\pos6.12\\vendor\\laravel\\framework\\src\\Illuminate\\Routing\\Router.php(797): Illuminate\\Routing\\Router->prepareResponse(Object(Illuminate\\Http\\Request), Object(Illuminate\\View\\View))
#23 C:\\xampp\\htdocs\\apply like facebook\\pos6.12\\vendor\\laravel\\framework\\src\\Illuminate\\Pipeline\\Pipeline.php(141): Illuminate\\Routing\\Router->Illuminate\\Routing\\{closure}(Object(Illuminate\\Http\\Request))
#24 C:\\xampp\\htdocs\\apply like facebook\\pos6.12\\app\\Http\\Middleware\\RedirectIfAuthenticated.php(30): Illuminate\\Pipeline\\Pipeline->Illuminate\\Pipeline\\{closure}(Object(Illuminate\\Http\\Request))
#25 C:\\xampp\\htdocs\\apply like facebook\\pos6.12\\vendor\\laravel\\framework\\src\\Illuminate\\Pipeline\\Pipeline.php(180): App\\Http\\Middleware\\RedirectIfAuthenticated->handle(Object(Illuminate\\Http\\Request), Object(Closure))
#26 C:\\xampp\\htdocs\\apply like facebook\\pos6.12\\app\\Http\\Middleware\\IsInstalled.php(50): Illuminate\\Pipeline\\Pipeline->Illuminate\\Pipeline\\{closure}(Object(Illuminate\\Http\\Request))
#27 C:\\xampp\\htdocs\\apply like facebook\\pos6.12\\vendor\\laravel\\framework\\src\\Illuminate\\Pipeline\\Pipeline.php(180): App\\Http\\Middleware\\IsInstalled->handle(Object(Illuminate\\Http\\Request), Object(Closure))
#28 C:\\xampp\\htdocs\\apply like facebook\\pos6.12\\vendor\\barryvdh\\laravel-debugbar\\src\\Middleware\\InjectDebugbar.php(59): Illuminate\\Pipeline\\Pipeline->Illuminate\\Pipeline\\{closure}(Object(Illuminate\\Http\\Request))
#29 C:\\xampp\\htdocs\\apply like facebook\\pos6.12\\vendor\\laravel\\framework\\src\\Illuminate\\Pipeline\\Pipeline.php(180): Barryvdh\\Debugbar\\Middleware\\InjectDebugbar->handle(Object(Illuminate\\Http\\Request), Object(Closure))
#30 C:\\xampp\\htdocs\\apply like facebook\\pos6.12\\vendor\\laravel\\framework\\src\\Illuminate\\Routing\\Middleware\\SubstituteBindings.php(50): Illuminate\\Pipeline\\Pipeline->Illuminate\\Pipeline\\{closure}(Object(Illuminate\\Http\\Request))
#31 C:\\xampp\\htdocs\\apply like facebook\\pos6.12\\vendor\\laravel\\framework\\src\\Illuminate\\Pipeline\\Pipeline.php(180): Illuminate\\Routing\\Middleware\\SubstituteBindings->handle(Object(Illuminate\\Http\\Request), Object(Closure))
#32 C:\\xampp\\htdocs\\apply like facebook\\pos6.12\\vendor\\laravel\\framework\\src\\Illuminate\\Foundation\\Http\\Middleware\\VerifyCsrfToken.php(78): Illuminate\\Pipeline\\Pipeline->Illuminate\\Pipeline\\{closure}(Object(Illuminate\\Http\\Request))
#33 C:\\xampp\\htdocs\\apply like facebook\\pos6.12\\vendor\\laravel\\framework\\src\\Illuminate\\Pipeline\\Pipeline.php(180): Illuminate\\Foundation\\Http\\Middleware\\VerifyCsrfToken->handle(Object(Illuminate\\Http\\Request), Object(Closure))
#34 C:\\xampp\\htdocs\\apply like facebook\\pos6.12\\vendor\\laravel\\framework\\src\\Illuminate\\View\\Middleware\\ShareErrorsFromSession.php(49): Illuminate\\Pipeline\\Pipeline->Illuminate\\Pipeline\\{closure}(Object(Illuminate\\Http\\Request))
#35 C:\\xampp\\htdocs\\apply like facebook\\pos6.12\\vendor\\laravel\\framework\\src\\Illuminate\\Pipeline\\Pipeline.php(180): Illuminate\\View\\Middleware\\ShareErrorsFromSession->handle(Object(Illuminate\\Http\\Request), Object(Closure))
#36 C:\\xampp\\htdocs\\apply like facebook\\pos6.12\\vendor\\laravel\\framework\\src\\Illuminate\\Session\\Middleware\\StartSession.php(121): Illuminate\\Pipeline\\Pipeline->Illuminate\\Pipeline\\{closure}(Object(Illuminate\\Http\\Request))
#37 C:\\xampp\\htdocs\\apply like facebook\\pos6.12\\vendor\\laravel\\framework\\src\\Illuminate\\Session\\Middleware\\StartSession.php(64): Illuminate\\Session\\Middleware\\StartSession->handleStatefulRequest(Object(Illuminate\\Http\\Request), Object(Illuminate\\Session\\Store), Object(Closure))
#38 C:\\xampp\\htdocs\\apply like facebook\\pos6.12\\vendor\\laravel\\framework\\src\\Illuminate\\Pipeline\\Pipeline.php(180): Illuminate\\Session\\Middleware\\StartSession->handle(Object(Illuminate\\Http\\Request), Object(Closure))
#39 C:\\xampp\\htdocs\\apply like facebook\\pos6.12\\vendor\\laravel\\framework\\src\\Illuminate\\Cookie\\Middleware\\AddQueuedCookiesToResponse.php(37): Illuminate\\Pipeline\\Pipeline->Illuminate\\Pipeline\\{closure}(Object(Illuminate\\Http\\Request))
#40 C:\\xampp\\htdocs\\apply like facebook\\pos6.12\\vendor\\laravel\\framework\\src\\Illuminate\\Pipeline\\Pipeline.php(180): Illuminate\\Cookie\\Middleware\\AddQueuedCookiesToResponse->handle(Object(Illuminate\\Http\\Request), Object(Closure))
#41 C:\\xampp\\htdocs\\apply like facebook\\pos6.12\\vendor\\laravel\\framework\\src\\Illuminate\\Cookie\\Middleware\\EncryptCookies.php(67): Illuminate\\Pipeline\\Pipeline->Illuminate\\Pipeline\\{closure}(Object(Illuminate\\Http\\Request))
#42 C:\\xampp\\htdocs\\apply like facebook\\pos6.12\\vendor\\laravel\\framework\\src\\Illuminate\\Pipeline\\Pipeline.php(180): Illuminate\\Cookie\\Middleware\\EncryptCookies->handle(Object(Illuminate\\Http\\Request), Object(Closure))
#43 C:\\xampp\\htdocs\\apply like facebook\\pos6.12\\vendor\\laravel\\framework\\src\\Illuminate\\Pipeline\\Pipeline.php(116): Illuminate\\Pipeline\\Pipeline->Illuminate\\Pipeline\\{closure}(Object(Illuminate\\Http\\Request))
#44 C:\\xampp\\htdocs\\apply like facebook\\pos6.12\\vendor\\laravel\\framework\\src\\Illuminate\\Routing\\Router.php(797): Illuminate\\Pipeline\\Pipeline->then(Object(Closure))
#45 C:\\xampp\\htdocs\\apply like facebook\\pos6.12\\vendor\\laravel\\framework\\src\\Illuminate\\Routing\\Router.php(776): Illuminate\\Routing\\Router->runRouteWithinStack(Object(Illuminate\\Routing\\Route), Object(Illuminate\\Http\\Request))
#46 C:\\xampp\\htdocs\\apply like facebook\\pos6.12\\vendor\\laravel\\framework\\src\\Illuminate\\Routing\\Router.php(740): Illuminate\\Routing\\Router->runRoute(Object(Illuminate\\Http\\Request), Object(Illuminate\\Routing\\Route))
#47 C:\\xampp\\htdocs\\apply like facebook\\pos6.12\\vendor\\laravel\\framework\\src\\Illuminate\\Routing\\Router.php(729): Illuminate\\Routing\\Router->dispatchToRoute(Object(Illuminate\\Http\\Request))
#48 C:\\xampp\\htdocs\\apply like facebook\\pos6.12\\vendor\\laravel\\framework\\src\\Illuminate\\Foundation\\Http\\Kernel.php(190): Illuminate\\Routing\\Router->dispatch(Object(Illuminate\\Http\\Request))
#49 C:\\xampp\\htdocs\\apply like facebook\\pos6.12\\vendor\\laravel\\framework\\src\\Illuminate\\Pipeline\\Pipeline.php(141): Illuminate\\Foundation\\Http\\Kernel->Illuminate\\Foundation\\Http\\{closure}(Object(Illuminate\\Http\\Request))
#50 C:\\xampp\\htdocs\\apply like facebook\\pos6.12\\vendor\\barryvdh\\laravel-debugbar\\src\\Middleware\\InjectDebugbar.php(59): Illuminate\\Pipeline\\Pipeline->Illuminate\\Pipeline\\{closure}(Object(Illuminate\\Http\\Request))
#51 C:\\xampp\\htdocs\\apply like facebook\\pos6.12\\vendor\\laravel\\framework\\src\\Illuminate\\Pipeline\\Pipeline.php(180): Barryvdh\\Debugbar\\Middleware\\InjectDebugbar->handle(Object(Illuminate\\Http\\Request), Object(Closure))
#52 C:\\xampp\\htdocs\\apply like facebook\\pos6.12\\vendor\\laravel\\framework\\src\\Illuminate\\Foundation\\Http\\Middleware\\TransformsRequest.php(21): Illuminate\\Pipeline\\Pipeline->Illuminate\\Pipeline\\{closure}(Object(Illuminate\\Http\\Request))
#53 C:\\xampp\\htdocs\\apply like facebook\\pos6.12\\vendor\\laravel\\framework\\src\\Illuminate\\Foundation\\Http\\Middleware\\ConvertEmptyStringsToNull.php(31): Illuminate\\Foundation\\Http\\Middleware\\TransformsRequest->handle(Object(Illuminate\\Http\\Request), Object(Closure))
#54 C:\\xampp\\htdocs\\apply like facebook\\pos6.12\\vendor\\laravel\\framework\\src\\Illuminate\\Pipeline\\Pipeline.php(180): Illuminate\\Foundation\\Http\\Middleware\\ConvertEmptyStringsToNull->handle(Object(Illuminate\\Http\\Request), Object(Closure))
#55 C:\\xampp\\htdocs\\apply like facebook\\pos6.12\\vendor\\laravel\\framework\\src\\Illuminate\\Foundation\\Http\\Middleware\\TransformsRequest.php(21): Illuminate\\Pipeline\\Pipeline->Illuminate\\Pipeline\\{closure}(Object(Illuminate\\Http\\Request))
#56 C:\\xampp\\htdocs\\apply like facebook\\pos6.12\\vendor\\laravel\\framework\\src\\Illuminate\\Foundation\\Http\\Middleware\\TrimStrings.php(40): Illuminate\\Foundation\\Http\\Middleware\\TransformsRequest->handle(Object(Illuminate\\Http\\Request), Object(Closure))
#57 C:\\xampp\\htdocs\\apply like facebook\\pos6.12\\vendor\\laravel\\framework\\src\\Illuminate\\Pipeline\\Pipeline.php(180): Illuminate\\Foundation\\Http\\Middleware\\TrimStrings->handle(Object(Illuminate\\Http\\Request), Object(Closure))
#58 C:\\xampp\\htdocs\\apply like facebook\\pos6.12\\vendor\\laravel\\framework\\src\\Illuminate\\Foundation\\Http\\Middleware\\ValidatePostSize.php(27): Illuminate\\Pipeline\\Pipeline->Illuminate\\Pipeline\\{closure}(Object(Illuminate\\Http\\Request))
#59 C:\\xampp\\htdocs\\apply like facebook\\pos6.12\\vendor\\laravel\\framework\\src\\Illuminate\\Pipeline\\Pipeline.php(180): Illuminate\\Foundation\\Http\\Middleware\\ValidatePostSize->handle(Object(Illuminate\\Http\\Request), Object(Closure))
#60 C:\\xampp\\htdocs\\apply like facebook\\pos6.12\\vendor\\laravel\\framework\\src\\Illuminate\\Foundation\\Http\\Middleware\\PreventRequestsDuringMaintenance.php(86): Illuminate\\Pipeline\\Pipeline->Illuminate\\Pipeline\\{closure}(Object(Illuminate\\Http\\Request))
#61 C:\\xampp\\htdocs\\apply like facebook\\pos6.12\\vendor\\laravel\\framework\\src\\Illuminate\\Pipeline\\Pipeline.php(180): Illuminate\\Foundation\\Http\\Middleware\\PreventRequestsDuringMaintenance->handle(Object(Illuminate\\Http\\Request), Object(Closure))
#62 C:\\xampp\\htdocs\\apply like facebook\\pos6.12\\vendor\\laravel\\framework\\src\\Illuminate\\Http\\Middleware\\HandleCors.php(49): Illuminate\\Pipeline\\Pipeline->Illuminate\\Pipeline\\{closure}(Object(Illuminate\\Http\\Request))
#63 C:\\xampp\\htdocs\\apply like facebook\\pos6.12\\vendor\\laravel\\framework\\src\\Illuminate\\Pipeline\\Pipeline.php(180): Illuminate\\Http\\Middleware\\HandleCors->handle(Object(Illuminate\\Http\\Request), Object(Closure))
#64 C:\\xampp\\htdocs\\apply like facebook\\pos6.12\\vendor\\laravel\\framework\\src\\Illuminate\\Http\\Middleware\\TrustProxies.php(39): Illuminate\\Pipeline\\Pipeline->Illuminate\\Pipeline\\{closure}(Object(Illuminate\\Http\\Request))
#65 C:\\xampp\\htdocs\\apply like facebook\\pos6.12\\vendor\\laravel\\framework\\src\\Illuminate\\Pipeline\\Pipeline.php(180): Illuminate\\Http\\Middleware\\TrustProxies->handle(Object(Illuminate\\Http\\Request), Object(Closure))
#66 C:\\xampp\\htdocs\\apply like facebook\\pos6.12\\vendor\\laravel\\framework\\src\\Illuminate\\Pipeline\\Pipeline.php(116): Illuminate\\Pipeline\\Pipeline->Illuminate\\Pipeline\\{closure}(Object(Illuminate\\Http\\Request))
#67 C:\\xampp\\htdocs\\apply like facebook\\pos6.12\\vendor\\laravel\\framework\\src\\Illuminate\\Foundation\\Http\\Kernel.php(165): Illuminate\\Pipeline\\Pipeline->then(Object(Closure))
#68 C:\\xampp\\htdocs\\apply like facebook\\pos6.12\\vendor\\laravel\\framework\\src\\Illuminate\\Foundation\\Http\\Kernel.php(134): Illuminate\\Foundation\\Http\\Kernel->sendRequestThroughRouter(Object(Illuminate\\Http\\Request))
#69 C:\\xampp\\htdocs\\apply like facebook\\pos6.12\\public\\index.php(56): Illuminate\\Foundation\\Http\\Kernel->handle(Object(Illuminate\\Http\\Request))
#70 C:\\xampp\\htdocs\\apply like facebook\\pos6.12\\vendor\\laravel\\framework\\src\\Illuminate\\Foundation\\resources\\server.php(16): require_once('C:\\\\xampp\\\\htdocs...')
#71 {main}

[previous exception] [object] (PDOException(code: 2002): SQLSTATE[HY000] [2002] No connection could be made because the target machine actively refused it at C:\\xampp\\htdocs\\apply like facebook\\pos6.12\\vendor\\laravel\\framework\\src\\Illuminate\\Database\\Connectors\\Connector.php:70)
[stacktrace]
#0 C:\\xampp\\htdocs\\apply like facebook\\pos6.12\\vendor\\laravel\\framework\\src\\Illuminate\\Database\\Connectors\\Connector.php(70): PDO->__construct('mysql:host=127....', 'root', Object(SensitiveParameterValue), Array)
#1 C:\\xampp\\htdocs\\apply like facebook\\pos6.12\\vendor\\laravel\\framework\\src\\Illuminate\\Database\\Connectors\\Connector.php(45): Illuminate\\Database\\Connectors\\Connector->createPdoConnection('mysql:host=127....', 'root', '', Array)
#2 C:\\xampp\\htdocs\\apply like facebook\\pos6.12\\vendor\\laravel\\framework\\src\\Illuminate\\Database\\Connectors\\MySqlConnector.php(24): Illuminate\\Database\\Connectors\\Connector->createConnection('mysql:host=127....', Array, Array)
#3 C:\\xampp\\htdocs\\apply like facebook\\pos6.12\\vendor\\laravel\\framework\\src\\Illuminate\\Database\\Connectors\\ConnectionFactory.php(184): Illuminate\\Database\\Connectors\\MySqlConnector->connect(Array)
#4 [internal function]: Illuminate\\Database\\Connectors\\ConnectionFactory->Illuminate\\Database\\Connectors\\{closure}()
#5 C:\\xampp\\htdocs\\apply like facebook\\pos6.12\\vendor\\laravel\\framework\\src\\Illuminate\\Database\\Connection.php(1181): call_user_func(Object(Closure))
#6 C:\\xampp\\htdocs\\apply like facebook\\pos6.12\\vendor\\laravel\\framework\\src\\Illuminate\\Database\\Connection.php(1217): Illuminate\\Database\\Connection->getPdo()
#7 C:\\xampp\\htdocs\\apply like facebook\\pos6.12\\vendor\\laravel\\framework\\src\\Illuminate\\Database\\Connection.php(486): Illuminate\\Database\\Connection->getReadPdo()
#8 C:\\xampp\\htdocs\\apply like facebook\\pos6.12\\vendor\\laravel\\framework\\src\\Illuminate\\Database\\Connection.php(414): Illuminate\\Database\\Connection->getPdoForSelect(true)
#9 C:\\xampp\\htdocs\\apply like facebook\\pos6.12\\vendor\\laravel\\framework\\src\\Illuminate\\Database\\Connection.php(753): Illuminate\\Database\\Connection->Illuminate\\Database\\{closure}('select `value`,...', Array)
#10 C:\\xampp\\htdocs\\apply like facebook\\pos6.12\\vendor\\laravel\\framework\\src\\Illuminate\\Database\\Connection.php(720): Illuminate\\Database\\Connection->runQueryCallback('select `value`,...', Array, Object(Closure))
#11 C:\\xampp\\htdocs\\apply like facebook\\pos6.12\\vendor\\laravel\\framework\\src\\Illuminate\\Database\\Connection.php(405): Illuminate\\Database\\Connection->run('select `value`,...', Array, Object(Closure))
#12 C:\\xampp\\htdocs\\apply like facebook\\pos6.12\\vendor\\laravel\\framework\\src\\Illuminate\\Database\\Query\\Builder.php(2705): Illuminate\\Database\\Connection->select('select `value`,...', Array, true)
#13 C:\\xampp\\htdocs\\apply like facebook\\pos6.12\\vendor\\laravel\\framework\\src\\Illuminate\\Database\\Query\\Builder.php(2920): Illuminate\\Database\\Query\\Builder->runSelect()
#14 C:\\xampp\\htdocs\\apply like facebook\\pos6.12\\vendor\\laravel\\framework\\src\\Illuminate\\Database\\Query\\Builder.php(3230): Illuminate\\Database\\Query\\Builder->Illuminate\\Database\\Query\\{closure}()
#15 C:\\xampp\\htdocs\\apply like facebook\\pos6.12\\vendor\\laravel\\framework\\src\\Illuminate\\Database\\Query\\Builder.php(2916): Illuminate\\Database\\Query\\Builder->onceWithColumns(Array, Object(Closure))
#16 C:\\xampp\\htdocs\\apply like facebook\\pos6.12\\vendor\\laravel\\framework\\src\\Illuminate\\Database\\Eloquent\\Builder.php(860): Illuminate\\Database\\Query\\Builder->pluck('value', 'key')
#17 C:\\xampp\\htdocs\\apply like facebook\\pos6.12\\app\\System.php(58): Illuminate\\Database\\Eloquent\\Builder->pluck('value', 'key')
#18 C:\\xampp\\htdocs\\apply like facebook\\pos6.12\\app\\Utils\\ModuleUtil.php(79): App\\System::getProperties(Array, true)
#19 C:\\xampp\\htdocs\\apply like facebook\\pos6.12\\app\\Providers\\ModuleAssetServiceProvider.php(54): App\\Utils\\ModuleUtil->getModuleData('getAssets')
#20 C:\\xampp\\htdocs\\apply like facebook\\pos6.12\\app\\Providers\\ModuleAssetServiceProvider.php(37): App\\Providers\\ModuleAssetServiceProvider->buildModuleAssets()
#21 C:\\xampp\\htdocs\\apply like facebook\\pos6.12\\app\\Providers\\ModuleAssetServiceProvider.php(25): App\\Providers\\ModuleAssetServiceProvider->getModuleAssets()
#22 C:\\xampp\\htdocs\\apply like facebook\\pos6.12\\vendor\\laravel\\framework\\src\\Illuminate\\View\\Concerns\\ManagesEvents.php(162): App\\Providers\\ModuleAssetServiceProvider->App\\Providers\\{closure}(Object(Illuminate\\View\\View))
#23 C:\\xampp\\htdocs\\apply like facebook\\pos6.12\\vendor\\laravel\\framework\\src\\Illuminate\\Events\\Dispatcher.php(418): Illuminate\\View\\Factory->Illuminate\\View\\Concerns\\{closure}('composing: auth...', Array)
#24 C:\\xampp\\htdocs\\apply like facebook\\pos6.12\\vendor\\laravel\\framework\\src\\Illuminate\\Events\\Dispatcher.php(249): Illuminate\\Events\\Dispatcher->Illuminate\\Events\\{closure}('composing: auth...', Array)
#25 C:\\xampp\\htdocs\\apply like facebook\\pos6.12\\vendor\\laravel\\framework\\src\\Illuminate\\View\\Concerns\\ManagesEvents.php(177): Illuminate\\Events\\Dispatcher->dispatch('composing: auth...', Array)
#26 C:\\xampp\\htdocs\\apply like facebook\\pos6.12\\vendor\\laravel\\framework\\src\\Illuminate\\View\\View.php(176): Illuminate\\View\\Factory->callComposer(Object(Illuminate\\View\\View))
#27 C:\\xampp\\htdocs\\apply like facebook\\pos6.12\\vendor\\laravel\\framework\\src\\Illuminate\\View\\View.php(147): Illuminate\\View\\View->renderContents()
#28 C:\\xampp\\htdocs\\apply like facebook\\pos6.12\\vendor\\laravel\\framework\\src\\Illuminate\\Http\\Response.php(69): Illuminate\\View\\View->render()
#29 C:\\xampp\\htdocs\\apply like facebook\\pos6.12\\vendor\\laravel\\framework\\src\\Illuminate\\Http\\Response.php(35): Illuminate\\Http\\Response->setContent(Object(Illuminate\\View\\View))
#30 C:\\xampp\\htdocs\\apply like facebook\\pos6.12\\vendor\\laravel\\framework\\src\\Illuminate\\Routing\\Router.php(906): Illuminate\\Http\\Response->__construct(Object(Illuminate\\View\\View), 200, Array)
#31 C:\\xampp\\htdocs\\apply like facebook\\pos6.12\\vendor\\laravel\\framework\\src\\Illuminate\\Routing\\Router.php(875): Illuminate\\Routing\\Router::toResponse(Object(Illuminate\\Http\\Request), Object(Illuminate\\View\\View))
#32 C:\\xampp\\htdocs\\apply like facebook\\pos6.12\\vendor\\laravel\\framework\\src\\Illuminate\\Routing\\Router.php(797): Illuminate\\Routing\\Router->prepareResponse(Object(Illuminate\\Http\\Request), Object(Illuminate\\View\\View))
#33 C:\\xampp\\htdocs\\apply like facebook\\pos6.12\\vendor\\laravel\\framework\\src\\Illuminate\\Pipeline\\Pipeline.php(141): Illuminate\\Routing\\Router->Illuminate\\Routing\\{closure}(Object(Illuminate\\Http\\Request))
#34 C:\\xampp\\htdocs\\apply like facebook\\pos6.12\\app\\Http\\Middleware\\RedirectIfAuthenticated.php(30): Illuminate\\Pipeline\\Pipeline->Illuminate\\Pipeline\\{closure}(Object(Illuminate\\Http\\Request))
#35 C:\\xampp\\htdocs\\apply like facebook\\pos6.12\\vendor\\laravel\\framework\\src\\Illuminate\\Pipeline\\Pipeline.php(180): App\\Http\\Middleware\\RedirectIfAuthenticated->handle(Object(Illuminate\\Http\\Request), Object(Closure))
#36 C:\\xampp\\htdocs\\apply like facebook\\pos6.12\\app\\Http\\Middleware\\IsInstalled.php(50): Illuminate\\Pipeline\\Pipeline->Illuminate\\Pipeline\\{closure}(Object(Illuminate\\Http\\Request))
#37 C:\\xampp\\htdocs\\apply like facebook\\pos6.12\\vendor\\laravel\\framework\\src\\Illuminate\\Pipeline\\Pipeline.php(180): App\\Http\\Middleware\\IsInstalled->handle(Object(Illuminate\\Http\\Request), Object(Closure))
#38 C:\\xampp\\htdocs\\apply like facebook\\pos6.12\\vendor\\barryvdh\\laravel-debugbar\\src\\Middleware\\InjectDebugbar.php(59): Illuminate\\Pipeline\\Pipeline->Illuminate\\Pipeline\\{closure}(Object(Illuminate\\Http\\Request))
#39 C:\\xampp\\htdocs\\apply like facebook\\pos6.12\\vendor\\laravel\\framework\\src\\Illuminate\\Pipeline\\Pipeline.php(180): Barryvdh\\Debugbar\\Middleware\\InjectDebugbar->handle(Object(Illuminate\\Http\\Request), Object(Closure))
#40 C:\\xampp\\htdocs\\apply like facebook\\pos6.12\\vendor\\laravel\\framework\\src\\Illuminate\\Routing\\Middleware\\SubstituteBindings.php(50): Illuminate\\Pipeline\\Pipeline->Illuminate\\Pipeline\\{closure}(Object(Illuminate\\Http\\Request))
#41 C:\\xampp\\htdocs\\apply like facebook\\pos6.12\\vendor\\laravel\\framework\\src\\Illuminate\\Pipeline\\Pipeline.php(180): Illuminate\\Routing\\Middleware\\SubstituteBindings->handle(Object(Illuminate\\Http\\Request), Object(Closure))
#42 C:\\xampp\\htdocs\\apply like facebook\\pos6.12\\vendor\\laravel\\framework\\src\\Illuminate\\Foundation\\Http\\Middleware\\VerifyCsrfToken.php(78): Illuminate\\Pipeline\\Pipeline->Illuminate\\Pipeline\\{closure}(Object(Illuminate\\Http\\Request))
#43 C:\\xampp\\htdocs\\apply like facebook\\pos6.12\\vendor\\laravel\\framework\\src\\Illuminate\\Pipeline\\Pipeline.php(180): Illuminate\\Foundation\\Http\\Middleware\\VerifyCsrfToken->handle(Object(Illuminate\\Http\\Request), Object(Closure))
#44 C:\\xampp\\htdocs\\apply like facebook\\pos6.12\\vendor\\laravel\\framework\\src\\Illuminate\\View\\Middleware\\ShareErrorsFromSession.php(49): Illuminate\\Pipeline\\Pipeline->Illuminate\\Pipeline\\{closure}(Object(Illuminate\\Http\\Request))
#45 C:\\xampp\\htdocs\\apply like facebook\\pos6.12\\vendor\\laravel\\framework\\src\\Illuminate\\Pipeline\\Pipeline.php(180): Illuminate\\View\\Middleware\\ShareErrorsFromSession->handle(Object(Illuminate\\Http\\Request), Object(Closure))
#46 C:\\xampp\\htdocs\\apply like facebook\\pos6.12\\vendor\\laravel\\framework\\src\\Illuminate\\Session\\Middleware\\StartSession.php(121): Illuminate\\Pipeline\\Pipeline->Illuminate\\Pipeline\\{closure}(Object(Illuminate\\Http\\Request))
#47 C:\\xampp\\htdocs\\apply like facebook\\pos6.12\\vendor\\laravel\\framework\\src\\Illuminate\\Session\\Middleware\\StartSession.php(64): Illuminate\\Session\\Middleware\\StartSession->handleStatefulRequest(Object(Illuminate\\Http\\Request), Object(Illuminate\\Session\\Store), Object(Closure))
#48 C:\\xampp\\htdocs\\apply like facebook\\pos6.12\\vendor\\laravel\\framework\\src\\Illuminate\\Pipeline\\Pipeline.php(180): Illuminate\\Session\\Middleware\\StartSession->handle(Object(Illuminate\\Http\\Request), Object(Closure))
#49 C:\\xampp\\htdocs\\apply like facebook\\pos6.12\\vendor\\laravel\\framework\\src\\Illuminate\\Cookie\\Middleware\\AddQueuedCookiesToResponse.php(37): Illuminate\\Pipeline\\Pipeline->Illuminate\\Pipeline\\{closure}(Object(Illuminate\\Http\\Request))
#50 C:\\xampp\\htdocs\\apply like facebook\\pos6.12\\vendor\\laravel\\framework\\src\\Illuminate\\Pipeline\\Pipeline.php(180): Illuminate\\Cookie\\Middleware\\AddQueuedCookiesToResponse->handle(Object(Illuminate\\Http\\Request), Object(Closure))
#51 C:\\xampp\\htdocs\\apply like facebook\\pos6.12\\vendor\\laravel\\framework\\src\\Illuminate\\Cookie\\Middleware\\EncryptCookies.php(67): Illuminate\\Pipeline\\Pipeline->Illuminate\\Pipeline\\{closure}(Object(Illuminate\\Http\\Request))
#52 C:\\xampp\\htdocs\\apply like facebook\\pos6.12\\vendor\\laravel\\framework\\src\\Illuminate\\Pipeline\\Pipeline.php(180): Illuminate\\Cookie\\Middleware\\EncryptCookies->handle(Object(Illuminate\\Http\\Request), Object(Closure))
#53 C:\\xampp\\htdocs\\apply like facebook\\pos6.12\\vendor\\laravel\\framework\\src\\Illuminate\\Pipeline\\Pipeline.php(116): Illuminate\\Pipeline\\Pipeline->Illuminate\\Pipeline\\{closure}(Object(Illuminate\\Http\\Request))
#54 C:\\xampp\\htdocs\\apply like facebook\\pos6.12\\vendor\\laravel\\framework\\src\\Illuminate\\Routing\\Router.php(797): Illuminate\\Pipeline\\Pipeline->then(Object(Closure))
#55 C:\\xampp\\htdocs\\apply like facebook\\pos6.12\\vendor\\laravel\\framework\\src\\Illuminate\\Routing\\Router.php(776): Illuminate\\Routing\\Router->runRouteWithinStack(Object(Illuminate\\Routing\\Route), Object(Illuminate\\Http\\Request))
#56 C:\\xampp\\htdocs\\apply like facebook\\pos6.12\\vendor\\laravel\\framework\\src\\Illuminate\\Routing\\Router.php(740): Illuminate\\Routing\\Router->runRoute(Object(Illuminate\\Http\\Request), Object(Illuminate\\Routing\\Route))
#57 C:\\xampp\\htdocs\\apply like facebook\\pos6.12\\vendor\\laravel\\framework\\src\\Illuminate\\Routing\\Router.php(729): Illuminate\\Routing\\Router->dispatchToRoute(Object(Illuminate\\Http\\Request))
#58 C:\\xampp\\htdocs\\apply like facebook\\pos6.12\\vendor\\laravel\\framework\\src\\Illuminate\\Foundation\\Http\\Kernel.php(190): Illuminate\\Routing\\Router->dispatch(Object(Illuminate\\Http\\Request))
#59 C:\\xampp\\htdocs\\apply like facebook\\pos6.12\\vendor\\laravel\\framework\\src\\Illuminate\\Pipeline\\Pipeline.php(141): Illuminate\\Foundation\\Http\\Kernel->Illuminate\\Foundation\\Http\\{closure}(Object(Illuminate\\Http\\Request))
#60 C:\\xampp\\htdocs\\apply like facebook\\pos6.12\\vendor\\barryvdh\\laravel-debugbar\\src\\Middleware\\InjectDebugbar.php(59): Illuminate\\Pipeline\\Pipeline->Illuminate\\Pipeline\\{closure}(Object(Illuminate\\Http\\Request))
#61 C:\\xampp\\htdocs\\apply like facebook\\pos6.12\\vendor\\laravel\\framework\\src\\Illuminate\\Pipeline\\Pipeline.php(180): Barryvdh\\Debugbar\\Middleware\\InjectDebugbar->handle(Object(Illuminate\\Http\\Request), Object(Closure))
#62 C:\\xampp\\htdocs\\apply like facebook\\pos6.12\\vendor\\laravel\\framework\\src\\Illuminate\\Foundation\\Http\\Middleware\\TransformsRequest.php(21): Illuminate\\Pipeline\\Pipeline->Illuminate\\Pipeline\\{closure}(Object(Illuminate\\Http\\Request))
#63 C:\\xampp\\htdocs\\apply like facebook\\pos6.12\\vendor\\laravel\\framework\\src\\Illuminate\\Foundation\\Http\\Middleware\\ConvertEmptyStringsToNull.php(31): Illuminate\\Foundation\\Http\\Middleware\\TransformsRequest->handle(Object(Illuminate\\Http\\Request), Object(Closure))
#64 C:\\xampp\\htdocs\\apply like facebook\\pos6.12\\vendor\\laravel\\framework\\src\\Illuminate\\Pipeline\\Pipeline.php(180): Illuminate\\Foundation\\Http\\Middleware\\ConvertEmptyStringsToNull->handle(Object(Illuminate\\Http\\Request), Object(Closure))
#65 C:\\xampp\\htdocs\\apply like facebook\\pos6.12\\vendor\\laravel\\framework\\src\\Illuminate\\Foundation\\Http\\Middleware\\TransformsRequest.php(21): Illuminate\\Pipeline\\Pipeline->Illuminate\\Pipeline\\{closure}(Object(Illuminate\\Http\\Request))
#66 C:\\xampp\\htdocs\\apply like facebook\\pos6.12\\vendor\\laravel\\framework\\src\\Illuminate\\Foundation\\Http\\Middleware\\TrimStrings.php(40): Illuminate\\Foundation\\Http\\Middleware\\TransformsRequest->handle(Object(Illuminate\\Http\\Request), Object(Closure))
#67 C:\\xampp\\htdocs\\apply like facebook\\pos6.12\\vendor\\laravel\\framework\\src\\Illuminate\\Pipeline\\Pipeline.php(180): Illuminate\\Foundation\\Http\\Middleware\\TrimStrings->handle(Object(Illuminate\\Http\\Request), Object(Closure))
#68 C:\\xampp\\htdocs\\apply like facebook\\pos6.12\\vendor\\laravel\\framework\\src\\Illuminate\\Foundation\\Http\\Middleware\\ValidatePostSize.php(27): Illuminate\\Pipeline\\Pipeline->Illuminate\\Pipeline\\{closure}(Object(Illuminate\\Http\\Request))
#69 C:\\xampp\\htdocs\\apply like facebook\\pos6.12\\vendor\\laravel\\framework\\src\\Illuminate\\Pipeline\\Pipeline.php(180): Illuminate\\Foundation\\Http\\Middleware\\ValidatePostSize->handle(Object(Illuminate\\Http\\Request), Object(Closure))
#70 C:\\xampp\\htdocs\\apply like facebook\\pos6.12\\vendor\\laravel\\framework\\src\\Illuminate\\Foundation\\Http\\Middleware\\PreventRequestsDuringMaintenance.php(86): Illuminate\\Pipeline\\Pipeline->Illuminate\\Pipeline\\{closure}(Object(Illuminate\\Http\\Request))
#71 C:\\xampp\\htdocs\\apply like facebook\\pos6.12\\vendor\\laravel\\framework\\src\\Illuminate\\Pipeline\\Pipeline.php(180): Illuminate\\Foundation\\Http\\Middleware\\PreventRequestsDuringMaintenance->handle(Object(Illuminate\\Http\\Request), Object(Closure))
#72 C:\\xampp\\htdocs\\apply like facebook\\pos6.12\\vendor\\laravel\\framework\\src\\Illuminate\\Http\\Middleware\\HandleCors.php(49): Illuminate\\Pipeline\\Pipeline->Illuminate\\Pipeline\\{closure}(Object(Illuminate\\Http\\Request))
#73 C:\\xampp\\htdocs\\apply like facebook\\pos6.12\\vendor\\laravel\\framework\\src\\Illuminate\\Pipeline\\Pipeline.php(180): Illuminate\\Http\\Middleware\\HandleCors->handle(Object(Illuminate\\Http\\Request), Object(Closure))
#74 C:\\xampp\\htdocs\\apply like facebook\\pos6.12\\vendor\\laravel\\framework\\src\\Illuminate\\Http\\Middleware\\TrustProxies.php(39): Illuminate\\Pipeline\\Pipeline->Illuminate\\Pipeline\\{closure}(Object(Illuminate\\Http\\Request))
#75 C:\\xampp\\htdocs\\apply like facebook\\pos6.12\\vendor\\laravel\\framework\\src\\Illuminate\\Pipeline\\Pipeline.php(180): Illuminate\\Http\\Middleware\\TrustProxies->handle(Object(Illuminate\\Http\\Request), Object(Closure))
#76 C:\\xampp\\htdocs\\apply like facebook\\pos6.12\\vendor\\laravel\\framework\\src\\Illuminate\\Pipeline\\Pipeline.php(116): Illuminate\\Pipeline\\Pipeline->Illuminate\\Pipeline\\{closure}(Object(Illuminate\\Http\\Request))
#77 C:\\xampp\\htdocs\\apply like facebook\\pos6.12\\vendor\\laravel\\framework\\src\\Illuminate\\Foundation\\Http\\Kernel.php(165): Illuminate\\Pipeline\\Pipeline->then(Object(Closure))
#78 C:\\xampp\\htdocs\\apply like facebook\\pos6.12\\vendor\\laravel\\framework\\src\\Illuminate\\Foundation\\Http\\Kernel.php(134): Illuminate\\Foundation\\Http\\Kernel->sendRequestThroughRouter(Object(Illuminate\\Http\\Request))
#79 C:\\xampp\\htdocs\\apply like facebook\\pos6.12\\public\\index.php(56): Illuminate\\Foundation\\Http\\Kernel->handle(Object(Illuminate\\Http\\Request))
#80 C:\\xampp\\htdocs\\apply like facebook\\pos6.12\\vendor\\laravel\\framework\\src\\Illuminate\\Foundation\\resources\\server.php(16): require_once('C:\\\\xampp\\\\htdocs...')
#81 {main}
"} 
[2026-05-22 21:18:56] local.ERROR: SQLSTATE[HY000] [2002] No connection could be made because the target machine actively refused it (SQL: select `value`, `key` from `system` where `key` in (cleardatabydate_version, fixstockmismatch_version, importbackup_version, loanmanagement_version, localcashierreport_version, managelot_version, masterdata_version, mismatchfixer_version, repair_version, smartstockinventory_version, superadmin_version, userbackuprestore_version, warrantycardprint_version)) {"exception":"[object] (Illuminate\\Database\\QueryException(code: 2002): SQLSTATE[HY000] [2002] No connection could be made because the target machine actively refused it (SQL: select `value`, `key` from `system` where `key` in (cleardatabydate_version, fixstockmismatch_version, importbackup_version, loanmanagement_version, localcashierreport_version, managelot_version, masterdata_version, mismatchfixer_version, repair_version, smartstockinventory_version, superadmin_version, userbackuprestore_version, warrantycardprint_version)) at C:\\xampp\\htdocs\\apply like facebook\\pos6.12\\vendor\\laravel\\framework\\src\\Illuminate\\Database\\Connection.php:760)
[stacktrace]
#0 C:\\xampp\\htdocs\\apply like facebook\\pos6.12\\vendor\\laravel\\framework\\src\\Illuminate\\Database\\Connection.php(720): Illuminate\\Database\\Connection->runQueryCallback('select `value`,...', Array, Object(Closure))
#1 C:\\xampp\\htdocs\\apply like facebook\\pos6.12\\vendor\\laravel\\framework\\src\\Illuminate\\Database\\Connection.php(405): Illuminate\\Database\\Connection->run('select `value`,...', Array, Object(Closure))
#2 C:\\xampp\\htdocs\\apply like facebook\\pos6.12\\vendor\\laravel\\framework\\src\\Illuminate\\Database\\Query\\Builder.php(2705): Illuminate\\Database\\Connection->select('select `value`,...', Array, true)
#3 C:\\xampp\\htdocs\\apply like facebook\\pos6.12\\vendor\\laravel\\framework\\src\\Illuminate\\Database\\Query\\Builder.php(2920): Illuminate\\Database\\Query\\Builder->runSelect()
#4 C:\\xampp\\htdocs\\apply like facebook\\pos6.12\\vendor\\laravel\\framework\\src\\Illuminate\\Database\\Query\\Builder.php(3230): Illuminate\\Database\\Query\\Builder->Illuminate\\Database\\Query\\{closure}()
#5 C:\\xampp\\htdocs\\apply like facebook\\pos6.12\\vendor\\laravel\\framework\\src\\Illuminate\\Database\\Query\\Builder.php(2916): Illuminate\\Database\\Query\\Builder->onceWithColumns(Array, Object(Closure))
#6 C:\\xampp\\htdocs\\apply like facebook\\pos6.12\\vendor\\laravel\\framework\\src\\Illuminate\\Database\\Eloquent\\Builder.php(860): Illuminate\\Database\\Query\\Builder->pluck('value', 'key')
#7 C:\\xampp\\htdocs\\apply like facebook\\pos6.12\\app\\System.php(58): Illuminate\\Database\\Eloquent\\Builder->pluck('value', 'key')
#8 C:\\xampp\\htdocs\\apply like facebook\\pos6.12\\app\\Utils\\ModuleUtil.php(79): App\\System::getProperties(Array, true)
#9 C:\\xampp\\htdocs\\apply like facebook\\pos6.12\\app\\Providers\\ModuleAssetServiceProvider.php(54): App\\Utils\\ModuleUtil->getModuleData('getAssets')
#10 C:\\xampp\\htdocs\\apply like facebook\\pos6.12\\app\\Providers\\ModuleAssetServiceProvider.php(37): App\\Providers\\ModuleAssetServiceProvider->buildModuleAssets()
#11 C:\\xampp\\htdocs\\apply like facebook\\pos6.12\\app\\Providers\\ModuleAssetServiceProvider.php(25): App\\Providers\\ModuleAssetServiceProvider->getModuleAssets()
#12 C:\\xampp\\htdocs\\apply like facebook\\pos6.12\\vendor\\laravel\\framework\\src\\Illuminate\\View\\Concerns\\ManagesEvents.php(162): App\\Providers\\ModuleAssetServiceProvider->App\\Providers\\{closure}(Object(Illuminate\\View\\View))
#13 C:\\xampp\\htdocs\\apply like facebook\\pos6.12\\vendor\\laravel\\framework\\src\\Illuminate\\Events\\Dispatcher.php(418): Illuminate\\View\\Factory->Illuminate\\View\\Concerns\\{closure}('composing: auth...', Array)
#14 C:\\xampp\\htdocs\\apply like facebook\\pos6.12\\vendor\\laravel\\framework\\src\\Illuminate\\Events\\Dispatcher.php(249): Illuminate\\Events\\Dispatcher->Illuminate\\Events\\{closure}('composing: auth...', Array)
#15 C:\\xampp\\htdocs\\apply like facebook\\pos6.12\\vendor\\laravel\\framework\\src\\Illuminate\\View\\Concerns\\ManagesEvents.php(177): Illuminate\\Events\\Dispatcher->dispatch('composing: auth...', Array)
#16 C:\\xampp\\htdocs\\apply like facebook\\pos6.12\\vendor\\laravel\\framework\\src\\Illuminate\\View\\View.php(176): Illuminate\\View\\Factory->callComposer(Object(Illuminate\\View\\View))
#17 C:\\xampp\\htdocs\\apply like facebook\\pos6.12\\vendor\\laravel\\framework\\src\\Illuminate\\View\\View.php(147): Illuminate\\View\\View->renderContents()
#18 C:\\xampp\\htdocs\\apply like facebook\\pos6.12\\vendor\\laravel\\framework\\src\\Illuminate\\Http\\Response.php(69): Illuminate\\View\\View->render()
#19 C:\\xampp\\htdocs\\apply like facebook\\pos6.12\\vendor\\laravel\\framework\\src\\Illuminate\\Http\\Response.php(35): Illuminate\\Http\\Response->setContent(Object(Illuminate\\View\\View))
#20 C:\\xampp\\htdocs\\apply like facebook\\pos6.12\\vendor\\laravel\\framework\\src\\Illuminate\\Routing\\Router.php(906): Illuminate\\Http\\Response->__construct(Object(Illuminate\\View\\View), 200, Array)
#21 C:\\xampp\\htdocs\\apply like facebook\\pos6.12\\vendor\\laravel\\framework\\src\\Illuminate\\Routing\\Router.php(875): Illuminate\\Routing\\Router::toResponse(Object(Illuminate\\Http\\Request), Object(Illuminate\\View\\View))
#22 C:\\xampp\\htdocs\\apply like facebook\\pos6.12\\vendor\\laravel\\framework\\src\\Illuminate\\Routing\\Router.php(797): Illuminate\\Routing\\Router->prepareResponse(Object(Illuminate\\Http\\Request), Object(Illuminate\\View\\View))
#23 C:\\xampp\\htdocs\\apply like facebook\\pos6.12\\vendor\\laravel\\framework\\src\\Illuminate\\Pipeline\\Pipeline.php(141): Illuminate\\Routing\\Router->Illuminate\\Routing\\{closure}(Object(Illuminate\\Http\\Request))
#24 C:\\xampp\\htdocs\\apply like facebook\\pos6.12\\app\\Http\\Middleware\\RedirectIfAuthenticated.php(30): Illuminate\\Pipeline\\Pipeline->Illuminate\\Pipeline\\{closure}(Object(Illuminate\\Http\\Request))
#25 C:\\xampp\\htdocs\\apply like facebook\\pos6.12\\vendor\\laravel\\framework\\src\\Illuminate\\Pipeline\\Pipeline.php(180): App\\Http\\Middleware\\RedirectIfAuthenticated->handle(Object(Illuminate\\Http\\Request), Object(Closure))
#26 C:\\xampp\\htdocs\\apply like facebook\\pos6.12\\app\\Http\\Middleware\\IsInstalled.php(50): Illuminate\\Pipeline\\Pipeline->Illuminate\\Pipeline\\{closure}(Object(Illuminate\\Http\\Request))
#27 C:\\xampp\\htdocs\\apply like facebook\\pos6.12\\vendor\\laravel\\framework\\src\\Illuminate\\Pipeline\\Pipeline.php(180): App\\Http\\Middleware\\IsInstalled->handle(Object(Illuminate\\Http\\Request), Object(Closure))
#28 C:\\xampp\\htdocs\\apply like facebook\\pos6.12\\vendor\\barryvdh\\laravel-debugbar\\src\\Middleware\\InjectDebugbar.php(59): Illuminate\\Pipeline\\Pipeline->Illuminate\\Pipeline\\{closure}(Object(Illuminate\\Http\\Request))
#29 C:\\xampp\\htdocs\\apply like facebook\\pos6.12\\vendor\\laravel\\framework\\src\\Illuminate\\Pipeline\\Pipeline.php(180): Barryvdh\\Debugbar\\Middleware\\InjectDebugbar->handle(Object(Illuminate\\Http\\Request), Object(Closure))
#30 C:\\xampp\\htdocs\\apply like facebook\\pos6.12\\vendor\\laravel\\framework\\src\\Illuminate\\Routing\\Middleware\\SubstituteBindings.php(50): Illuminate\\Pipeline\\Pipeline->Illuminate\\Pipeline\\{closure}(Object(Illuminate\\Http\\Request))
#31 C:\\xampp\\htdocs\\apply like facebook\\pos6.12\\vendor\\laravel\\framework\\src\\Illuminate\\Pipeline\\Pipeline.php(180): Illuminate\\Routing\\Middleware\\SubstituteBindings->handle(Object(Illuminate\\Http\\Request), Object(Closure))
#32 C:\\xampp\\htdocs\\apply like facebook\\pos6.12\\vendor\\laravel\\framework\\src\\Illuminate\\Foundation\\Http\\Middleware\\VerifyCsrfToken.php(78): Illuminate\\Pipeline\\Pipeline->Illuminate\\Pipeline\\{closure}(Object(Illuminate\\Http\\Request))
#33 C:\\xampp\\htdocs\\apply like facebook\\pos6.12\\vendor\\laravel\\framework\\src\\Illuminate\\Pipeline\\Pipeline.php(180): Illuminate\\Foundation\\Http\\Middleware\\VerifyCsrfToken->handle(Object(Illuminate\\Http\\Request), Object(Closure))
#34 C:\\xampp\\htdocs\\apply like facebook\\pos6.12\\vendor\\laravel\\framework\\src\\Illuminate\\View\\Middleware\\ShareErrorsFromSession.php(49): Illuminate\\Pipeline\\Pipeline->Illuminate\\Pipeline\\{closure}(Object(Illuminate\\Http\\Request))
#35 C:\\xampp\\htdocs\\apply like facebook\\pos6.12\\vendor\\laravel\\framework\\src\\Illuminate\\Pipeline\\Pipeline.php(180): Illuminate\\View\\Middleware\\ShareErrorsFromSession->handle(Object(Illuminate\\Http\\Request), Object(Closure))
#36 C:\\xampp\\htdocs\\apply like facebook\\pos6.12\\vendor\\laravel\\framework\\src\\Illuminate\\Session\\Middleware\\StartSession.php(121): Illuminate\\Pipeline\\Pipeline->Illuminate\\Pipeline\\{closure}(Object(Illuminate\\Http\\Request))
#37 C:\\xampp\\htdocs\\apply like facebook\\pos6.12\\vendor\\laravel\\framework\\src\\Illuminate\\Session\\Middleware\\StartSession.php(64): Illuminate\\Session\\Middleware\\StartSession->handleStatefulRequest(Object(Illuminate\\Http\\Request), Object(Illuminate\\Session\\Store), Object(Closure))
#38 C:\\xampp\\htdocs\\apply like facebook\\pos6.12\\vendor\\laravel\\framework\\src\\Illuminate\\Pipeline\\Pipeline.php(180): Illuminate\\Session\\Middleware\\StartSession->handle(Object(Illuminate\\Http\\Request), Object(Closure))
#39 C:\\xampp\\htdocs\\apply like facebook\\pos6.12\\vendor\\laravel\\framework\\src\\Illuminate\\Cookie\\Middleware\\AddQueuedCookiesToResponse.php(37): Illuminate\\Pipeline\\Pipeline->Illuminate\\Pipeline\\{closure}(Object(Illuminate\\Http\\Request))
#40 C:\\xampp\\htdocs\\apply like facebook\\pos6.12\\vendor\\laravel\\framework\\src\\Illuminate\\Pipeline\\Pipeline.php(180): Illuminate\\Cookie\\Middleware\\AddQueuedCookiesToResponse->handle(Object(Illuminate\\Http\\Request), Object(Closure))
#41 C:\\xampp\\htdocs\\apply like facebook\\pos6.12\\vendor\\laravel\\framework\\src\\Illuminate\\Cookie\\Middleware\\EncryptCookies.php(67): Illuminate\\Pipeline\\Pipeline->Illuminate\\Pipeline\\{closure}(Object(Illuminate\\Http\\Request))
#42 C:\\xampp\\htdocs\\apply like facebook\\pos6.12\\vendor\\laravel\\framework\\src\\Illuminate\\Pipeline\\Pipeline.php(180): Illuminate\\Cookie\\Middleware\\EncryptCookies->handle(Object(Illuminate\\Http\\Request), Object(Closure))
#43 C:\\xampp\\htdocs\\apply like facebook\\pos6.12\\vendor\\laravel\\framework\\src\\Illuminate\\Pipeline\\Pipeline.php(116): Illuminate\\Pipeline\\Pipeline->Illuminate\\Pipeline\\{closure}(Object(Illuminate\\Http\\Request))
#44 C:\\xampp\\htdocs\\apply like facebook\\pos6.12\\vendor\\laravel\\framework\\src\\Illuminate\\Routing\\Router.php(797): Illuminate\\Pipeline\\Pipeline->then(Object(Closure))
#45 C:\\xampp\\htdocs\\apply like facebook\\pos6.12\\vendor\\laravel\\framework\\src\\Illuminate\\Routing\\Router.php(776): Illuminate\\Routing\\Router->runRouteWithinStack(Object(Illuminate\\Routing\\Route), Object(Illuminate\\Http\\Request))
#46 C:\\xampp\\htdocs\\apply like facebook\\pos6.12\\vendor\\laravel\\framework\\src\\Illuminate\\Routing\\Router.php(740): Illuminate\\Routing\\Router->runRoute(Object(Illuminate\\Http\\Request), Object(Illuminate\\Routing\\Route))
#47 C:\\xampp\\htdocs\\apply like facebook\\pos6.12\\vendor\\laravel\\framework\\src\\Illuminate\\Routing\\Router.php(729): Illuminate\\Routing\\Router->dispatchToRoute(Object(Illuminate\\Http\\Request))
#48 C:\\xampp\\htdocs\\apply like facebook\\pos6.12\\vendor\\laravel\\framework\\src\\Illuminate\\Foundation\\Http\\Kernel.php(190): Illuminate\\Routing\\Router->dispatch(Object(Illuminate\\Http\\Request))
#49 C:\\xampp\\htdocs\\apply like facebook\\pos6.12\\vendor\\laravel\\framework\\src\\Illuminate\\Pipeline\\Pipeline.php(141): Illuminate\\Foundation\\Http\\Kernel->Illuminate\\Foundation\\Http\\{closure}(Object(Illuminate\\Http\\Request))
#50 C:\\xampp\\htdocs\\apply like facebook\\pos6.12\\vendor\\barryvdh\\laravel-debugbar\\src\\Middleware\\InjectDebugbar.php(59): Illuminate\\Pipeline\\Pipeline->Illuminate\\Pipeline\\{closure}(Object(Illuminate\\Http\\Request))
#51 C:\\xampp\\htdocs\\apply like facebook\\pos6.12\\vendor\\laravel\\framework\\src\\Illuminate\\Pipeline\\Pipeline.php(180): Barryvdh\\Debugbar\\Middleware\\InjectDebugbar->handle(Object(Illuminate\\Http\\Request), Object(Closure))
#52 C:\\xampp\\htdocs\\apply like facebook\\pos6.12\\vendor\\laravel\\framework\\src\\Illuminate\\Foundation\\Http\\Middleware\\TransformsRequest.php(21): Illuminate\\Pipeline\\Pipeline->Illuminate\\Pipeline\\{closure}(Object(Illuminate\\Http\\Request))
#53 C:\\xampp\\htdocs\\apply like facebook\\pos6.12\\vendor\\laravel\\framework\\src\\Illuminate\\Foundation\\Http\\Middleware\\ConvertEmptyStringsToNull.php(31): Illuminate\\Foundation\\Http\\Middleware\\TransformsRequest->handle(Object(Illuminate\\Http\\Request), Object(Closure))
#54 C:\\xampp\\htdocs\\apply like facebook\\pos6.12\\vendor\\laravel\\framework\\src\\Illuminate\\Pipeline\\Pipeline.php(180): Illuminate\\Foundation\\Http\\Middleware\\ConvertEmptyStringsToNull->handle(Object(Illuminate\\Http\\Request), Object(Closure))
#55 C:\\xampp\\htdocs\\apply like facebook\\pos6.12\\vendor\\laravel\\framework\\src\\Illuminate\\Foundation\\Http\\Middleware\\TransformsRequest.php(21): Illuminate\\Pipeline\\Pipeline->Illuminate\\Pipeline\\{closure}(Object(Illuminate\\Http\\Request))
#56 C:\\xampp\\htdocs\\apply like facebook\\pos6.12\\vendor\\laravel\\framework\\src\\Illuminate\\Foundation\\Http\\Middleware\\TrimStrings.php(40): Illuminate\\Foundation\\Http\\Middleware\\TransformsRequest->handle(Object(Illuminate\\Http\\Request), Object(Closure))
#57 C:\\xampp\\htdocs\\apply like facebook\\pos6.12\\vendor\\laravel\\framework\\src\\Illuminate\\Pipeline\\Pipeline.php(180): Illuminate\\Foundation\\Http\\Middleware\\TrimStrings->handle(Object(Illuminate\\Http\\Request), Object(Closure))
#58 C:\\xampp\\htdocs\\apply like facebook\\pos6.12\\vendor\\laravel\\framework\\src\\Illuminate\\Foundation\\Http\\Middleware\\ValidatePostSize.php(27): Illuminate\\Pipeline\\Pipeline->Illuminate\\Pipeline\\{closure}(Object(Illuminate\\Http\\Request))
#59 C:\\xampp\\htdocs\\apply like facebook\\pos6.12\\vendor\\laravel\\framework\\src\\Illuminate\\Pipeline\\Pipeline.php(180): Illuminate\\Foundation\\Http\\Middleware\\ValidatePostSize->handle(Object(Illuminate\\Http\\Request), Object(Closure))
#60 C:\\xampp\\htdocs\\apply like facebook\\pos6.12\\vendor\\laravel\\framework\\src\\Illuminate\\Foundation\\Http\\Middleware\\PreventRequestsDuringMaintenance.php(86): Illuminate\\Pipeline\\Pipeline->Illuminate\\Pipeline\\{closure}(Object(Illuminate\\Http\\Request))
#61 C:\\xampp\\htdocs\\apply like facebook\\pos6.12\\vendor\\laravel\\framework\\src\\Illuminate\\Pipeline\\Pipeline.php(180): Illuminate\\Foundation\\Http\\Middleware\\PreventRequestsDuringMaintenance->handle(Object(Illuminate\\Http\\Request), Object(Closure))
#62 C:\\xampp\\htdocs\\apply like facebook\\pos6.12\\vendor\\laravel\\framework\\src\\Illuminate\\Http\\Middleware\\HandleCors.php(49): Illuminate\\Pipeline\\Pipeline->Illuminate\\Pipeline\\{closure}(Object(Illuminate\\Http\\Request))
#63 C:\\xampp\\htdocs\\apply like facebook\\pos6.12\\vendor\\laravel\\framework\\src\\Illuminate\\Pipeline\\Pipeline.php(180): Illuminate\\Http\\Middleware\\HandleCors->handle(Object(Illuminate\\Http\\Request), Object(Closure))
#64 C:\\xampp\\htdocs\\apply like facebook\\pos6.12\\vendor\\laravel\\framework\\src\\Illuminate\\Http\\Middleware\\TrustProxies.php(39): Illuminate\\Pipeline\\Pipeline->Illuminate\\Pipeline\\{closure}(Object(Illuminate\\Http\\Request))
#65 C:\\xampp\\htdocs\\apply like facebook\\pos6.12\\vendor\\laravel\\framework\\src\\Illuminate\\Pipeline\\Pipeline.php(180): Illuminate\\Http\\Middleware\\TrustProxies->handle(Object(Illuminate\\Http\\Request), Object(Closure))
#66 C:\\xampp\\htdocs\\apply like facebook\\pos6.12\\vendor\\laravel\\framework\\src\\Illuminate\\Pipeline\\Pipeline.php(116): Illuminate\\Pipeline\\Pipeline->Illuminate\\Pipeline\\{closure}(Object(Illuminate\\Http\\Request))
#67 C:\\xampp\\htdocs\\apply like facebook\\pos6.12\\vendor\\laravel\\framework\\src\\Illuminate\\Foundation\\Http\\Kernel.php(165): Illuminate\\Pipeline\\Pipeline->then(Object(Closure))
#68 C:\\xampp\\htdocs\\apply like facebook\\pos6.12\\vendor\\laravel\\framework\\src\\Illuminate\\Foundation\\Http\\Kernel.php(134): Illuminate\\Foundation\\Http\\Kernel->sendRequestThroughRouter(Object(Illuminate\\Http\\Request))
#69 C:\\xampp\\htdocs\\apply like facebook\\pos6.12\\public\\index.php(56): Illuminate\\Foundation\\Http\\Kernel->handle(Object(Illuminate\\Http\\Request))
#70 C:\\xampp\\htdocs\\apply like facebook\\pos6.12\\vendor\\laravel\\framework\\src\\Illuminate\\Foundation\\resources\\server.php(16): require_once('C:\\\\xampp\\\\htdocs...')
#71 {main}

[previous exception] [object] (PDOException(code: 2002): SQLSTATE[HY000] [2002] No connection could be made because the target machine actively refused it at C:\\xampp\\htdocs\\apply like facebook\\pos6.12\\vendor\\laravel\\framework\\src\\Illuminate\\Database\\Connectors\\Connector.php:70)
[stacktrace]
#0 C:\\xampp\\htdocs\\apply like facebook\\pos6.12\\vendor\\laravel\\framework\\src\\Illuminate\\Database\\Connectors\\Connector.php(70): PDO->__construct('mysql:host=127....', 'root', Object(SensitiveParameterValue), Array)
#1 C:\\xampp\\htdocs\\apply like facebook\\pos6.12\\vendor\\laravel\\framework\\src\\Illuminate\\Database\\Connectors\\Connector.php(45): Illuminate\\Database\\Connectors\\Connector->createPdoConnection('mysql:host=127....', 'root', '', Array)
#2 C:\\xampp\\htdocs\\apply like facebook\\pos6.12\\vendor\\laravel\\framework\\src\\Illuminate\\Database\\Connectors\\MySqlConnector.php(24): Illuminate\\Database\\Connectors\\Connector->createConnection('mysql:host=127....', Array, Array)
#3 C:\\xampp\\htdocs\\apply like facebook\\pos6.12\\vendor\\laravel\\framework\\src\\Illuminate\\Database\\Connectors\\ConnectionFactory.php(184): Illuminate\\Database\\Connectors\\MySqlConnector->connect(Array)
#4 [internal function]: Illuminate\\Database\\Connectors\\ConnectionFactory->Illuminate\\Database\\Connectors\\{closure}()
#5 C:\\xampp\\htdocs\\apply like facebook\\pos6.12\\vendor\\laravel\\framework\\src\\Illuminate\\Database\\Connection.php(1181): call_user_func(Object(Closure))
#6 C:\\xampp\\htdocs\\apply like facebook\\pos6.12\\vendor\\laravel\\framework\\src\\Illuminate\\Database\\Connection.php(1217): Illuminate\\Database\\Connection->getPdo()
#7 C:\\xampp\\htdocs\\apply like facebook\\pos6.12\\vendor\\laravel\\framework\\src\\Illuminate\\Database\\Connection.php(486): Illuminate\\Database\\Connection->getReadPdo()
#8 C:\\xampp\\htdocs\\apply like facebook\\pos6.12\\vendor\\laravel\\framework\\src\\Illuminate\\Database\\Connection.php(414): Illuminate\\Database\\Connection->getPdoForSelect(true)
#9 C:\\xampp\\htdocs\\apply like facebook\\pos6.12\\vendor\\laravel\\framework\\src\\Illuminate\\Database\\Connection.php(753): Illuminate\\Database\\Connection->Illuminate\\Database\\{closure}('select `value`,...', Array)
#10 C:\\xampp\\htdocs\\apply like facebook\\pos6.12\\vendor\\laravel\\framework\\src\\Illuminate\\Database\\Connection.php(720): Illuminate\\Database\\Connection->runQueryCallback('select `value`,...', Array, Object(Closure))
#11 C:\\xampp\\htdocs\\apply like facebook\\pos6.12\\vendor\\laravel\\framework\\src\\Illuminate\\Database\\Connection.php(405): Illuminate\\Database\\Connection->run('select `value`,...', Array, Object(Closure))
#12 C:\\xampp\\htdocs\\apply like facebook\\pos6.12\\vendor\\laravel\\framework\\src\\Illuminate\\Database\\Query\\Builder.php(2705): Illuminate\\Database\\Connection->select('select `value`,...', Array, true)
#13 C:\\xampp\\htdocs\\apply like facebook\\pos6.12\\vendor\\laravel\\framework\\src\\Illuminate\\Database\\Query\\Builder.php(2920): Illuminate\\Database\\Query\\Builder->runSelect()
#14 C:\\xampp\\htdocs\\apply like facebook\\pos6.12\\vendor\\laravel\\framework\\src\\Illuminate\\Database\\Query\\Builder.php(3230): Illuminate\\Database\\Query\\Builder->Illuminate\\Database\\Query\\{closure}()
#15 C:\\xampp\\htdocs\\apply like facebook\\pos6.12\\vendor\\laravel\\framework\\src\\Illuminate\\Database\\Query\\Builder.php(2916): Illuminate\\Database\\Query\\Builder->onceWithColumns(Array, Object(Closure))
#16 C:\\xampp\\htdocs\\apply like facebook\\pos6.12\\vendor\\laravel\\framework\\src\\Illuminate\\Database\\Eloquent\\Builder.php(860): Illuminate\\Database\\Query\\Builder->pluck('value', 'key')
#17 C:\\xampp\\htdocs\\apply like facebook\\pos6.12\\app\\System.php(58): Illuminate\\Database\\Eloquent\\Builder->pluck('value', 'key')
#18 C:\\xampp\\htdocs\\apply like facebook\\pos6.12\\app\\Utils\\ModuleUtil.php(79): App\\System::getProperties(Array, true)
#19 C:\\xampp\\htdocs\\apply like facebook\\pos6.12\\app\\Providers\\ModuleAssetServiceProvider.php(54): App\\Utils\\ModuleUtil->getModuleData('getAssets')
#20 C:\\xampp\\htdocs\\apply like facebook\\pos6.12\\app\\Providers\\ModuleAssetServiceProvider.php(37): App\\Providers\\ModuleAssetServiceProvider->buildModuleAssets()
#21 C:\\xampp\\htdocs\\apply like facebook\\pos6.12\\app\\Providers\\ModuleAssetServiceProvider.php(25): App\\Providers\\ModuleAssetServiceProvider->getModuleAssets()
#22 C:\\xampp\\htdocs\\apply like facebook\\pos6.12\\vendor\\laravel\\framework\\src\\Illuminate\\View\\Concerns\\ManagesEvents.php(162): App\\Providers\\ModuleAssetServiceProvider->App\\Providers\\{closure}(Object(Illuminate\\View\\View))
#23 C:\\xampp\\htdocs\\apply like facebook\\pos6.12\\vendor\\laravel\\framework\\src\\Illuminate\\Events\\Dispatcher.php(418): Illuminate\\View\\Factory->Illuminate\\View\\Concerns\\{closure}('composing: auth...', Array)
#24 C:\\xampp\\htdocs\\apply like facebook\\pos6.12\\vendor\\laravel\\framework\\src\\Illuminate\\Events\\Dispatcher.php(249): Illuminate\\Events\\Dispatcher->Illuminate\\Events\\{closure}('composing: auth...', Array)
#25 C:\\xampp\\htdocs\\apply like facebook\\pos6.12\\vendor\\laravel\\framework\\src\\Illuminate\\View\\Concerns\\ManagesEvents.php(177): Illuminate\\Events\\Dispatcher->dispatch('composing: auth...', Array)
#26 C:\\xampp\\htdocs\\apply like facebook\\pos6.12\\vendor\\laravel\\framework\\src\\Illuminate\\View\\View.php(176): Illuminate\\View\\Factory->callComposer(Object(Illuminate\\View\\View))
#27 C:\\xampp\\htdocs\\apply like facebook\\pos6.12\\vendor\\laravel\\framework\\src\\Illuminate\\View\\View.php(147): Illuminate\\View\\View->renderContents()
#28 C:\\xampp\\htdocs\\apply like facebook\\pos6.12\\vendor\\laravel\\framework\\src\\Illuminate\\Http\\Response.php(69): Illuminate\\View\\View->render()
#29 C:\\xampp\\htdocs\\apply like facebook\\pos6.12\\vendor\\laravel\\framework\\src\\Illuminate\\Http\\Response.php(35): Illuminate\\Http\\Response->setContent(Object(Illuminate\\View\\View))
#30 C:\\xampp\\htdocs\\apply like facebook\\pos6.12\\vendor\\laravel\\framework\\src\\Illuminate\\Routing\\Router.php(906): Illuminate\\Http\\Response->__construct(Object(Illuminate\\View\\View), 200, Array)
#31 C:\\xampp\\htdocs\\apply like facebook\\pos6.12\\vendor\\laravel\\framework\\src\\Illuminate\\Routing\\Router.php(875): Illuminate\\Routing\\Router::toResponse(Object(Illuminate\\Http\\Request), Object(Illuminate\\View\\View))
#32 C:\\xampp\\htdocs\\apply like facebook\\pos6.12\\vendor\\laravel\\framework\\src\\Illuminate\\Routing\\Router.php(797): Illuminate\\Routing\\Router->prepareResponse(Object(Illuminate\\Http\\Request), Object(Illuminate\\View\\View))
#33 C:\\xampp\\htdocs\\apply like facebook\\pos6.12\\vendor\\laravel\\framework\\src\\Illuminate\\Pipeline\\Pipeline.php(141): Illuminate\\Routing\\Router->Illuminate\\Routing\\{closure}(Object(Illuminate\\Http\\Request))
#34 C:\\xampp\\htdocs\\apply like facebook\\pos6.12\\app\\Http\\Middleware\\RedirectIfAuthenticated.php(30): Illuminate\\Pipeline\\Pipeline->Illuminate\\Pipeline\\{closure}(Object(Illuminate\\Http\\Request))
#35 C:\\xampp\\htdocs\\apply like facebook\\pos6.12\\vendor\\laravel\\framework\\src\\Illuminate\\Pipeline\\Pipeline.php(180): App\\Http\\Middleware\\RedirectIfAuthenticated->handle(Object(Illuminate\\Http\\Request), Object(Closure))
#36 C:\\xampp\\htdocs\\apply like facebook\\pos6.12\\app\\Http\\Middleware\\IsInstalled.php(50): Illuminate\\Pipeline\\Pipeline->Illuminate\\Pipeline\\{closure}(Object(Illuminate\\Http\\Request))
#37 C:\\xampp\\htdocs\\apply like facebook\\pos6.12\\vendor\\laravel\\framework\\src\\Illuminate\\Pipeline\\Pipeline.php(180): App\\Http\\Middleware\\IsInstalled->handle(Object(Illuminate\\Http\\Request), Object(Closure))
#38 C:\\xampp\\htdocs\\apply like facebook\\pos6.12\\vendor\\barryvdh\\laravel-debugbar\\src\\Middleware\\InjectDebugbar.php(59): Illuminate\\Pipeline\\Pipeline->Illuminate\\Pipeline\\{closure}(Object(Illuminate\\Http\\Request))
#39 C:\\xampp\\htdocs\\apply like facebook\\pos6.12\\vendor\\laravel\\framework\\src\\Illuminate\\Pipeline\\Pipeline.php(180): Barryvdh\\Debugbar\\Middleware\\InjectDebugbar->handle(Object(Illuminate\\Http\\Request), Object(Closure))
#40 C:\\xampp\\htdocs\\apply like facebook\\pos6.12\\vendor\\laravel\\framework\\src\\Illuminate\\Routing\\Middleware\\SubstituteBindings.php(50): Illuminate\\Pipeline\\Pipeline->Illuminate\\Pipeline\\{closure}(Object(Illuminate\\Http\\Request))
#41 C:\\xampp\\htdocs\\apply like facebook\\pos6.12\\vendor\\laravel\\framework\\src\\Illuminate\\Pipeline\\Pipeline.php(180): Illuminate\\Routing\\Middleware\\SubstituteBindings->handle(Object(Illuminate\\Http\\Request), Object(Closure))
#42 C:\\xampp\\htdocs\\apply like facebook\\pos6.12\\vendor\\laravel\\framework\\src\\Illuminate\\Foundation\\Http\\Middleware\\VerifyCsrfToken.php(78): Illuminate\\Pipeline\\Pipeline->Illuminate\\Pipeline\\{closure}(Object(Illuminate\\Http\\Request))
#43 C:\\xampp\\htdocs\\apply like facebook\\pos6.12\\vendor\\laravel\\framework\\src\\Illuminate\\Pipeline\\Pipeline.php(180): Illuminate\\Foundation\\Http\\Middleware\\VerifyCsrfToken->handle(Object(Illuminate\\Http\\Request), Object(Closure))
#44 C:\\xampp\\htdocs\\apply like facebook\\pos6.12\\vendor\\laravel\\framework\\src\\Illuminate\\View\\Middleware\\ShareErrorsFromSession.php(49): Illuminate\\Pipeline\\Pipeline->Illuminate\\Pipeline\\{closure}(Object(Illuminate\\Http\\Request))
#45 C:\\xampp\\htdocs\\apply like facebook\\pos6.12\\vendor\\laravel\\framework\\src\\Illuminate\\Pipeline\\Pipeline.php(180): Illuminate\\View\\Middleware\\ShareErrorsFromSession->handle(Object(Illuminate\\Http\\Request), Object(Closure))
#46 C:\\xampp\\htdocs\\apply like facebook\\pos6.12\\vendor\\laravel\\framework\\src\\Illuminate\\Session\\Middleware\\StartSession.php(121): Illuminate\\Pipeline\\Pipeline->Illuminate\\Pipeline\\{closure}(Object(Illuminate\\Http\\Request))
#47 C:\\xampp\\htdocs\\apply like facebook\\pos6.12\\vendor\\laravel\\framework\\src\\Illuminate\\Session\\Middleware\\StartSession.php(64): Illuminate\\Session\\Middleware\\StartSession->handleStatefulRequest(Object(Illuminate\\Http\\Request), Object(Illuminate\\Session\\Store), Object(Closure))
#48 C:\\xampp\\htdocs\\apply like facebook\\pos6.12\\vendor\\laravel\\framework\\src\\Illuminate\\Pipeline\\Pipeline.php(180): Illuminate\\Session\\Middleware\\StartSession->handle(Object(Illuminate\\Http\\Request), Object(Closure))
#49 C:\\xampp\\htdocs\\apply like facebook\\pos6.12\\vendor\\laravel\\framework\\src\\Illuminate\\Cookie\\Middleware\\AddQueuedCookiesToResponse.php(37): Illuminate\\Pipeline\\Pipeline->Illuminate\\Pipeline\\{closure}(Object(Illuminate\\Http\\Request))
#50 C:\\xampp\\htdocs\\apply like facebook\\pos6.12\\vendor\\laravel\\framework\\src\\Illuminate\\Pipeline\\Pipeline.php(180): Illuminate\\Cookie\\Middleware\\AddQueuedCookiesToResponse->handle(Object(Illuminate\\Http\\Request), Object(Closure))
#51 C:\\xampp\\htdocs\\apply like facebook\\pos6.12\\vendor\\laravel\\framework\\src\\Illuminate\\Cookie\\Middleware\\EncryptCookies.php(67): Illuminate\\Pipeline\\Pipeline->Illuminate\\Pipeline\\{closure}(Object(Illuminate\\Http\\Request))
#52 C:\\xampp\\htdocs\\apply like facebook\\pos6.12\\vendor\\laravel\\framework\\src\\Illuminate\\Pipeline\\Pipeline.php(180): Illuminate\\Cookie\\Middleware\\EncryptCookies->handle(Object(Illuminate\\Http\\Request), Object(Closure))
#53 C:\\xampp\\htdocs\\apply like facebook\\pos6.12\\vendor\\laravel\\framework\\src\\Illuminate\\Pipeline\\Pipeline.php(116): Illuminate\\Pipeline\\Pipeline->Illuminate\\Pipeline\\{closure}(Object(Illuminate\\Http\\Request))
#54 C:\\xampp\\htdocs\\apply like facebook\\pos6.12\\vendor\\laravel\\framework\\src\\Illuminate\\Routing\\Router.php(797): Illuminate\\Pipeline\\Pipeline->then(Object(Closure))
#55 C:\\xampp\\htdocs\\apply like facebook\\pos6.12\\vendor\\laravel\\framework\\src\\Illuminate\\Routing\\Router.php(776): Illuminate\\Routing\\Router->runRouteWithinStack(Object(Illuminate\\Routing\\Route), Object(Illuminate\\Http\\Request))
#56 C:\\xampp\\htdocs\\apply like facebook\\pos6.12\\vendor\\laravel\\framework\\src\\Illuminate\\Routing\\Router.php(740): Illuminate\\Routing\\Router->runRoute(Object(Illuminate\\Http\\Request), Object(Illuminate\\Routing\\Route))
#57 C:\\xampp\\htdocs\\apply like facebook\\pos6.12\\vendor\\laravel\\framework\\src\\Illuminate\\Routing\\Router.php(729): Illuminate\\Routing\\Router->dispatchToRoute(Object(Illuminate\\Http\\Request))
#58 C:\\xampp\\htdocs\\apply like facebook\\pos6.12\\vendor\\laravel\\framework\\src\\Illuminate\\Foundation\\Http\\Kernel.php(190): Illuminate\\Routing\\Router->dispatch(Object(Illuminate\\Http\\Request))
#59 C:\\xampp\\htdocs\\apply like facebook\\pos6.12\\vendor\\laravel\\framework\\src\\Illuminate\\Pipeline\\Pipeline.php(141): Illuminate\\Foundation\\Http\\Kernel->Illuminate\\Foundation\\Http\\{closure}(Object(Illuminate\\Http\\Request))
#60 C:\\xampp\\htdocs\\apply like facebook\\pos6.12\\vendor\\barryvdh\\laravel-debugbar\\src\\Middleware\\InjectDebugbar.php(59): Illuminate\\Pipeline\\Pipeline->Illuminate\\Pipeline\\{closure}(Object(Illuminate\\Http\\Request))
#61 C:\\xampp\\htdocs\\apply like facebook\\pos6.12\\vendor\\laravel\\framework\\src\\Illuminate\\Pipeline\\Pipeline.php(180): Barryvdh\\Debugbar\\Middleware\\InjectDebugbar->handle(Object(Illuminate\\Http\\Request), Object(Closure))
#62 C:\\xampp\\htdocs\\apply like facebook\\pos6.12\\vendor\\laravel\\framework\\src\\Illuminate\\Foundation\\Http\\Middleware\\TransformsRequest.php(21): Illuminate\\Pipeline\\Pipeline->Illuminate\\Pipeline\\{closure}(Object(Illuminate\\Http\\Request))
#63 C:\\xampp\\htdocs\\apply like facebook\\pos6.12\\vendor\\laravel\\framework\\src\\Illuminate\\Foundation\\Http\\Middleware\\ConvertEmptyStringsToNull.php(31): Illuminate\\Foundation\\Http\\Middleware\\TransformsRequest->handle(Object(Illuminate\\Http\\Request), Object(Closure))
#64 C:\\xampp\\htdocs\\apply like facebook\\pos6.12\\vendor\\laravel\\framework\\src\\Illuminate\\Pipeline\\Pipeline.php(180): Illuminate\\Foundation\\Http\\Middleware\\ConvertEmptyStringsToNull->handle(Object(Illuminate\\Http\\Request), Object(Closure))
#65 C:\\xampp\\htdocs\\apply like facebook\\pos6.12\\vendor\\laravel\\framework\\src\\Illuminate\\Foundation\\Http\\Middleware\\TransformsRequest.php(21): Illuminate\\Pipeline\\Pipeline->Illuminate\\Pipeline\\{closure}(Object(Illuminate\\Http\\Request))
#66 C:\\xampp\\htdocs\\apply like facebook\\pos6.12\\vendor\\laravel\\framework\\src\\Illuminate\\Foundation\\Http\\Middleware\\TrimStrings.php(40): Illuminate\\Foundation\\Http\\Middleware\\TransformsRequest->handle(Object(Illuminate\\Http\\Request), Object(Closure))
#67 C:\\xampp\\htdocs\\apply like facebook\\pos6.12\\vendor\\laravel\\framework\\src\\Illuminate\\Pipeline\\Pipeline.php(180): Illuminate\\Foundation\\Http\\Middleware\\TrimStrings->handle(Object(Illuminate\\Http\\Request), Object(Closure))
#68 C:\\xampp\\htdocs\\apply like facebook\\pos6.12\\vendor\\laravel\\framework\\src\\Illuminate\\Foundation\\Http\\Middleware\\ValidatePostSize.php(27): Illuminate\\Pipeline\\Pipeline->Illuminate\\Pipeline\\{closure}(Object(Illuminate\\Http\\Request))
#69 C:\\xampp\\htdocs\\apply like facebook\\pos6.12\\vendor\\laravel\\framework\\src\\Illuminate\\Pipeline\\Pipeline.php(180): Illuminate\\Foundation\\Http\\Middleware\\ValidatePostSize->handle(Object(Illuminate\\Http\\Request), Object(Closure))
#70 C:\\xampp\\htdocs\\apply like facebook\\pos6.12\\vendor\\laravel\\framework\\src\\Illuminate\\Foundation\\Http\\Middleware\\PreventRequestsDuringMaintenance.php(86): Illuminate\\Pipeline\\Pipeline->Illuminate\\Pipeline\\{closure}(Object(Illuminate\\Http\\Request))
#71 C:\\xampp\\htdocs\\apply like facebook\\pos6.12\\vendor\\laravel\\framework\\src\\Illuminate\\Pipeline\\Pipeline.php(180): Illuminate\\Foundation\\Http\\Middleware\\PreventRequestsDuringMaintenance->handle(Object(Illuminate\\Http\\Request), Object(Closure))
#72 C:\\xampp\\htdocs\\apply like facebook\\pos6.12\\vendor\\laravel\\framework\\src\\Illuminate\\Http\\Middleware\\HandleCors.php(49): Illuminate\\Pipeline\\Pipeline->Illuminate\\Pipeline\\{closure}(Object(Illuminate\\Http\\Request))
#73 C:\\xampp\\htdocs\\apply like facebook\\pos6.12\\vendor\\laravel\\framework\\src\\Illuminate\\Pipeline\\Pipeline.php(180): Illuminate\\Http\\Middleware\\HandleCors->handle(Object(Illuminate\\Http\\Request), Object(Closure))
#74 C:\\xampp\\htdocs\\apply like facebook\\pos6.12\\vendor\\laravel\\framework\\src\\Illuminate\\Http\\Middleware\\TrustProxies.php(39): Illuminate\\Pipeline\\Pipeline->Illuminate\\Pipeline\\{closure}(Object(Illuminate\\Http\\Request))
#75 C:\\xampp\\htdocs\\apply like facebook\\pos6.12\\vendor\\laravel\\framework\\src\\Illuminate\\Pipeline\\Pipeline.php(180): Illuminate\\Http\\Middleware\\TrustProxies->handle(Object(Illuminate\\Http\\Request), Object(Closure))
#76 C:\\xampp\\htdocs\\apply like facebook\\pos6.12\\vendor\\laravel\\framework\\src\\Illuminate\\Pipeline\\Pipeline.php(116): Illuminate\\Pipeline\\Pipeline->Illuminate\\Pipeline\\{closure}(Object(Illuminate\\Http\\Request))
#77 C:\\xampp\\htdocs\\apply like facebook\\pos6.12\\vendor\\laravel\\framework\\src\\Illuminate\\Foundation\\Http\\Kernel.php(165): Illuminate\\Pipeline\\Pipeline->then(Object(Closure))
#78 C:\\xampp\\htdocs\\apply like facebook\\pos6.12\\vendor\\laravel\\framework\\src\\Illuminate\\Foundation\\Http\\Kernel.php(134): Illuminate\\Foundation\\Http\\Kernel->sendRequestThroughRouter(Object(Illuminate\\Http\\Request))
#79 C:\\xampp\\htdocs\\apply like facebook\\pos6.12\\public\\index.php(56): Illuminate\\Foundation\\Http\\Kernel->handle(Object(Illuminate\\Http\\Request))
#80 C:\\xampp\\htdocs\\apply like facebook\\pos6.12\\vendor\\laravel\\framework\\src\\Illuminate\\Foundation\\resources\\server.php(16): require_once('C:\\\\xampp\\\\htdocs...')
#81 {main}
"} 
